100.001.001;;Açýlýþ hareketi;          -71893133,37180;           -2840710,91247;          -71893133,37180;                  0,00000;                  0,00000;                  0,00000;                  0,00000;
100.001.001;AKARYAKIT ÝSTASYONU;Açýlýþ hareketi;          102184499,12000;            4451679,02000;          102184499,12000;                  0,00000;                  0,00000;                  0,00000;                  0,00000;
100.001.001;ERZURUM AVM;Açýlýþ hareketi;            2268561,15000;             107631,56000;            2268561,15000;                  0,00000;                  0,00000;                  0,00000;                  0,00000;
100.001.001;ERZURUM OTOGAR;Açýlýþ hareketi;              -6268,22500;               7044,36028;              -6268,22500;                  0,00000;                  0,00000;                  0,00000;                  0,00000;
100.001.001;GES PROJESÝ ERZURUM;Açýlýþ hareketi;              -2265,36000;                -72,42000;              -2265,36000;                  0,00000;                  0,00000;                  0,00000;                  0,00000;
100.001.001;GES PROJESÝ SORGUN;Açýlýþ hareketi;              -8524,54000;               -517,72000;              -8524,54000;                  0,00000;                  0,00000;                  0,00000;                  0,00000;
100.001.001;YOLCU TAÞIMACILIÐI;Açýlýþ hareketi;          -32202056,81000;           -1416439,80563;          -32202056,81000;                  0,00000;                  0,00000;                  0,00000;                  0,00000;
100.001.002;YOLCU TAÞIMACILIÐI;Açýlýþ hareketi;             348800,00000;              12087,90000;             348800,00000;                  0,00000;                  0,00000;                  0,00000;                  0,00000;
100.050.001;;Açýlýþ hareketi;           -1629157,65000;             -64436,90295;           -1629157,65000;                  0,00000;                  0,00000;                  0,00000;                  0,00000;
100.050.001;ERZURUM AVM;Açýlýþ hareketi;               -850,00000;                -51,02000;               -850,00000;                  0,00000;                  0,00000;                  0,00000;                  0,00000;
100.050.001;ERZURUM OTOGAR;Açýlýþ hareketi;            1630007,65000;              94894,98631;            1630007,65000;                  0,00000;                  0,00000;                  0,00000;                  0,00000;
100.100.001;;Açýlýþ hareketi;            -164971,02000;              -5217,13362;            -164971,02000;                  0,00000;                  0,00000;                  0,00000;                  0,00000;
100.100.001;ERZURUM AVM;Açýlýþ hareketi;             166331,13000;              14007,90451;             237325,62552;                  0,00000;                  0,00000;                  0,00000;                  0,00000;
100.100.001;GES PROJESÝ ERZURUM;Açýlýþ hareketi;              -1360,11000;               -147,85000;              -1360,11000;                  0,00000;                  0,00000;                  0,00000;                  0,00000;
101.001.001;;Açýlýþ hareketi;            4150479,41000;             125566,69880;            4150479,41000;                  0,00000;                  0,00000;                  0,00000;                  0,00000;
101.001.001;ERZURUM AVM;Açýlýþ hareketi;           78458194,20000;            2384790,67000;           78458194,20000;                  0,00000;                  0,00000;                  0,00000;                  0,00000;
101.001.001;YOLCU TAÞIMACILIÐI;Açýlýþ hareketi;           -6968460,00000;            -185322,75121;           -6968460,00000;                  0,00000;                  0,00000;                  0,00000;                  0,00000;
101.100.001;ERZURUM AVM;Açýlýþ hareketi;              57520,00000;               8776,42697;              57520,00000;                  0,00000;                  0,00000;                  0,00000;                  0,00000;
101.100.007;;Açýlýþ hareketi;             -42112,00000;              -1563,62000;             -42112,00000;                  0,00000;                  0,00000;                  0,00000;                  0,00000;
101.100.007;ERZURUM AVM;Açýlýþ hareketi;             445000,00000;              21417,63071;             445000,00000;                  0,00000;                  0,00000;                  0,00000;                  0,00000;
102.001.001;;Açýlýþ hareketi;              -2801,03000;              -2601,91551;              -2801,03000;                  0,00000;                  0,00000;                  0,00000;                  0,00000;
102.001.001;ERZURUM AVM;Açýlýþ hareketi;               1310,00000;                 67,55000;               1310,00000;                  0,00000;                  0,00000;                  0,00000;                  0,00000;
102.001.001;YOLCU TAÞIMACILIÐI;Açýlýþ hareketi;               1491,03000;               2557,51543;               1491,03000;                  0,00000;                  0,00000;                  0,00000;                  0,00000;
102.001.003;;Açýlýþ hareketi;            -378444,25000;             -26261,89592;            -378444,25000;                  0,00000;                  0,00000;                  0,00000;                  0,00000;
102.001.003;YOLCU TAÞIMACILIÐI;Açýlýþ hareketi;             378444,25000;              26295,40393;             378444,25000;                  0,00000;                  0,00000;                  0,00000;                  0,00000;
102.001.004;ERZURUM AVM;Açýlýþ hareketi;            6813739,35000;             443491,81000;            6813739,35000;                  0,00000;                  0,00000;                  0,00000;                  0,00000;
102.001.004;YOLCU TAÞIMACILIÐI;Açýlýþ hareketi;           -6813739,35000;            -248888,26000;           -6813739,35000;                  0,00000;                  0,00000;                  0,00000;                  0,00000;
102.001.006;;Açýlýþ hareketi;           13538872,85000;             575099,09563;           13538872,85000;                  0,00000;                  0,00000;                  0,00000;                  0,00000;
102.001.006;AKARYAKIT ÝSTASYONU;Açýlýþ hareketi;          -12909101,86000;            -391382,93000;          -12909101,86000;                  0,00000;                  0,00000;                  0,00000;                  0,00000;
102.001.006;YOLCU TAÞIMACILIÐI;Açýlýþ hareketi;            -628996,49000;            -183528,26184;            -628996,49000;                  0,00000;                  0,00000;                  0,00000;                  0,00000;
102.001.007;;Açýlýþ hareketi;            1606250,68000;              10158,47536;            1606250,68000;                  0,00000;                  0,00000;                  0,00000;                  0,00000;
102.001.007;AKARYAKIT ÝSTASYONU;Açýlýþ hareketi;           -2848526,30000;            -116744,94000;           -2848526,30000;                  0,00000;                  0,00000;                  0,00000;                  0,00000;
102.001.007;ERZURUM AVM;Açýlýþ hareketi;             -87400,00000;              -6074,79000;             -87400,00000;                  0,00000;                  0,00000;                  0,00000;                  0,00000;
102.001.007;ERZURUM OTOGAR;Açýlýþ hareketi;             300000,00000;              17353,08000;             300000,00000;                  0,00000;                  0,00000;                  0,00000;                  0,00000;
102.001.007;YOLCU TAÞIMACILIÐI;Açýlýþ hareketi;            1029807,12000;              95104,78000;            1029807,12000;                  0,00000;                  0,00000;                  0,00000;                  0,00000;
102.001.020;;Açýlýþ hareketi;             -22887,50000;               -777,47620;               -702,63309;                  0,00000;                  0,00000;                  0,00000;                  0,00000;
102.001.020;YOLCU TAÞIMACILIÐI;Açýlýþ hareketi;              22887,50000;               1717,12056;              22887,50000;                  0,00000;                  0,00000;                  0,00000;                  0,00000;
102.001.021;;Açýlýþ hareketi;             -32839,13000;              -1080,82481;             -32839,13000;                  0,00000;                  0,00000;                  0,00000;                  0,00000;
102.001.021;YOLCU TAÞIMACILIÐI;Açýlýþ hareketi;              87220,99000;               4112,52546;              87220,99000;                  0,00000;                  0,00000;                  0,00000;                  0,00000;
102.001.022;;Açýlýþ hareketi;             -77905,44000;              -2561,96663;             -77905,44000;                  0,00000;                  0,00000;                  0,00000;                  0,00000;
102.001.022;YOLCU TAÞIMACILIÐI;Açýlýþ hareketi;             238015,81000;              10788,50633;             238015,81000;                  0,00000;                  0,00000;                  0,00000;                  0,00000;
102.001.023;;Açýlýþ hareketi;          -10966867,12000;            -583010,15609;          -10966867,12000;                  0,00000;                  0,00000;                  0,00000;                  0,00000;
102.001.023;ERZURUM AVM;Açýlýþ hareketi;           10966867,12000;             582065,60000;           10966867,12000;                  0,00000;                  0,00000;                  0,00000;                  0,00000;
102.001.024;;Açýlýþ hareketi;            8959169,26000;             453463,82000;            8959169,26000;                  0,00000;                  0,00000;                  0,00000;                  0,00000;
102.001.024;ERZURUM AVM;Açýlýþ hareketi;           -3751193,04000;            -158492,49000;           -3751193,04000;                  0,00000;                  0,00000;                  0,00000;                  0,00000;
102.001.024;ERZURUM OTOGAR;Açýlýþ hareketi;           -2318077,08000;            -120603,79000;           -2318077,08000;                  0,00000;                  0,00000;                  0,00000;                  0,00000;
102.001.024;YOLCU TAÞIMACILIÐI;Açýlýþ hareketi;           -2889899,14000;            -154554,11134;           -2889899,14000;                  0,00000;                  0,00000;                  0,00000;                  0,00000;
102.001.025;;Açýlýþ hareketi;           -3700000,00000;            -249983,08000;           -3700000,00000;                  0,00000;                  0,00000;                  0,00000;                  0,00000;
102.001.025;ERZURUM AVM;Açýlýþ hareketi;            3450000,00000;             236494,06000;            3450000,00000;                  0,00000;                  0,00000;                  0,00000;                  0,00000;
102.001.025;ERZURUM OTOGAR;Açýlýþ hareketi;            1330000,00000;              73750,44000;            1330000,00000;                  0,00000;                  0,00000;                  0,00000;                  0,00000;
102.001.025;YOLCU TAÞIMACILIÐI;Açýlýþ hareketi;           -1080000,00000;             -57759,26154;           -1080000,00000;                  0,00000;                  0,00000;                  0,00000;                  0,00000;
102.001.026;;Açýlýþ hareketi;           29531268,33000;            1541161,90722;           29531268,33000;                  0,00000;                  0,00000;                  0,00000;                  0,00000;
102.001.026;ERZURUM AVM;Açýlýþ hareketi;          -33532309,43000;           -1729243,90000;          -33532309,43000;                  0,00000;                  0,00000;                  0,00000;                  0,00000;
102.001.026;YOLCU TAÞIMACILIÐI;Açýlýþ hareketi;            4001041,10000;             153035,09000;            4001041,10000;                  0,00000;                  0,00000;                  0,00000;                  0,00000;
102.001.027;;Açýlýþ hareketi;            5787137,85000;             175456,60271;            5787137,85000;                  0,00000;                  0,00000;                  0,00000;                  0,00000;
102.001.027;AKARYAKIT ÝSTASYONU;Açýlýþ hareketi;           -5729562,54000;            -173711,03000;           -5729562,54000;                  0,00000;                  0,00000;                  0,00000;                  0,00000;
102.001.027;YOLCU TAÞIMACILIÐI;Açýlýþ hareketi;              42424,69000;               1286,24000;              42424,69000;                  0,00000;                  0,00000;                  0,00000;                  0,00000;
102.001.029;;Açýlýþ hareketi;             529463,78000;              16476,79802;             529463,78000;                  0,00000;                  0,00000;                  0,00000;                  0,00000;
102.001.029;YOLCU TAÞIMACILIÐI;Açýlýþ hareketi;            -529463,78000;              -1397,08000;              -1397,08630;                  0,00000;                  0,00000;                  0,00000;                  0,00000;
102.001.030;;Açýlýþ hareketi;            1699932,77000;              58088,16000;            1699932,77000;                  0,00000;                  0,00000;                  0,00000;                  0,00000;
102.001.030;YOLCU TAÞIMACILIÐI;Açýlýþ hareketi;           -1699932,77000;             -58047,33000;           -1699932,77000;                  0,00000;                  0,00000;                  0,00000;                  0,00000;
102.001.031;;Açýlýþ hareketi;           -1199800,00000;             -36375,98000;           -1199800,00000;                  0,00000;                  0,00000;                  0,00000;                  0,00000;
102.001.031;AKARYAKIT ÝSTASYONU;Açýlýþ hareketi;            1954784,00000;              59265,87000;            1954784,00000;                  0,00000;                  0,00000;                  0,00000;                  0,00000;
102.001.031;ERZURUM AVM;Açýlýþ hareketi;             -77665,09000;              -2417,86000;             -77665,09000;                  0,00000;                  0,00000;                  0,00000;                  0,00000;
102.001.031;YOLCU TAÞIMACILIÐI;Açýlýþ hareketi;            -607254,17000;             -18342,00000;            -607254,17000;                  0,00000;                  0,00000;                  0,00000;                  0,00000;
102.001.032;;Açýlýþ hareketi;           -3717137,85000;            -112697,57271;           -3717137,85000;                  0,00000;                  0,00000;                  0,00000;                  0,00000;
102.001.032;YOLCU TAÞIMACILIÐI;Açýlýþ hareketi;            3717137,85000;             112697,57000;            3717137,85000;                  0,00000;                  0,00000;                  0,00000;                  0,00000;
102.004.001;;Açýlýþ hareketi;            7352672,60000;             108745,69725;            7352672,60000;                  0,00000;                  0,00000;                  0,00000;                  0,00000;
102.004.001;AKARYAKIT ÝSTASYONU;Açýlýþ hareketi;           22557284,72000;             683549,52000;           22557284,72000;                  0,00000;                  0,00000;                  0,00000;                  0,00000;
102.004.001;ERZURUM AVM;Açýlýþ hareketi;         -219342104,14000;           -7016634,45000;         -219342104,14000;                  0,00000;                  0,00000;                  0,00000;                  0,00000;
102.004.001;ERZURUM OTOGAR;Açýlýþ hareketi;           -2799408,12000;            -133047,31000;           -2799408,12000;                  0,00000;                  0,00000;                  0,00000;                  0,00000;
102.004.001;GES PROJESÝ SORGUN;Açýlýþ hareketi;            -179250,58000;              -6829,01000;            -179250,58000;                  0,00000;                  0,00000;                  0,00000;                  0,00000;
102.004.001;TEKSTÝL GRUBU;Açýlýþ hareketi;            -109500,00000;              -7196,68000;            -109500,00000;                  0,00000;                  0,00000;                  0,00000;                  0,00000;
102.004.001;YOLCU TAÞIMACILIÐI;Açýlýþ hareketi;          192520305,52000;            5761457,83000;          192520305,52000;                  0,00000;                  0,00000;                  0,00000;                  0,00000;
102.004.002;;Açýlýþ hareketi;          -33917448,79000;           -1071568,88412;          -33917448,79000;                  0,00000;                  0,00000;                  0,00000;                  0,00000;
102.004.002;AKARYAKIT ÝSTASYONU;Açýlýþ hareketi;           -3959607,86000;            -127436,58000;           -3959607,86000;                  0,00000;                  0,00000;                  0,00000;                  0,00000;
102.004.002;ERZURUM AVM;Açýlýþ hareketi;             129666,72000;               7954,51000;             129666,72000;                  0,00000;                  0,00000;                  0,00000;                  0,00000;
102.004.002;ERZURUM OTOGAR;Açýlýþ hareketi;              -2223,63000;               -128,18000;              -2223,63000;                  0,00000;                  0,00000;                  0,00000;                  0,00000;
102.004.002;GES PROJESÝ SORGUN;Açýlýþ hareketi;             954523,94000;              51376,68000;             954523,94000;                  0,00000;                  0,00000;                  0,00000;                  0,00000;
102.004.002;YOLCU TAÞIMACILIÐI;Açýlýþ hareketi;           36796362,83000;            1180476,87615;           36796362,83000;                  0,00000;                  0,00000;                  0,00000;                  0,00000;
102.004.003;;Açýlýþ hareketi;             178199,46000;              10569,39551;             178199,46000;                  0,00000;                  0,00000;                  0,00000;                  0,00000;
102.004.003;AKARYAKIT ÝSTASYONU;Açýlýþ hareketi;           -1691264,86000;             -51276,39000;           -1691264,86000;                  0,00000;                  0,00000;                  0,00000;                  0,00000;
102.004.003;YOLCU TAÞIMACILIÐI;Açýlýþ hareketi;            1513285,66000;              40919,51673;            1513285,66000;                  0,00000;                  0,00000;                  0,00000;                  0,00000;
102.004.004;;Açýlýþ hareketi;             -90839,02000;              -4365,16887;             -90839,02000;                  0,00000;                  0,00000;                  0,00000;                  0,00000;
102.004.004;AKARYAKIT ÝSTASYONU;Açýlýþ hareketi;            -233938,78000;              -7092,65000;            -233938,78000;                  0,00000;                  0,00000;                  0,00000;                  0,00000;
102.004.004;YOLCU TAÞIMACILIÐI;Açýlýþ hareketi;             325940,52000;              11566,24235;             325940,52000;                  0,00000;                  0,00000;                  0,00000;                  0,00000;
102.004.005;AKARYAKIT ÝSTASYONU;Açýlýþ hareketi;            1123883,00000;              34074,31000;            1123883,00000;                  0,00000;                  0,00000;                  0,00000;                  0,00000;
102.004.005;YOLCU TAÞIMACILIÐI;Açýlýþ hareketi;           -1123782,94000;             -34071,30000;           -1123782,94000;                  0,00000;                  0,00000;                  0,00000;                  0,00000;
102.004.007;;Açýlýþ hareketi;          -21420537,34000;            -789608,98174;            -603085,39493;                  0,00000;                  0,00000;                  0,00000;                  0,00000;
102.004.007;ERZURUM AVM;Açýlýþ hareketi;           -3626656,03000;            -198066,79000;            -198066,78053;                  0,00000;                  0,00000;                  0,00000;                  0,00000;
102.004.007;YOLCU TAÞIMACILIÐI;Açýlýþ hareketi;           25047194,33000;            1004138,66676;           28467406,50036;                  0,00000;                  0,00000;                  0,00000;                  0,00000;
102.004.008;;Açýlýþ hareketi;            2555578,50000;             136674,37682;            2555578,50000;                  0,00000;                  0,00000;                  0,00000;                  0,00000;
102.004.008;YOLCU TAÞIMACILIÐI;Açýlýþ hareketi;           -2555578,50000;            -159985,90000;            -159017,06567;                  0,00000;                  0,00000;                  0,00000;                  0,00000;
102.004.009;;Açýlýþ hareketi;             168936,90000;               8470,15727;             168936,90000;                  0,00000;                  0,00000;                  0,00000;                  0,00000;
102.004.009;YOLCU TAÞIMACILIÐI;Açýlýþ hareketi;            -168936,90000;              -4969,69000;            -169086,23193;                  0,00000;                  0,00000;                  0,00000;                  0,00000;
102.004.010;AKARYAKIT ÝSTASYONU;Açýlýþ hareketi;              -8104,17000;               -245,71000;              -8104,17000;                  0,00000;                  0,00000;                  0,00000;                  0,00000;
102.004.010;YOLCU TAÞIMACILIÐI;Açýlýþ hareketi;               8104,17000;                245,70000;               8104,17000;                  0,00000;                  0,00000;                  0,00000;                  0,00000;
102.004.012;;Açýlýþ hareketi;             242074,00000;               7339,29000;             242074,00000;                  0,00000;                  0,00000;                  0,00000;                  0,00000;
102.004.012;AKARYAKIT ÝSTASYONU;Açýlýþ hareketi;            1420933,42000;              43080,40000;            1420933,42000;                  0,00000;                  0,00000;                  0,00000;                  0,00000;
102.004.012;YOLCU TAÞIMACILIÐI;Açýlýþ hareketi;           -1662999,00000;             -50419,42000;           -1662999,00000;                  0,00000;                  0,00000;                  0,00000;                  0,00000;
102.007.001;;Açýlýþ hareketi;            -507593,91000;             -17654,79697;            -507593,91000;                  0,00000;                  0,00000;                  0,00000;                  0,00000;
102.007.001;ERZURUM AVM;Açýlýþ hareketi;             507593,91000;              24548,83000;             507593,91000;                  0,00000;                  0,00000;                  0,00000;                  0,00000;
102.050.001;AKARYAKIT ÝSTASYONU;Açýlýþ hareketi;           -1685000,00000;             -51086,46000;           -1685000,00000;                  0,00000;                  0,00000;                  0,00000;                  0,00000;
102.050.001;ERZURUM AVM;Açýlýþ hareketi;           -3669502,62000;            -195637,41000;           -3669502,62000;                  0,00000;                  0,00000;                  0,00000;                  0,00000;
102.050.001;ERZURUM OTOGAR;Açýlýþ hareketi;            6079873,32000;             296240,94219;            6079873,32000;                  0,00000;                  0,00000;                  0,00000;                  0,00000;
102.050.001;YOLCU TAÞIMACILIÐI;Açýlýþ hareketi;            -725370,70000;             -43813,42052;            -725370,70000;                  0,00000;                  0,00000;                  0,00000;                  0,00000;
102.100.001;;Açýlýþ hareketi;            4988717,41000;             288722,04605;            4988717,41000;                  0,00000;                  0,00000;                  0,00000;                  0,00000;
102.100.001;ERZURUM AVM;Açýlýþ hareketi;            9231200,24000;             147199,24780;            9231200,24000;                  0,00000;                  0,00000;                  0,00000;                  0,00000;
102.100.001;ERZURUM OTOGAR;Açýlýþ hareketi;            2178233,31000;             144413,51000;            2178233,31000;                  0,00000;                  0,00000;                  0,00000;                  0,00000;
102.100.001;YOLCU TAÞIMACILIÐI;Açýlýþ hareketi;          -16361933,18000;            -838279,33077;          -16361933,18000;                  0,00000;                  0,00000;                  0,00000;                  0,00000;
102.100.002;;Açýlýþ hareketi;          -24656367,73820;           -1402647,82394;             -57145,03700;                  0,00000;                  0,00000;                  0,00000;                  0,00000;
102.100.002;ERZURUM AVM;Açýlýþ hareketi;           10327751,69000;             654968,78863;            6290125,09888;                  0,00000;                  0,00000;                  0,00000;                  0,00000;
102.100.002;YOLCU TAÞIMACILIÐI;Açýlýþ hareketi;           14328803,68000;             820791,89000;           11191524,01602;                  0,00000;                  0,00000;                  0,00000;                  0,00000;
102.100.003;;Açýlýþ hareketi;           -4084416,09000;            -235863,86000;            -829606,86231;                  0,00000;                  0,00000;                  0,00000;                  0,00000;
102.100.003;ERZURUM AVM;Açýlýþ hareketi;           10829351,58000;             604878,22845;            1707664,53979;                  0,00000;                  0,00000;                  0,00000;                  0,00000;
102.100.003;YOLCU TAÞIMACILIÐI;Açýlýþ hareketi;           -6734872,45000;            -367988,11000;            -277168,14195;                  0,00000;                  0,00000;                  0,00000;                  0,00000;
102.100.005;;Açýlýþ hareketi;             465250,00000;              25000,00000;              25000,00000;                  0,00000;                  0,00000;                  0,00000;                  0,00000;
102.100.005;YOLCU TAÞIMACILIÐI;Açýlýþ hareketi;            -465250,00000;             -24987,38000;             -25000,00000;                  0,00000;                  0,00000;                  0,00000;                  0,00000;
102.100.007;;Açýlýþ hareketi;           10219570,92000;             538224,44719;           10219570,92000;                  0,00000;                  0,00000;                  0,00000;                  0,00000;
102.100.007;ERZURUM AVM;Açýlýþ hareketi;          -10219570,92000;            -533995,56000;          -10219570,92000;                  0,00000;                  0,00000;                  0,00000;                  0,00000;
102.100.009;;Açýlýþ hareketi;             600000,00000;              31076,81152;             600000,00000;                  0,00000;                  0,00000;                  0,00000;                  0,00000;
102.100.009;ERZURUM AVM;Açýlýþ hareketi;            -600000,00000;             -31076,81000;            -600000,00000;                  0,00000;                  0,00000;                  0,00000;                  0,00000;
102.100.010;;Açýlýþ hareketi;              51538,00000;               1750,71845;              51538,00000;                  0,00000;                  0,00000;                  0,00000;                  0,00000;
102.100.010;YOLCU TAÞIMACILIÐI;Açýlýþ hareketi;             -51538,00000;              -7377,71000;             -51538,00000;                  0,00000;                  0,00000;                  0,00000;                  0,00000;
102.101.001;ERZURUM AVM;Açýlýþ hareketi;                 86,21000;                  6,46785;                 86,21000;                  0,00000;                  0,00000;                  0,00000;                  0,00000;
102.101.002;ERZURUM AVM;Açýlýþ hareketi;                  5,71000;                  0,42839;                  5,71000;                  0,00000;                  0,00000;                  0,00000;                  0,00000;
103.001.001;;Açýlýþ hareketi;           86662233,00000;            2545863,51986;           86662233,00000;                  0,00000;                  0,00000;                  0,00000;                  0,00000;
103.001.001;AKARYAKIT ÝSTASYONU;Açýlýþ hareketi;           50882232,14000;            1542666,53000;           50882232,14000;                  0,00000;                  0,00000;                  0,00000;                  0,00000;
103.001.001;ERZURUM AVM;Açýlýþ hareketi;         -480011571,19000;          -15050417,48000;         -480011571,19000;                  0,00000;                  0,00000;                  0,00000;                  0,00000;
103.001.001;ERZURUM OTOGAR;Açýlýþ hareketi;           -2100000,00000;            -104184,07000;           -2100000,00000;                  0,00000;                  0,00000;                  0,00000;                  0,00000;
103.001.001;GES PROJESÝ SORGUN;Açýlýþ hareketi;            -147000,00000;              -7566,87000;            -147000,00000;                  0,00000;                  0,00000;                  0,00000;                  0,00000;
103.001.001;YOLCU TAÞIMACILIÐI;Açýlýþ hareketi;          333437106,05000;           10338905,50000;          333437106,05000;                  0,00000;                  0,00000;                  0,00000;                  0,00000;
103.001.002;;Açýlýþ hareketi;           -2683031,00000;            -148745,53420;           -1318824,82580;                  0,00000;                  0,00000;                  0,00000;                  0,00000;
103.001.002;YOLCU TAÞIMACILIÐI;Açýlýþ hareketi;            2683031,00000;             170000,00000;             170000,00000;                  0,00000;                  0,00000;                  0,00000;                  0,00000;
103.001.003;;Açýlýþ hareketi;            -407715,00000;             -27507,24000;            -407715,00000;                  0,00000;                  0,00000;                  0,00000;                  0,00000;
103.100.001;;Açýlýþ hareketi;          -88390000,00000;           -2679841,01000;          -88390000,00000;                  0,00000;                  0,00000;                  0,00000;                  0,00000;
103.100.001;YOLCU TAÞIMACILIÐI;Açýlýþ hareketi;           88390000,00000;            2679841,01000;           88390000,00000;                  0,00000;                  0,00000;                  0,00000;                  0,00000;
108.001.007;;Açýlýþ hareketi;           -9208324,84000;            -271474,16460;           -9208324,84000;                  0,00000;                  0,00000;                  0,00000;                  0,00000;
108.001.007;AKARYAKIT ÝSTASYONU;Açýlýþ hareketi;            7557117,86000;             229119,53000;            7557117,86000;                  0,00000;                  0,00000;                  0,00000;                  0,00000;
108.001.007;YOLCU TAÞIMACILIÐI;Açýlýþ hareketi;            1683635,71000;              61735,64079;            1683635,71000;                  0,00000;                  0,00000;                  0,00000;                  0,00000;
108.004.003;;Açýlýþ hareketi;            -275182,00000;              -8331,91000;            -275182,00000;                  0,00000;                  0,00000;                  0,00000;                  0,00000;
108.004.003;AKARYAKIT ÝSTASYONU;Açýlýþ hareketi;             -78439,00000;              -2378,14000;             -78439,00000;                  0,00000;                  0,00000;                  0,00000;                  0,00000;
108.004.003;YOLCU TAÞIMACILIÐI;Açýlýþ hareketi;             437012,00000;              14135,73932;             437012,00000;                  0,00000;                  0,00000;                  0,00000;                  0,00000;
108.050.001;;Açýlýþ hareketi;             353497,36000;              12008,11734;             353497,36000;                  0,00000;                  0,00000;                  0,00000;                  0,00000;
108.050.001;ERZURUM OTOGAR;Açýlýþ hareketi;             -86462,36000;              -4283,96013;             -86462,36000;                  0,00000;                  0,00000;                  0,00000;                  0,00000;
108.050.002;;Açýlýþ hareketi;               4361,14000;                148,14561;               4361,14000;                  0,00000;                  0,00000;                  0,00000;                  0,00000;
108.050.002;ERZURUM OTOGAR;Açýlýþ hareketi;               3466,86000;                219,79781;               3466,86000;                  0,00000;                  0,00000;                  0,00000;                  0,00000;
108.100.001;;Açýlýþ hareketi;               7460,73000;                253,43703;               7460,73000;                  0,00000;                  0,00000;                  0,00000;                  0,00000;
108.100.001;ERZURUM AVM;Açýlýþ hareketi;               8931,19000;               7113,18622;               8931,19000;                  0,00000;                  0,00000;                  0,00000;                  0,00000;
108.100.001;YOLCU TAÞIMACILIÐI;Açýlýþ hareketi;             -16391,92000;               -626,97000;             -16391,92000;                  0,00000;                  0,00000;                  0,00000;                  0,00000;
118.001.001;;Açýlýþ hareketi;             409182,13000;              12395,69183;             409182,13000;                  0,00000;                  0,00000;                  0,00000;                  0,00000;
118.001.001;YOLCU TAÞIMACILIÐI;Açýlýþ hareketi;            -409182,13000;             -12289,16668;            -409182,13000;                  0,00000;                  0,00000;                  0,00000;                  0,00000;
120.001.001;AKARYAKIT ÝSTASYONU;Açýlýþ hareketi;              35944,00000;               1089,77000;              35944,00000;                  0,00000;                  0,00000;                  0,00000;                  0,00000;
120.001.001;YOLCU TAÞIMACILIÐI;Açýlýþ hareketi;             -35944,00000;              -1089,76000;             -35944,00000;                  0,00000;                  0,00000;                  0,00000;                  0,00000;
120.001.012;;Açýlýþ hareketi;              -3675,00000;               -157,32258;              -3675,00000;                  0,00000;                  0,00000;                  0,00000;                  0,00000;
120.001.012;YOLCU TAÞIMACILIÐI;Açýlýþ hareketi;               3675,00000;                197,76000;               3675,00000;                  0,00000;                  0,00000;                  0,00000;                  0,00000;
120.001.013;;Açýlýþ hareketi;           -2204490,63000;             -82348,98749;           -2204490,63000;                  0,00000;                  0,00000;                  0,00000;                  0,00000;
120.001.013;AKARYAKIT ÝSTASYONU;Açýlýþ hareketi;             449752,00000;              20519,94000;             449752,00000;                  0,00000;                  0,00000;                  0,00000;                  0,00000;
120.001.013;YOLCU TAÞIMACILIÐI;Açýlýþ hareketi;            1754738,63000;              89209,35000;            1754738,63000;                  0,00000;                  0,00000;                  0,00000;                  0,00000;
120.001.034;;Açýlýþ hareketi;             -14000,00000;               -511,38377;             -14000,00000;                  0,00000;                  0,00000;                  0,00000;                  0,00000;
120.001.034;YOLCU TAÞIMACILIÐI;Açýlýþ hareketi;              14000,00000;                790,47000;              14000,00000;                  0,00000;                  0,00000;                  0,00000;                  0,00000;
120.001.057;;Açýlýþ hareketi;             -38000,00000;              -1388,04166;             -38000,00000;                  0,00000;                  0,00000;                  0,00000;                  0,00000;
120.001.057;YOLCU TAÞIMACILIÐI;Açýlýþ hareketi;              38000,00000;               2204,89000;              38000,00000;                  0,00000;                  0,00000;                  0,00000;                  0,00000;
120.001.062;;Açýlýþ hareketi;          -47425811,06000;           -1577976,79902;          -47425811,06000;                  0,00000;                  0,00000;                  0,00000;                  0,00000;
120.001.062;ERZURUM AVM;Açýlýþ hareketi;          -42601722,46000;           -2532381,12000;          -42601722,46000;                  0,00000;                  0,00000;                  0,00000;                  0,00000;
120.001.062;YOLCU TAÞIMACILIÐI;Açýlýþ hareketi;           90027533,52000;            5593905,95565;           90027533,52000;                  0,00000;                  0,00000;                  0,00000;                  0,00000;
120.001.068;;Açýlýþ hareketi;             -11280,00000;               -605,77419;             -11280,00000;                  0,00000;                  0,00000;                  0,00000;                  0,00000;
120.001.068;YOLCU TAÞIMACILIÐI;Açýlýþ hareketi;              11280,00000;                606,29000;              11280,00000;                  0,00000;                  0,00000;                  0,00000;                  0,00000;
120.001.202;;Açýlýþ hareketi;              36640,00000;               1368,69119;              36640,00000;                  0,00000;                  0,00000;                  0,00000;                  0,00000;
120.001.202;YOLCU TAÞIMACILIÐI;Açýlýþ hareketi;             -36640,00000;              -1547,02000;             -36640,00000;                  0,00000;                  0,00000;                  0,00000;                  0,00000;
120.001.204;;Açýlýþ hareketi;             -60000,00000;              -2191,64472;             -60000,00000;                  0,00000;                  0,00000;                  0,00000;                  0,00000;
120.001.204;YOLCU TAÞIMACILIÐI;Açýlýþ hareketi;              60000,00000;               2212,20000;              60000,00000;                  0,00000;                  0,00000;                  0,00000;                  0,00000;
120.001.217;;Açýlýþ hareketi;               -519,99000;               -146,39214;               -519,99000;                  0,00000;                  0,00000;                  0,00000;                  0,00000;
120.001.217;YOLCU TAÞIMACILIÐI;Açýlýþ hareketi;                519,99000;                 88,47993;                519,99000;                  0,00000;                  0,00000;                  0,00000;                  0,00000;
120.001.219;ERZURUM OTOGAR;Açýlýþ hareketi;           -4110498,43000;            -124623,63000;           -4110498,43000;                  0,00000;                  0,00000;                  0,00000;                  0,00000;
120.001.219;YOLCU TAÞIMACILIÐI;Açýlýþ hareketi;            3500000,00000;             108961,63000;            3500000,00000;                  0,00000;                  0,00000;                  0,00000;                  0,00000;
120.001.220;;Açýlýþ hareketi;            -321614,00000;             -11747,72708;            -321614,00000;                  0,00000;                  0,00000;                  0,00000;                  0,00000;
120.001.220;AKARYAKIT ÝSTASYONU;Açýlýþ hareketi;            1012945,03000;              39868,98000;            1012945,03000;                  0,00000;                  0,00000;                  0,00000;                  0,00000;
120.001.220;YOLCU TAÞIMACILIÐI;Açýlýþ hareketi;            -691331,03000;             -23778,23884;            -691331,03000;                  0,00000;                  0,00000;                  0,00000;                  0,00000;
120.001.221;;Açýlýþ hareketi;            -484500,00000;             -29065,93000;            -484500,00000;                  0,00000;                  0,00000;                  0,00000;                  0,00000;
120.001.221;YOLCU TAÞIMACILIÐI;Açýlýþ hareketi;             484500,00000;              32721,45000;             484500,00000;                  0,00000;                  0,00000;                  0,00000;                  0,00000;
120.001.222;;Açýlýþ hareketi;           -8195343,53000;              -3110,85730;           -8195343,53000;                  0,00000;                  0,00000;                  0,00000;                  0,00000;
120.001.222;ERZURUM AVM;Açýlýþ hareketi;           -7567630,89000;            -396751,31000;           -7567630,89000;                  0,00000;                  0,00000;                  0,00000;                  0,00000;
120.001.222;YOLCU TAÞIMACILIÐI;Açýlýþ hareketi;           15762974,42000;             494281,52000;           15762974,42000;                  0,00000;                  0,00000;                  0,00000;                  0,00000;
120.001.224;;Açýlýþ hareketi;             498874,72000;              26680,21799;             498874,72000;                  0,00000;                  0,00000;                  0,00000;                  0,00000;
120.001.224;YOLCU TAÞIMACILIÐI;Açýlýþ hareketi;            -498874,72000;             -26965,72000;            -498874,72000;                  0,00000;                  0,00000;                  0,00000;                  0,00000;
120.001.226;;Açýlýþ hareketi;           -3657393,98000;            -110886,23576;           -3657393,98000;                  0,00000;                  0,00000;                  0,00000;                  0,00000;
120.001.226;ERZURUM AVM;Açýlýþ hareketi;            -927174,21000;             -35023,42000;            -927174,21000;                  0,00000;                  0,00000;                  0,00000;                  0,00000;
120.001.226;GES PROJESÝ SORGUN;Açýlýþ hareketi;           14127994,20000;             621381,57000;           14127994,20000;                  0,00000;                  0,00000;                  0,00000;                  0,00000;
120.001.226;YOLCU TAÞIMACILIÐI;Açýlýþ hareketi;           -9543426,01000;            -358420,33000;           -9543426,01000;                  0,00000;                  0,00000;                  0,00000;                  0,00000;
120.001.227;;Açýlýþ hareketi;             -68000,00000;              -2540,14740;             -68000,00000;                  0,00000;                  0,00000;                  0,00000;                  0,00000;
120.001.227;YOLCU TAÞIMACILIÐI;Açýlýþ hareketi;              68000,00000;               3305,64000;              68000,00000;                  0,00000;                  0,00000;                  0,00000;                  0,00000;
120.001.228;;Açýlýþ hareketi;           -7123855,71000;            -262738,39688;           -7123855,71000;                  0,00000;                  0,00000;                  0,00000;                  0,00000;
120.001.228;AKARYAKIT ÝSTASYONU;Açýlýþ hareketi;           59736613,85800;            2045995,93218;           59736613,85800;                  0,00000;                  0,00000;                  0,00000;                  0,00000;
120.001.228;GES PROJESÝ SORGUN;Açýlýþ hareketi;            6110121,41000;             185248,94000;            6110121,41000;                  0,00000;                  0,00000;                  0,00000;                  0,00000;
120.001.228;YOLCU TAÞIMACILIÐI;Açýlýþ hareketi;          -48247150,23000;           -1698680,12000;          -48247150,23000;                  0,00000;                  0,00000;                  0,00000;                  0,00000;
120.001.229;;Açýlýþ hareketi;           -5750000,00000;            -235612,05652;           -5750000,00000;                  0,00000;                  0,00000;                  0,00000;                  0,00000;
120.001.229;ERZURUM AVM;Açýlýþ hareketi;            -500000,00000;             -21151,76000;            -500000,00000;                  0,00000;                  0,00000;                  0,00000;                  0,00000;
120.001.229;YOLCU TAÞIMACILIÐI;Açýlýþ hareketi;            6250000,00000;             520649,79000;            6250000,00000;                  0,00000;                  0,00000;                  0,00000;                  0,00000;
120.001.230;;Açýlýþ hareketi;           23861134,49000;             680756,24808;           23861134,49000;                  0,00000;                  0,00000;                  0,00000;                  0,00000;
120.001.230;ERZURUM AVM;Açýlýþ hareketi;          -17541881,30000;            -929205,51000;          -17541881,30000;                  0,00000;                  0,00000;                  0,00000;                  0,00000;
120.001.230;YOLCU TAÞIMACILIÐI;Açýlýþ hareketi;           67822964,75000;            3902592,88147;           67822964,75000;                  0,00000;                  0,00000;                  0,00000;                  0,00000;
120.001.232;;Açýlýþ hareketi;            -120000,00000;              -4482,61306;            -120000,00000;                  0,00000;                  0,00000;                  0,00000;                  0,00000;
120.001.232;YOLCU TAÞIMACILIÐI;Açýlýþ hareketi;             120000,00000;               6431,14000;             120000,00000;                  0,00000;                  0,00000;                  0,00000;                  0,00000;
120.001.233;;Açýlýþ hareketi;           66096275,15000;            2142342,63896;           66096275,15000;                  0,00000;                  0,00000;                  0,00000;                  0,00000;
120.001.233;AKARYAKIT ÝSTASYONU;Açýlýþ hareketi;          -28837512,02000;            -874306,45000;          -28837512,02000;                  0,00000;                  0,00000;                  0,00000;                  0,00000;
120.001.233;ERZURUM AVM;Açýlýþ hareketi;             732218,65000;              12184,23000;             732218,65000;                  0,00000;                  0,00000;                  0,00000;                  0,00000;
120.001.233;YOLCU TAÞIMACILIÐI;Açýlýþ hareketi;          -28353549,14600;           -1178374,68677;          -28353549,14600;                  0,00000;                  0,00000;                  0,00000;                  0,00000;
120.001.234;AKARYAKIT ÝSTASYONU;Açýlýþ hareketi;           -1506048,92000;             -45660,95000;           -1506048,92000;                  0,00000;                  0,00000;                  0,00000;                  0,00000;
120.001.234;YOLCU TAÞIMACILIÐI;Açýlýþ hareketi;            1958468,55000;              60497,75000;            1958468,55000;                  0,00000;                  0,00000;                  0,00000;                  0,00000;
120.001.235;;Açýlýþ hareketi;             341346,05000;              11595,34380;             341346,05000;                  0,00000;                  0,00000;                  0,00000;                  0,00000;
120.001.235;ERZURUM AVM;Açýlýþ hareketi;            2620475,95000;              91999,95000;            2620475,95000;                  0,00000;                  0,00000;                  0,00000;                  0,00000;
120.001.235;GES PROJESÝ ERZURUM;Açýlýþ hareketi;             638065,76000;              32568,59000;             638065,76000;                  0,00000;                  0,00000;                  0,00000;                  0,00000;
120.001.235;YOLCU TAÞIMACILIÐI;Açýlýþ hareketi;           -3254650,90000;            -116525,98000;           -3254650,90000;                  0,00000;                  0,00000;                  0,00000;                  0,00000;
120.001.236;AKARYAKIT ÝSTASYONU;Açýlýþ hareketi;            1942083,95000;              70469,26000;            1942083,95000;                  0,00000;                  0,00000;                  0,00000;                  0,00000;
120.001.236;ERZURUM AVM;Açýlýþ hareketi;           32399998,00000;             982315,25000;           32399998,00000;                  0,00000;                  0,00000;                  0,00000;                  0,00000;
120.001.236;YOLCU TAÞIMACILIÐI;Açýlýþ hareketi;          -32653231,68000;            -960868,19000;          -32653231,68000;                  0,00000;                  0,00000;                  0,00000;                  0,00000;
120.001.237;;Açýlýþ hareketi;           -2166522,01000;             -78283,89130;           -2166522,01000;                  0,00000;                  0,00000;                  0,00000;                  0,00000;
120.001.237;ERZURUM AVM;Açýlýþ hareketi;            2622826,66000;              86268,10000;            2622826,66000;                  0,00000;                  0,00000;                  0,00000;                  0,00000;
120.001.237;YOLCU TAÞIMACILIÐI;Açýlýþ hareketi;            -456304,65000;             -15005,50000;            -456304,65000;                  0,00000;                  0,00000;                  0,00000;                  0,00000;
120.001.238;ERZURUM AVM;Açýlýþ hareketi;             747460,89600;              25096,96293;             747460,89600;                  0,00000;                  0,00000;                  0,00000;                  0,00000;
120.001.238;YOLCU TAÞIMACILIÐI;Açýlýþ hareketi;            -728457,00000;             -23670,69000;            -728457,00000;                  0,00000;                  0,00000;                  0,00000;                  0,00000;
120.001.239;;Açýlýþ hareketi;            -117165,42000;              -3552,26000;            -117165,42000;                  0,00000;                  0,00000;                  0,00000;                  0,00000;
120.001.239;AKARYAKIT ÝSTASYONU;Açýlýþ hareketi;            -268343,00000;              -8135,71000;            -268343,00000;                  0,00000;                  0,00000;                  0,00000;                  0,00000;
120.001.239;ERZURUM AVM;Açýlýþ hareketi;            1174294,32000;              36659,72246;            1174294,32000;                  0,00000;                  0,00000;                  0,00000;                  0,00000;
120.001.239;YOLCU TAÞIMACILIÐI;Açýlýþ hareketi;            -541637,73000;             -17075,64000;            -541637,73000;                  0,00000;                  0,00000;                  0,00000;                  0,00000;
120.001.240;ERZURUM AVM;Açýlýþ hareketi;             200572,73000;               6197,83725;             200572,73000;                  0,00000;                  0,00000;                  0,00000;                  0,00000;
120.001.240;YOLCU TAÞIMACILIÐI;Açýlýþ hareketi;            -137192,07000;              -3905,98000;            -137192,07000;                  0,00000;                  0,00000;                  0,00000;                  0,00000;
120.001.241;;Açýlýþ hareketi;              17293,09000;                645,98526;              17293,09000;                  0,00000;                  0,00000;                  0,00000;                  0,00000;
120.001.241;AKARYAKIT ÝSTASYONU;Açýlýþ hareketi;             173325,00000;               5254,93000;             173325,00000;                  0,00000;                  0,00000;                  0,00000;                  0,00000;
120.001.241;YOLCU TAÞIMACILIÐI;Açýlýþ hareketi;            -190618,09000;              -5924,60000;            -190618,09000;                  0,00000;                  0,00000;                  0,00000;                  0,00000;
120.001.242;;Açýlýþ hareketi;               4983,58000;                186,16217;               4983,58000;                  0,00000;                  0,00000;                  0,00000;                  0,00000;
120.001.242;ERZURUM AVM;Açýlýþ hareketi;             -14931,00000;               -631,63000;             -14931,00000;                  0,00000;                  0,00000;                  0,00000;                  0,00000;
120.001.242;YOLCU TAÞIMACILIÐI;Açýlýþ hareketi;               9947,42000;                387,58000;               9947,42000;                  0,00000;                  0,00000;                  0,00000;                  0,00000;
120.001.243;;Açýlýþ hareketi;            -103367,00000;              -3133,92000;            -103367,00000;                  0,00000;                  0,00000;                  0,00000;                  0,00000;
120.001.243;AKARYAKIT ÝSTASYONU;Açýlýþ hareketi;            -594601,00000;             -18027,34000;            -594601,00000;                  0,00000;                  0,00000;                  0,00000;                  0,00000;
120.001.243;ERZURUM AVM;Açýlýþ hareketi;            1781997,36400;              54816,10564;            1781997,36400;                  0,00000;                  0,00000;                  0,00000;                  0,00000;
120.001.243;YOLCU TAÞIMACILIÐI;Açýlýþ hareketi;            -950937,26000;             -29176,56000;            -950937,26000;                  0,00000;                  0,00000;                  0,00000;                  0,00000;
120.001.244;;Açýlýþ hareketi;              13149,00000;                491,18233;              13149,00000;                  0,00000;                  0,00000;                  0,00000;                  0,00000;
120.001.244;ERZURUM AVM;Açýlýþ hareketi;             141921,88600;               4637,02158;             141921,88600;                  0,00000;                  0,00000;                  0,00000;                  0,00000;
120.001.244;YOLCU TAÞIMACILIÐI;Açýlýþ hareketi;             -66924,00000;              -2287,95000;             -66924,00000;                  0,00000;                  0,00000;                  0,00000;                  0,00000;
120.001.245;;Açýlýþ hareketi;             -40382,98000;              -1224,35000;             -40382,98000;                  0,00000;                  0,00000;                  0,00000;                  0,00000;
120.001.245;AKARYAKIT ÝSTASYONU;Açýlýþ hareketi;            -217140,37000;              -6583,34000;            -217140,37000;                  0,00000;                  0,00000;                  0,00000;                  0,00000;
120.001.245;ERZURUM AVM;Açýlýþ hareketi;            3282520,56000;             104225,08000;            3282520,56000;                  0,00000;                  0,00000;                  0,00000;                  0,00000;
120.001.245;YOLCU TAÞIMACILIÐI;Açýlýþ hareketi;           -2967557,08000;             -94059,64000;           -2967557,08000;                  0,00000;                  0,00000;                  0,00000;                  0,00000;
120.001.246;AKARYAKIT ÝSTASYONU;Açýlýþ hareketi;            1261880,90400;              41284,21740;            1261880,90400;                  0,00000;                  0,00000;                  0,00000;                  0,00000;
120.001.246;YOLCU TAÞIMACILIÐI;Açýlýþ hareketi;            -288714,29000;             -10545,99000;            -288714,29000;                  0,00000;                  0,00000;                  0,00000;                  0,00000;
120.001.247;AKARYAKIT ÝSTASYONU;Açýlýþ hareketi;            -593399,67000;             -17990,92000;            -593399,67000;                  0,00000;                  0,00000;                  0,00000;                  0,00000;
120.001.247;ERZURUM AVM;Açýlýþ hareketi;            6634063,20000;             201134,01000;            6634063,20000;                  0,00000;                  0,00000;                  0,00000;                  0,00000;
120.001.247;YOLCU TAÞIMACILIÐI;Açýlýþ hareketi;             434916,17000;              13185,95000;             434916,17000;                  0,00000;                  0,00000;                  0,00000;                  0,00000;
120.001.248;AKARYAKIT ÝSTASYONU;Açýlýþ hareketi;              26682,87000;                958,75000;              26682,87000;                  0,00000;                  0,00000;                  0,00000;                  0,00000;
120.001.248;YOLCU TAÞIMACILIÐI;Açýlýþ hareketi;             -26682,87000;               -952,11000;             -26682,87000;                  0,00000;                  0,00000;                  0,00000;                  0,00000;
120.001.249;;Açýlýþ hareketi;            -604410,75000;             -16466,22111;            -604410,75000;                  0,00000;                  0,00000;                  0,00000;                  0,00000;
120.001.249;ERZURUM AVM;Açýlýþ hareketi;           36698760,00000;            1266799,82000;           36698760,00000;                  0,00000;                  0,00000;                  0,00000;                  0,00000;
120.001.249;YOLCU TAÞIMACILIÐI;Açýlýþ hareketi;          -33808349,25000;           -1227146,54000;          -33808349,25000;                  0,00000;                  0,00000;                  0,00000;                  0,00000;
120.001.250;AKARYAKIT ÝSTASYONU;Açýlýþ hareketi;           -2086805,69000;             -63268,53000;           -2086805,69000;                  0,00000;                  0,00000;                  0,00000;                  0,00000;
120.001.250;ERZURUM AVM;Açýlýþ hareketi;           10978000,00000;             343481,27000;           10978000,00000;                  0,00000;                  0,00000;                  0,00000;                  0,00000;
120.001.250;YOLCU TAÞIMACILIÐI;Açýlýþ hareketi;           -1650000,00000;             -50469,41000;           -1650000,00000;                  0,00000;                  0,00000;                  0,00000;                  0,00000;
120.001.251;;Açýlýþ hareketi;            -725000,00000;             -21980,82000;            -725000,00000;                  0,00000;                  0,00000;                  0,00000;                  0,00000;
120.001.251;AKARYAKIT ÝSTASYONU;Açýlýþ hareketi;               2948,14000;                 89,38000;               2948,14000;                  0,00000;                  0,00000;                  0,00000;                  0,00000;
120.001.251;ERZURUM AVM;Açýlýþ hareketi;           18000000,00000;             577669,23000;           18000000,00000;                  0,00000;                  0,00000;                  0,00000;                  0,00000;
120.001.251;YOLCU TAÞIMACILIÐI;Açýlýþ hareketi;           -4951294,69000;            -151447,52000;           -4951294,69000;                  0,00000;                  0,00000;                  0,00000;                  0,00000;
120.001.252;;Açýlýþ hareketi;              19432,58000;                589,16000;              19432,58000;                  0,00000;                  0,00000;                  0,00000;                  0,00000;
120.001.252;AKARYAKIT ÝSTASYONU;Açýlýþ hareketi;              10000,00000;                303,18000;              10000,00000;                  0,00000;                  0,00000;                  0,00000;                  0,00000;
120.001.252;ERZURUM AVM;Açýlýþ hareketi;            4900000,00000;             163464,67000;            4900000,00000;                  0,00000;                  0,00000;                  0,00000;                  0,00000;
120.001.252;YOLCU TAÞIMACILIÐI;Açýlýþ hareketi;           -1990000,00000;             -60976,29000;           -1990000,00000;                  0,00000;                  0,00000;                  0,00000;                  0,00000;
120.001.253;;Açýlýþ hareketi;           -1018129,24000;             -30868,02000;           -1018129,24000;                  0,00000;                  0,00000;                  0,00000;                  0,00000;
120.001.253;ERZURUM AVM;Açýlýþ hareketi;           23430000,00000;             763499,45000;           23430000,00000;                  0,00000;                  0,00000;                  0,00000;                  0,00000;
120.001.253;YOLCU TAÞIMACILIÐI;Açýlýþ hareketi;           -1120750,76000;             -35007,65000;           -1120750,76000;                  0,00000;                  0,00000;                  0,00000;                  0,00000;
120.001.254;AKARYAKIT ÝSTASYONU;Açýlýþ hareketi;             350000,00000;              10611,43000;             350000,00000;                  0,00000;                  0,00000;                  0,00000;                  0,00000;
120.001.254;ERZURUM AVM;Açýlýþ hareketi;            2750000,00000;              88255,02000;            2750000,00000;                  0,00000;                  0,00000;                  0,00000;                  0,00000;
120.001.254;YOLCU TAÞIMACILIÐI;Açýlýþ hareketi;           -3100000,00000;             -94520,82000;           -3100000,00000;                  0,00000;                  0,00000;                  0,00000;                  0,00000;
120.001.255;AKARYAKIT ÝSTASYONU;Açýlýþ hareketi;           -2249805,69000;             -68210,45000;           -2249805,69000;                  0,00000;                  0,00000;                  0,00000;                  0,00000;
120.001.255;ERZURUM AVM;Açýlýþ hareketi;           11300000,00000;             349458,56000;           11300000,00000;                  0,00000;                  0,00000;                  0,00000;                  0,00000;
120.001.255;YOLCU TAÞIMACILIÐI;Açýlýþ hareketi;           -6150000,00000;            -191980,90000;           -6150000,00000;                  0,00000;                  0,00000;                  0,00000;                  0,00000;
120.001.256;;Açýlýþ hareketi;           -1190000,00000;             -36078,86000;           -1190000,00000;                  0,00000;                  0,00000;                  0,00000;                  0,00000;
120.001.256;AKARYAKIT ÝSTASYONU;Açýlýþ hareketi;           -2360000,00000;             -71551,36000;           -2360000,00000;                  0,00000;                  0,00000;                  0,00000;                  0,00000;
120.001.256;ERZURUM AVM;Açýlýþ hareketi;           12200000,00000;             379809,10000;           12200000,00000;                  0,00000;                  0,00000;                  0,00000;                  0,00000;
120.001.256;YOLCU TAÞIMACILIÐI;Açýlýþ hareketi;           -4180000,00000;            -127764,97000;           -4180000,00000;                  0,00000;                  0,00000;                  0,00000;                  0,00000;
120.001.257;AKARYAKIT ÝSTASYONU;Açýlýþ hareketi;            4948000,00000;             150015,30000;            4948000,00000;                  0,00000;                  0,00000;                  0,00000;                  0,00000;
120.001.257;ERZURUM AVM;Açýlýþ hareketi;           12245992,01000;             396253,63000;           12245992,01000;                  0,00000;                  0,00000;                  0,00000;                  0,00000;
120.001.257;YOLCU TAÞIMACILIÐI;Açýlýþ hareketi;           -7273447,63000;            -222484,27000;           -7273447,63000;                  0,00000;                  0,00000;                  0,00000;                  0,00000;
120.001.258;ERZURUM AVM;Açýlýþ hareketi;            8400000,00000;             261507,90000;            8400000,00000;                  0,00000;                  0,00000;                  0,00000;                  0,00000;
120.001.258;YOLCU TAÞIMACILIÐI;Açýlýþ hareketi;           -2400000,00000;             -73410,07000;           -2400000,00000;                  0,00000;                  0,00000;                  0,00000;                  0,00000;
120.001.259;AKARYAKIT ÝSTASYONU;Açýlýþ hareketi;           -1000000,00000;             -30318,35000;           -1000000,00000;                  0,00000;                  0,00000;                  0,00000;                  0,00000;
120.001.259;ERZURUM AVM;Açýlýþ hareketi;            4200000,00000;             130753,95000;            4200000,00000;                  0,00000;                  0,00000;                  0,00000;                  0,00000;
120.001.259;YOLCU TAÞIMACILIÐI;Açýlýþ hareketi;           -1199720,00000;             -36696,53000;           -1199720,00000;                  0,00000;                  0,00000;                  0,00000;                  0,00000;
120.001.260;AKARYAKIT ÝSTASYONU;Açýlýþ hareketi;              20400,00000;                618,49000;              20400,00000;                  0,00000;                  0,00000;                  0,00000;                  0,00000;
120.001.260;ERZURUM AVM;Açýlýþ hareketi;            2791600,00000;              86914,63000;            2791600,00000;                  0,00000;                  0,00000;                  0,00000;                  0,00000;
120.001.260;YOLCU TAÞIMACILIÐI;Açýlýþ hareketi;             -12000,00000;               -363,82000;             -12000,00000;                  0,00000;                  0,00000;                  0,00000;                  0,00000;
120.001.261;ERZURUM AVM;Açýlýþ hareketi;             144648,50000;               4503,18000;             144648,50000;                  0,00000;                  0,00000;                  0,00000;                  0,00000;
120.001.261;YOLCU TAÞIMACILIÐI;Açýlýþ hareketi;            -144648,50000;              -4503,18000;            -144648,50000;                  0,00000;                  0,00000;                  0,00000;                  0,00000;
120.001.262;AKARYAKIT ÝSTASYONU;Açýlýþ hareketi;            3900000,00000;             118241,66000;            3900000,00000;                  0,00000;                  0,00000;                  0,00000;                  0,00000;
120.001.262;ERZURUM AVM;Açýlýþ hareketi;           11700000,00000;             364372,27000;           11700000,00000;                  0,00000;                  0,00000;                  0,00000;                  0,00000;
120.001.262;YOLCU TAÞIMACILIÐI;Açýlýþ hareketi;          -15600000,00000;            -482328,08000;          -15600000,00000;                  0,00000;                  0,00000;                  0,00000;                  0,00000;
120.001.263;AKARYAKIT ÝSTASYONU;Açýlýþ hareketi;             -99167,97000;              -3006,62000;             -99167,97000;                  0,00000;                  0,00000;                  0,00000;                  0,00000;
120.001.263;ERZURUM AVM;Açýlýþ hareketi;             132117,44000;               4018,81000;             132117,44000;                  0,00000;                  0,00000;                  0,00000;                  0,00000;
120.001.263;YOLCU TAÞIMACILIÐI;Açýlýþ hareketi;              -7476,97000;               -226,68000;              -7476,97000;                  0,00000;                  0,00000;                  0,00000;                  0,00000;
120.001.264;AKARYAKIT ÝSTASYONU;Açýlýþ hareketi;           -3900000,00000;            -118241,66000;           -3900000,00000;                  0,00000;                  0,00000;                  0,00000;                  0,00000;
120.001.264;ERZURUM AVM;Açýlýþ hareketi;            3900000,00000;             121285,25000;            3900000,00000;                  0,00000;                  0,00000;                  0,00000;                  0,00000;
120.001.265;AKARYAKIT ÝSTASYONU;Açýlýþ hareketi;             384016,54000;              11945,20000;             384016,54000;                  0,00000;                  0,00000;                  0,00000;                  0,00000;
120.001.265;YOLCU TAÞIMACILIÐI;Açýlýþ hareketi;            -380982,81000;             -11782,52000;            -380982,81000;                  0,00000;                  0,00000;                  0,00000;                  0,00000;
120.001.266;YOLCU TAÞIMACILIÐI;Açýlýþ hareketi;            2942708,00000;              91622,35000;            2942708,00000;                  0,00000;                  0,00000;                  0,00000;                  0,00000;
120.001.267;YOLCU TAÞIMACILIÐI;Açýlýþ hareketi;            2000000,00000;              62239,57000;            2000000,00000;                  0,00000;                  0,00000;                  0,00000;                  0,00000;
120.001.268;YOLCU TAÞIMACILIÐI;Açýlýþ hareketi;              31416,00000;                977,66000;              31416,00000;                  0,00000;                  0,00000;                  0,00000;                  0,00000;
120.001.269;YOLCU TAÞIMACILIÐI;Açýlýþ hareketi;              65822,85000;               2048,39000;              65822,85000;                  0,00000;                  0,00000;                  0,00000;                  0,00000;
120.001.270;AKARYAKIT ÝSTASYONU;Açýlýþ hareketi;           -4483613,22000;            -135935,86000;           -4483613,22000;                  0,00000;                  0,00000;                  0,00000;                  0,00000;
120.001.270;ERZURUM AVM;Açýlýþ hareketi;          327950347,17000;            9942921,05000;          327950347,17000;                  0,00000;                  0,00000;                  0,00000;                  0,00000;
120.001.270;YOLCU TAÞIMACILIÐI;Açýlýþ hareketi;         -323466733,95000;           -9875949,04000;         -323466733,95000;                  0,00000;                  0,00000;                  0,00000;                  0,00000;
120.001.271;AKARYAKIT ÝSTASYONU;Açýlýþ hareketi;           11065399,10000;             335484,88000;           11065399,10000;                  0,00000;                  0,00000;                  0,00000;                  0,00000;
120.001.271;YOLCU TAÞIMACILIÐI;Açýlýþ hareketi;            -529023,30000;             -16039,11000;            -529023,30000;                  0,00000;                  0,00000;                  0,00000;                  0,00000;
120.001.272;AKARYAKIT ÝSTASYONU;Açýlýþ hareketi;             -50000,00000;              -1515,92000;             -50000,00000;                  0,00000;                  0,00000;                  0,00000;                  0,00000;
120.001.272;ERZURUM AVM;Açýlýþ hareketi;             395913,05000;              12003,44000;             395913,05000;                  0,00000;                  0,00000;                  0,00000;                  0,00000;
120.001.272;YOLCU TAÞIMACILIÐI;Açýlýþ hareketi;              27540,09000;                834,97000;              27540,09000;                  0,00000;                  0,00000;                  0,00000;                  0,00000;
120.001.273;AKARYAKIT ÝSTASYONU;Açýlýþ hareketi;             -11450,00000;               -347,15000;             -11450,00000;                  0,00000;                  0,00000;                  0,00000;                  0,00000;
120.001.273;ERZURUM AVM;Açýlýþ hareketi;            2282919,20000;              69214,39000;            2282919,20000;                  0,00000;                  0,00000;                  0,00000;                  0,00000;
120.001.273;YOLCU TAÞIMACILIÐI;Açýlýþ hareketi;           -2271469,20000;             -68867,26000;           -2271469,20000;                  0,00000;                  0,00000;                  0,00000;                  0,00000;
120.001.274;YOLCU TAÞIMACILIÐI;Açýlýþ hareketi;            1097377,00000;              33270,68000;            1097377,00000;                  0,00000;                  0,00000;                  0,00000;                  0,00000;
120.001.275;ERZURUM AVM;Açýlýþ hareketi;             388148,18000;              11768,02000;             388148,18000;                  0,00000;                  0,00000;                  0,00000;                  0,00000;
120.001.275;YOLCU TAÞIMACILIÐI;Açýlýþ hareketi;            -388148,18000;             -11768,02000;            -388148,18000;                  0,00000;                  0,00000;                  0,00000;                  0,00000;
120.001.276;AKARYAKIT ÝSTASYONU;Açýlýþ hareketi;             -69300,00000;              -2101,06000;             -69300,00000;                  0,00000;                  0,00000;                  0,00000;                  0,00000;
120.001.276;YOLCU TAÞIMACILIÐI;Açýlýþ hareketi;              69300,00000;               2101,06000;              69300,00000;                  0,00000;                  0,00000;                  0,00000;                  0,00000;
120.001.277;ERZURUM AVM;Açýlýþ hareketi;            1884224,23000;              57126,61000;            1884224,23000;                  0,00000;                  0,00000;                  0,00000;                  0,00000;
120.001.277;YOLCU TAÞIMACILIÐI;Açýlýþ hareketi;            -430000,00000;             -13036,90000;            -430000,00000;                  0,00000;                  0,00000;                  0,00000;                  0,00000;
120.001.278;;Açýlýþ hareketi;           27531483,14000;             834709,78317;           27531483,14000;                  0,00000;                  0,00000;                  0,00000;                  0,00000;
120.001.278;AKARYAKIT ÝSTASYONU;Açýlýþ hareketi;           -2274215,15000;             -68950,49000;           -2274215,15000;                  0,00000;                  0,00000;                  0,00000;                  0,00000;
120.001.278;ERZURUM AVM;Açýlýþ hareketi;           33966000,00000;            1029793,86000;           33966000,00000;                  0,00000;                  0,00000;                  0,00000;                  0,00000;
120.001.278;YOLCU TAÞIMACILIÐI;Açýlýþ hareketi;           38779478,94000;            1175730,71000;           38779478,94000;                  0,00000;                  0,00000;                  0,00000;                  0,00000;
120.001.279;YOLCU TAÞIMACILIÐI;Açýlýþ hareketi;             600000,00000;              18191,02000;             600000,00000;                  0,00000;                  0,00000;                  0,00000;                  0,00000;
120.001.280;;Açýlýþ hareketi;          -17550805,69000;            -532111,87753;          -17550805,69000;                  0,00000;                  0,00000;                  0,00000;                  0,00000;
120.001.280;AKARYAKIT ÝSTASYONU;Açýlýþ hareketi;           -3350000,00000;            -101566,55000;           -3350000,00000;                  0,00000;                  0,00000;                  0,00000;                  0,00000;
120.001.280;ERZURUM AVM;Açýlýþ hareketi;           41025000,00000;            1243811,24000;           41025000,00000;                  0,00000;                  0,00000;                  0,00000;                  0,00000;
120.001.280;YOLCU TAÞIMACILIÐI;Açýlýþ hareketi;          -12000000,00000;            -363820,47000;          -12000000,00000;                  0,00000;                  0,00000;                  0,00000;                  0,00000;
120.001.281;AKARYAKIT ÝSTASYONU;Açýlýþ hareketi;            -485361,39000;             -14715,38000;            -485361,39000;                  0,00000;                  0,00000;                  0,00000;                  0,00000;
120.001.281;ERZURUM AVM;Açýlýþ hareketi;             547926,35000;              16612,25000;             547926,35000;                  0,00000;                  0,00000;                  0,00000;                  0,00000;
120.001.281;YOLCU TAÞIMACILIÐI;Açýlýþ hareketi;             -62564,96000;              -1896,87000;             -62564,96000;                  0,00000;                  0,00000;                  0,00000;                  0,00000;
120.001.282;;Açýlýþ hareketi;            -103397,84000;              -3134,85000;            -103397,84000;                  0,00000;                  0,00000;                  0,00000;                  0,00000;
120.001.282;AKARYAKIT ÝSTASYONU;Açýlýþ hareketi;           -1649756,67000;             -50017,93000;           -1649756,67000;                  0,00000;                  0,00000;                  0,00000;                  0,00000;
120.001.282;ERZURUM AVM;Açýlýþ hareketi;            2027575,91000;              61472,79000;            2027575,91000;                  0,00000;                  0,00000;                  0,00000;                  0,00000;
120.001.282;YOLCU TAÞIMACILIÐI;Açýlýþ hareketi;            -274421,40000;              -8320,01000;            -274421,40000;                  0,00000;                  0,00000;                  0,00000;                  0,00000;
120.001.283;;Açýlýþ hareketi;            -115065,46000;              -3488,59000;            -115065,46000;                  0,00000;                  0,00000;                  0,00000;                  0,00000;
120.001.283;AKARYAKIT ÝSTASYONU;Açýlýþ hareketi;            -434393,60000;             -13170,10000;            -434393,60000;                  0,00000;                  0,00000;                  0,00000;                  0,00000;
120.001.283;ERZURUM AVM;Açýlýþ hareketi;             592948,51000;              17977,22000;             592948,51000;                  0,00000;                  0,00000;                  0,00000;                  0,00000;
120.001.283;YOLCU TAÞIMACILIÐI;Açýlýþ hareketi;             -43489,45000;              -1318,53000;             -43489,45000;                  0,00000;                  0,00000;                  0,00000;                  0,00000;
120.001.284;;Açýlýþ hareketi;            -184800,00000;              -5602,84000;            -184800,00000;                  0,00000;                  0,00000;                  0,00000;                  0,00000;
120.001.284;AKARYAKIT ÝSTASYONU;Açýlýþ hareketi;             184800,00000;               5602,84000;             184800,00000;                  0,00000;                  0,00000;                  0,00000;                  0,00000;
120.001.285;AKARYAKIT ÝSTASYONU;Açýlýþ hareketi;             400000,00000;              12127,35000;             400000,00000;                  0,00000;                  0,00000;                  0,00000;                  0,00000;
120.001.285;ERZURUM AVM;Açýlýþ hareketi;            9450000,00000;             286508,62000;            9450000,00000;                  0,00000;                  0,00000;                  0,00000;                  0,00000;
120.001.286;AKARYAKIT ÝSTASYONU;Açýlýþ hareketi;                 -0,01000;                  0,00000;                 -0,01000;                  0,00000;                  0,00000;                  0,00000;                  0,00000;
120.001.286;YOLCU TAÞIMACILIÐI;Açýlýþ hareketi;                  0,01000;                  0,00000;                  0,01000;                  0,00000;                  0,00000;                  0,00000;                  0,00000;
120.001.287;AKARYAKIT ÝSTASYONU;Açýlýþ hareketi;              -3891,79000;               -117,99000;              -3891,79000;                  0,00000;                  0,00000;                  0,00000;                  0,00000;
120.001.287;ERZURUM AVM;Açýlýþ hareketi;               3891,79000;                118,00000;               3891,79000;                  0,00000;                  0,00000;                  0,00000;                  0,00000;
120.001.732;ERZURUM AVM;Açýlýþ hareketi;              26439,51000;                874,94449;              26439,51000;                  0,00000;                  0,00000;                  0,00000;                  0,00000;
120.001.732;YOLCU TAÞIMACILIÐI;Açýlýþ hareketi;             -26439,51000;               -823,11000;             -26439,51000;                  0,00000;                  0,00000;                  0,00000;                  0,00000;
120.001.768;;Açýlýþ hareketi;              -8356,68000;               -283,87198;              -8356,68000;                  0,00000;                  0,00000;                  0,00000;                  0,00000;
120.001.768;AKARYAKIT ÝSTASYONU;Açýlýþ hareketi;               8356,68000;                288,11000;               8356,68000;                  0,00000;                  0,00000;                  0,00000;                  0,00000;
120.001.814;AKARYAKIT ÝSTASYONU;Açýlýþ hareketi;          -21000000,00000;            -636685,84000;          -21000000,00000;                  0,00000;                  0,00000;                  0,00000;                  0,00000;
120.001.814;ERZURUM AVM;Açýlýþ hareketi;           21000000,00000;             636685,84000;           21000000,00000;                  0,00000;                  0,00000;                  0,00000;                  0,00000;
120.001.899;;Açýlýþ hareketi;              -1496,01000;                -38,09754;              -1496,01000;                  0,00000;                  0,00000;                  0,00000;                  0,00000;
120.001.899;AKARYAKIT ÝSTASYONU;Açýlýþ hareketi;              45903,80000;               1439,23000;              45903,80000;                  0,00000;                  0,00000;                  0,00000;                  0,00000;
120.001.899;ERZURUM AVM;Açýlýþ hareketi;               -535,00000;                -36,24000;               -535,00000;                  0,00000;                  0,00000;                  0,00000;                  0,00000;
120.002.001;;Açýlýþ hareketi;            6937405,04000;             150938,37760;            6937405,04000;                  0,00000;                  0,00000;                  0,00000;                  0,00000;
120.002.001;YOLCU TAÞIMACILIÐI;Açýlýþ hareketi;           -6936302,24000;            -154156,71000;           -6936302,24000;                  0,00000;                  0,00000;                  0,00000;                  0,00000;
120.002.002;;Açýlýþ hareketi;            -280570,38000;              -6547,21642;            -280570,38000;                  0,00000;                  0,00000;                  0,00000;                  0,00000;
120.002.002;YOLCU TAÞIMACILIÐI;Açýlýþ hareketi;             280570,38000;              16659,07000;             280570,38000;                  0,00000;                  0,00000;                  0,00000;                  0,00000;
120.002.005;;Açýlýþ hareketi;             136523,44000;               9617,31721;             136523,44000;                  0,00000;                  0,00000;                  0,00000;                  0,00000;
120.002.005;YOLCU TAÞIMACILIÐI;Açýlýþ hareketi;            -136523,44000;             -19492,35160;            -136523,44000;                  0,00000;                  0,00000;                  0,00000;                  0,00000;
120.002.006;;Açýlýþ hareketi;             -82457,30000;              -3011,95177;             -82457,30000;                  0,00000;                  0,00000;                  0,00000;                  0,00000;
120.002.006;ERZURUM AVM;Açýlýþ hareketi;              82370,00000;               8878,55000;              82370,00000;                  0,00000;                  0,00000;                  0,00000;                  0,00000;
120.002.006;YOLCU TAÞIMACILIÐI;Açýlýþ hareketi;                 87,30000;                  4,68000;                 87,30000;                  0,00000;                  0,00000;                  0,00000;                  0,00000;
120.002.007;;Açýlýþ hareketi;                876,63000;                 63,62000;                876,63000;                  0,00000;                  0,00000;                  0,00000;                  0,00000;
120.002.007;ERZURUM AVM;Açýlýþ hareketi;              27330,20000;               1576,89000;              27330,20000;                  0,00000;                  0,00000;                  0,00000;                  0,00000;
120.002.007;YOLCU TAÞIMACILIÐI;Açýlýþ hareketi;               5885,26000;                329,41000;               5885,26000;                  0,00000;                  0,00000;                  0,00000;                  0,00000;
120.002.010;;Açýlýþ hareketi;            1557500,00000;              59466,15826;            1557500,00000;                  0,00000;                  0,00000;                  0,00000;                  0,00000;
120.002.010;ERZURUM AVM;Açýlýþ hareketi;            1610000,00000;             100044,08000;            1610000,00000;                  0,00000;                  0,00000;                  0,00000;                  0,00000;
120.002.010;YOLCU TAÞIMACILIÐI;Açýlýþ hareketi;           -3167500,00000;            -122367,79572;           -3167500,00000;                  0,00000;                  0,00000;                  0,00000;                  0,00000;
120.002.011;;Açýlýþ hareketi;             446559,09000;              21682,92132;             446559,09000;                  0,00000;                  0,00000;                  0,00000;                  0,00000;
120.002.011;YOLCU TAÞIMACILIÐI;Açýlýþ hareketi;             188559,09000;              17514,49108;             188559,09000;                  0,00000;                  0,00000;                  0,00000;                  0,00000;
120.002.214;;Açýlýþ hareketi;                365,40000;                 26,43000;                365,40000;                  0,00000;                  0,00000;                  0,00000;                  0,00000;
120.002.214;YOLCU TAÞIMACILIÐI;Açýlýþ hareketi;               1466,36000;                 90,51000;               1466,36000;                  0,00000;                  0,00000;                  0,00000;                  0,00000;
120.002.215;;Açýlýþ hareketi;            2881147,34000;             157229,17994;            2881147,34000;                  0,00000;                  0,00000;                  0,00000;                  0,00000;
120.002.215;YOLCU TAÞIMACILIÐI;Açýlýþ hareketi;           -2881147,34000;            -161888,76000;           -2881147,34000;                  0,00000;                  0,00000;                  0,00000;                  0,00000;
120.050.001;;Açýlýþ hareketi;            1922289,32000;              70216,25397;            1922289,32000;                  0,00000;                  0,00000;                  0,00000;                  0,00000;
120.050.001;ERZURUM OTOGAR;Açýlýþ hareketi;            -222289,32000;              36072,57209;            -222289,32000;                  0,00000;                  0,00000;                  0,00000;                  0,00000;
120.050.001;YOLCU TAÞIMACILIÐI;Açýlýþ hareketi;           -1700000,00000;             -71904,19000;           -1700000,00000;                  0,00000;                  0,00000;                  0,00000;                  0,00000;
120.050.003;ERZURUM OTOGAR;Açýlýþ hareketi;             396183,35000;              29983,80532;             396183,35000;                  0,00000;                  0,00000;                  0,00000;                  0,00000;
120.050.004;ERZURUM OTOGAR;Açýlýþ hareketi;            -167141,97000;              -3332,63619;            -167141,97000;                  0,00000;                  0,00000;                  0,00000;                  0,00000;
120.050.005;ERZURUM OTOGAR;Açýlýþ hareketi;              -4520,33000;              -5392,63681;              -4520,33000;                  0,00000;                  0,00000;                  0,00000;                  0,00000;
120.050.006;;Açýlýþ hareketi;              49509,33000;               2647,79846;              49509,33000;                  0,00000;                  0,00000;                  0,00000;                  0,00000;
120.050.006;ERZURUM OTOGAR;Açýlýþ hareketi;            -111509,33000;              -3416,71609;            -111509,33000;                  0,00000;                  0,00000;                  0,00000;                  0,00000;
120.050.007;ERZURUM OTOGAR;Açýlýþ hareketi;             119444,26000;              13650,81429;             119444,26000;                  0,00000;                  0,00000;                  0,00000;                  0,00000;
120.050.008;ERZURUM OTOGAR;Açýlýþ hareketi;              -4740,81000;              -6085,71114;              -4740,81000;                  0,00000;                  0,00000;                  0,00000;                  0,00000;
120.050.009;ERZURUM AVM;Açýlýþ hareketi;            6400000,00000;             194037,59000;            6400000,00000;                  0,00000;                  0,00000;                  0,00000;                  0,00000;
120.050.009;ERZURUM OTOGAR;Açýlýþ hareketi;              36651,13000;               4350,83337;              36651,13000;                  0,00000;                  0,00000;                  0,00000;                  0,00000;
120.050.009;YOLCU TAÞIMACILIÐI;Açýlýþ hareketi;           -6499805,69000;            -197063,54000;           -6499805,69000;                  0,00000;                  0,00000;                  0,00000;                  0,00000;
120.051.001;ERZURUM OTOGAR;Açýlýþ hareketi;             105559,53000;              12060,15253;             105559,53000;                  0,00000;                  0,00000;                  0,00000;                  0,00000;
120.051.002;ERZURUM OTOGAR;Açýlýþ hareketi;             -22635,86000;               -416,35552;             -22635,86000;                  0,00000;                  0,00000;                  0,00000;                  0,00000;
120.051.004;ERZURUM AVM;Açýlýþ hareketi;             -64760,00000;              -1963,42000;             -64760,00000;                  0,00000;                  0,00000;                  0,00000;                  0,00000;
120.051.004;ERZURUM OTOGAR;Açýlýþ hareketi;              64760,09000;               6490,77524;              64760,09000;                  0,00000;                  0,00000;                  0,00000;                  0,00000;
120.051.005;ERZURUM OTOGAR;Açýlýþ hareketi;              -1214,90000;                 -4,32137;              -1214,90000;                  0,00000;                  0,00000;                  0,00000;                  0,00000;
120.051.006;ERZURUM OTOGAR;Açýlýþ hareketi;              42499,08000;               3188,46725;              42499,08000;                  0,00000;                  0,00000;                  0,00000;                  0,00000;
120.051.008;ERZURUM OTOGAR;Açýlýþ hareketi;              15250,17000;               1640,43585;              15250,17000;                  0,00000;                  0,00000;                  0,00000;                  0,00000;
120.051.009;ERZURUM AVM;Açýlýþ hareketi;             -84000,00000;              -2546,75000;             -84000,00000;                  0,00000;                  0,00000;                  0,00000;                  0,00000;
120.051.009;ERZURUM OTOGAR;Açýlýþ hareketi;             -25500,00000;              -1080,71451;             -25500,00000;                  0,00000;                  0,00000;                  0,00000;                  0,00000;
120.051.010;ERZURUM OTOGAR;Açýlýþ hareketi;             116602,00000;               8747,99310;             116602,00000;                  0,00000;                  0,00000;                  0,00000;                  0,00000;
120.051.012;ERZURUM OTOGAR;Açýlýþ hareketi;               -650,58000;              -2282,07835;               -650,58000;                  0,00000;                  0,00000;                  0,00000;                  0,00000;
120.051.013;ERZURUM OTOGAR;Açýlýþ hareketi;               9790,47000;                844,41657;               9790,47000;                  0,00000;                  0,00000;                  0,00000;                  0,00000;
120.051.016;ERZURUM OTOGAR;Açýlýþ hareketi;              -1004,19000;              -1588,25224;              -1004,19000;                  0,00000;                  0,00000;                  0,00000;                  0,00000;
120.051.017;ERZURUM OTOGAR;Açýlýþ hareketi;              -1350,89000;              -1015,38552;              -1350,89000;                  0,00000;                  0,00000;                  0,00000;                  0,00000;
120.051.018;;Açýlýþ hareketi;            -333249,89000;             -11320,32155;            -333249,89000;                  0,00000;                  0,00000;                  0,00000;                  0,00000;
120.051.018;ERZURUM OTOGAR;Açýlýþ hareketi;             333249,89000;              22855,62384;             333249,89000;                  0,00000;                  0,00000;                  0,00000;                  0,00000;
120.051.019;ERZURUM OTOGAR;Açýlýþ hareketi;               8000,12000;               2843,91025;               8000,12000;                  0,00000;                  0,00000;                  0,00000;                  0,00000;
120.051.020;ERZURUM OTOGAR;Açýlýþ hareketi;               8000,07000;                331,27196;               8000,07000;                  0,00000;                  0,00000;                  0,00000;                  0,00000;
120.051.022;ERZURUM OTOGAR;Açýlýþ hareketi;                294,93000;                110,77056;                294,93000;                  0,00000;                  0,00000;                  0,00000;                  0,00000;
120.051.023;ERZURUM OTOGAR;Açýlýþ hareketi;              14360,01000;               1233,49000;              14360,01000;                  0,00000;                  0,00000;                  0,00000;                  0,00000;
120.051.024;ERZURUM OTOGAR;Açýlýþ hareketi;              -9050,00000;               -399,63000;              -9050,00000;                  0,00000;                  0,00000;                  0,00000;                  0,00000;
120.052.003;ERZURUM OTOGAR;Açýlýþ hareketi;               1770,00000;                132,79316;               1770,00000;                  0,00000;                  0,00000;                  0,00000;                  0,00000;
120.052.004;ERZURUM OTOGAR;Açýlýþ hareketi;             -32300,00000;              -1711,85000;             -32300,00000;                  0,00000;                  0,00000;                  0,00000;                  0,00000;
120.053.001;ERZURUM AVM;Açýlýþ hareketi;               7617,01000;                406,01000;               7617,01000;                  0,00000;                  0,00000;                  0,00000;                  0,00000;
120.053.001;ERZURUM OTOGAR;Açýlýþ hareketi;              10531,02000;                616,51784;              10531,02000;                  0,00000;                  0,00000;                  0,00000;                  0,00000;
120.053.002;ERZURUM OTOGAR;Açýlýþ hareketi;              -5418,78000;               -146,38356;              -5418,78000;                  0,00000;                  0,00000;                  0,00000;                  0,00000;
120.053.004;ERZURUM OTOGAR;Açýlýþ hareketi;               2700,03000;                202,56808;               2700,03000;                  0,00000;                  0,00000;                  0,00000;                  0,00000;
120.054.003;ERZURUM OTOGAR;Açýlýþ hareketi;                630,00000;                 40,45000;                630,00000;                  0,00000;                  0,00000;                  0,00000;                  0,00000;
120.054.005;ERZURUM OTOGAR;Açýlýþ hareketi;                 -1,80000;               -105,20056;                 -1,80000;                  0,00000;                  0,00000;                  0,00000;                  0,00000;
120.054.010;ERZURUM OTOGAR;Açýlýþ hareketi;                255,00000;                 37,00023;                255,00000;                  0,00000;                  0,00000;                  0,00000;                  0,00000;
120.054.012;ERZURUM OTOGAR;Açýlýþ hareketi;                  2,98000;                  0,22357;                  2,98000;                  0,00000;                  0,00000;                  0,00000;                  0,00000;
120.054.013;ERZURUM OTOGAR;Açýlýþ hareketi;              -7154,60000;                -99,27666;              -7154,60000;                  0,00000;                  0,00000;                  0,00000;                  0,00000;
120.054.015;ERZURUM OTOGAR;Açýlýþ hareketi;                 50,00000;                 19,81122;                 50,00000;                  0,00000;                  0,00000;                  0,00000;                  0,00000;
120.054.016;ERZURUM OTOGAR;Açýlýþ hareketi;                 -8,40000;               -200,92588;                 -8,40000;                  0,00000;                  0,00000;                  0,00000;                  0,00000;
120.054.018;ERZURUM OTOGAR;Açýlýþ hareketi;               -375,00000;                 -4,84878;               -375,00000;                  0,00000;                  0,00000;                  0,00000;                  0,00000;
120.054.019;ERZURUM OTOGAR;Açýlýþ hareketi;                680,00000;                 54,80122;                680,00000;                  0,00000;                  0,00000;                  0,00000;                  0,00000;
120.054.020;ERZURUM OTOGAR;Açýlýþ hareketi;                -16,40000;                -21,63496;                -16,40000;                  0,00000;                  0,00000;                  0,00000;                  0,00000;
120.054.021;ERZURUM OTOGAR;Açýlýþ hareketi;               -246,28000;                -11,38474;               -246,28000;                  0,00000;                  0,00000;                  0,00000;                  0,00000;
120.054.022;ERZURUM OTOGAR;Açýlýþ hareketi;                255,00000;                 22,75023;                255,00000;                  0,00000;                  0,00000;                  0,00000;                  0,00000;
120.054.023;ERZURUM OTOGAR;Açýlýþ hareketi;                653,60000;                 67,17594;                653,60000;                  0,00000;                  0,00000;                  0,00000;                  0,00000;
120.054.024;ERZURUM OTOGAR;Açýlýþ hareketi;               1275,00000;                 47,98000;               1275,00000;                  0,00000;                  0,00000;                  0,00000;                  0,00000;
120.054.025;ERZURUM OTOGAR;Açýlýþ hareketi;                460,00000;                 84,59658;                460,00000;                  0,00000;                  0,00000;                  0,00000;                  0,00000;
120.054.027;ERZURUM OTOGAR;Açýlýþ hareketi;                428,60000;                 46,46545;                428,60000;                  0,00000;                  0,00000;                  0,00000;                  0,00000;
120.054.039;ERZURUM OTOGAR;Açýlýþ hareketi;                -85,00000;                -46,42365;                -85,00000;                  0,00000;                  0,00000;                  0,00000;                  0,00000;
120.054.040;ERZURUM OTOGAR;Açýlýþ hareketi;                835,00000;                 40,01759;                835,00000;                  0,00000;                  0,00000;                  0,00000;                  0,00000;
120.054.041;ERZURUM OTOGAR;Açýlýþ hareketi;                205,14000;                 19,22050;                205,14000;                  0,00000;                  0,00000;                  0,00000;                  0,00000;
120.054.042;ERZURUM OTOGAR;Açýlýþ hareketi;                  0,14000;                267,23804;                  0,14000;                  0,00000;                  0,00000;                  0,00000;                  0,00000;
120.054.043;ERZURUM OTOGAR;Açýlýþ hareketi;              -4275,00000;               -198,86000;              -4275,00000;                  0,00000;                  0,00000;                  0,00000;                  0,00000;
120.056.095;ERZURUM OTOGAR;Açýlýþ hareketi;                 50,00000;                  3,75122;                 50,00000;                  0,00000;                  0,00000;                  0,00000;                  0,00000;
120.056.096;ERZURUM OTOGAR;Açýlýþ hareketi;                 50,00000;                  3,75122;                 50,00000;                  0,00000;                  0,00000;                  0,00000;                  0,00000;
120.056.108;ERZURUM OTOGAR;Açýlýþ hareketi;                 50,00000;                  3,75122;                 50,00000;                  0,00000;                  0,00000;                  0,00000;                  0,00000;
120.056.109;ERZURUM OTOGAR;Açýlýþ hareketi;                 50,00000;                  3,75122;                 50,00000;                  0,00000;                  0,00000;                  0,00000;                  0,00000;
120.056.200;ERZURUM OTOGAR;Açýlýþ hareketi;               4619,97000;                473,32438;               4619,97000;                  0,00000;                  0,00000;                  0,00000;                  0,00000;
120.057.001;ERZURUM OTOGAR;Açýlýþ hareketi;              -9749,02000;               -505,81548;              -9749,02000;                  0,00000;                  0,00000;                  0,00000;                  0,00000;
120.057.002;ERZURUM OTOGAR;Açýlýþ hareketi;             -18000,00000;              -1054,88226;             -18000,00000;                  0,00000;                  0,00000;                  0,00000;                  0,00000;
120.057.003;ERZURUM OTOGAR;Açýlýþ hareketi;             -62999,96000;              -2925,22000;             -62999,96000;                  0,00000;                  0,00000;                  0,00000;                  0,00000;
120.057.006;ERZURUM OTOGAR;Açýlýþ hareketi;              -6000,00000;               -342,86000;              -6000,00000;                  0,00000;                  0,00000;                  0,00000;                  0,00000;
120.057.007;ERZURUM OTOGAR;Açýlýþ hareketi;            -243530,00000;             -10204,33000;            -243530,00000;                  0,00000;                  0,00000;                  0,00000;                  0,00000;
120.057.008;ERZURUM OTOGAR;Açýlýþ hareketi;                  0,01000;                  6,98000;                  0,01000;                  0,00000;                  0,00000;                  0,00000;                  0,00000;
120.057.009;;Açýlýþ hareketi;              22800,00000;                774,50388;              22800,00000;                  0,00000;                  0,00000;                  0,00000;                  0,00000;
120.057.009;ERZURUM OTOGAR;Açýlýþ hareketi;             -22800,00000;              -1305,17000;             -22800,00000;                  0,00000;                  0,00000;                  0,00000;                  0,00000;
120.057.011;ERZURUM OTOGAR;Açýlýþ hareketi;             -40999,99000;              -1885,17000;             -40999,99000;                  0,00000;                  0,00000;                  0,00000;                  0,00000;
120.057.012;ERZURUM OTOGAR;Açýlýþ hareketi;             -33500,00000;              -1426,55000;             -33500,00000;                  0,00000;                  0,00000;                  0,00000;                  0,00000;
120.057.013;ERZURUM OTOGAR;Açýlýþ hareketi;             -40500,00000;              -1683,30000;             -40500,00000;                  0,00000;                  0,00000;                  0,00000;                  0,00000;
120.057.014;ERZURUM OTOGAR;Açýlýþ hareketi;              -5000,00000;               -173,28000;              -5000,00000;                  0,00000;                  0,00000;                  0,00000;                  0,00000;
120.100.001;ERZURUM AVM;Açýlýþ hareketi;                999,93000;                 27,47721;                999,93000;                  0,00000;                  0,00000;                  0,00000;                  0,00000;
120.100.002;ERZURUM AVM;Açýlýþ hareketi;              74286,45000;               6869,72102;              74286,45000;                  0,00000;                  0,00000;                  0,00000;                  0,00000;
120.100.003;ERZURUM AVM;Açýlýþ hareketi;                 -6,69000;               -149,54996;                 -6,69000;                  0,00000;                  0,00000;                  0,00000;                  0,00000;
120.100.004;ERZURUM AVM;Açýlýþ hareketi;             123583,08000;               8451,80447;             123583,08000;                  0,00000;                  0,00000;                  0,00000;                  0,00000;
120.100.005;ERZURUM AVM;Açýlýþ hareketi;                  0,01000;                 72,83000;                  0,01000;                  0,00000;                  0,00000;                  0,00000;                  0,00000;
120.100.006;ERZURUM AVM;Açýlýþ hareketi;            1431059,90000;              76961,69936;            1466359,59521;                  0,00000;                  0,00000;                  0,00000;                  0,00000;
120.100.006;YOLCU TAÞIMACILIÐI;Açýlýþ hareketi;            -687119,34000;             -24550,54000;            -687119,34000;                  0,00000;                  0,00000;                  0,00000;                  0,00000;
120.100.007;ERZURUM AVM;Açýlýþ hareketi;             641543,01000;              23176,41264;             733354,84279;                  0,00000;                  0,00000;                  0,00000;                  0,00000;
120.100.008;ERZURUM AVM;Açýlýþ hareketi;              15625,71000;               1510,93559;              15625,71000;                  0,00000;                  0,00000;                  0,00000;                  0,00000;
120.100.009;ERZURUM AVM;Açýlýþ hareketi;             362059,04000;              12429,83843;             392974,05058;                  0,00000;                  0,00000;                  0,00000;                  0,00000;
120.100.010;ERZURUM AVM;Açýlýþ hareketi;               4883,44000;                708,60052;               4883,44000;                  0,00000;                  0,00000;                  0,00000;                  0,00000;
120.100.011;ERZURUM AVM;Açýlýþ hareketi;              89955,88000;               6748,88439;              89955,88000;                  0,00000;                  0,00000;                  0,00000;                  0,00000;
120.100.012;ERZURUM AVM;Açýlýþ hareketi;                  0,60000;                958,96901;                  0,60000;                  0,00000;                  0,00000;                  0,00000;                  0,00000;
120.100.013;ERZURUM AVM;Açýlýþ hareketi;             124231,71000;               9320,40738;             124231,71000;                  0,00000;                  0,00000;                  0,00000;                  0,00000;
120.100.014;ERZURUM AVM;Açýlýþ hareketi;                  0,04000;                773,02000;                  0,04000;                  0,00000;                  0,00000;                  0,00000;                  0,00000;
120.100.015;ERZURUM AVM;Açýlýþ hareketi;             148299,97000;              11126,11374;             148299,97000;                  0,00000;                  0,00000;                  0,00000;                  0,00000;
120.100.017;ERZURUM AVM;Açýlýþ hareketi;              -9884,86000;               -299,69000;              -9884,86000;                  0,00000;                  0,00000;                  0,00000;                  0,00000;
120.100.017;YOLCU TAÞIMACILIÐI;Açýlýþ hareketi;             169428,13000;               5136,79000;             169428,13000;                  0,00000;                  0,00000;                  0,00000;                  0,00000;
120.100.018;ERZURUM AVM;Açýlýþ hareketi;              18000,51000;               1985,50000;              18000,51000;                  0,00000;                  0,00000;                  0,00000;                  0,00000;
120.100.019;ERZURUM AVM;Açýlýþ hareketi;              44538,48000;               4899,53550;              44538,48000;                  0,00000;                  0,00000;                  0,00000;                  0,00000;
120.100.031;ERZURUM AVM;Açýlýþ hareketi;             -13546,63000;               -448,29000;             -13546,63000;                  0,00000;                  0,00000;                  0,00000;                  0,00000;
120.100.032;ERZURUM AVM;Açýlýþ hareketi;              36317,07000;               3711,24015;              36317,07000;                  0,00000;                  0,00000;                  0,00000;                  0,00000;
120.100.032;YOLCU TAÞIMACILIÐI;Açýlýþ hareketi;             -36317,00000;              -1184,65000;             -36317,00000;                  0,00000;                  0,00000;                  0,00000;                  0,00000;
120.100.033;ERZURUM AVM;Açýlýþ hareketi;             223827,73000;              15375,40961;             223827,73000;                  0,00000;                  0,00000;                  0,00000;                  0,00000;
120.100.034;ERZURUM AVM;Açýlýþ hareketi;                 -0,22000;              -1674,98744;                 -0,22000;                  0,00000;                  0,00000;                  0,00000;                  0,00000;
120.100.035;ERZURUM AVM;Açýlýþ hareketi;             -48769,26000;              -5988,64804;             -48769,26000;                  0,00000;                  0,00000;                  0,00000;                  0,00000;
120.100.035;YOLCU TAÞIMACILIÐI;Açýlýþ hareketi;            -100000,00000;              -3031,84000;            -100000,00000;                  0,00000;                  0,00000;                  0,00000;                  0,00000;
120.100.036;ERZURUM AVM;Açýlýþ hareketi;             750325,69000;              24909,65000;             750325,69000;                  0,00000;                  0,00000;                  0,00000;                  0,00000;
120.100.037;ERZURUM AVM;Açýlýþ hareketi;                  0,03000;                517,63000;                  0,03000;                  0,00000;                  0,00000;                  0,00000;                  0,00000;
120.100.038;ERZURUM AVM;Açýlýþ hareketi;             197153,73000;              14791,33693;             197153,73000;                  0,00000;                  0,00000;                  0,00000;                  0,00000;
120.100.042;ERZURUM AVM;Açýlýþ hareketi;              61558,10000;               3189,06171;              61558,10000;                  0,00000;                  0,00000;                  0,00000;                  0,00000;
120.100.043;ERZURUM AVM;Açýlýþ hareketi;                582,00000;                 43,66419;                582,00000;                  0,00000;                  0,00000;                  0,00000;                  0,00000;
120.100.045;ERZURUM AVM;Açýlýþ hareketi;                862,21000;                 66,25602;               6175,10682;                  0,00000;                  0,00000;                  0,00000;                  0,00000;
120.100.046;ERZURUM AVM;Açýlýþ hareketi;              27006,05000;               3160,09588;              27006,05000;                  0,00000;                  0,00000;                  0,00000;                  0,00000;
120.100.048;ERZURUM AVM;Açýlýþ hareketi;                  0,01000;                 11,52778;                  0,01000;                  0,00000;                  0,00000;                  0,00000;                  0,00000;
120.100.049;ERZURUM AVM;Açýlýþ hareketi;                548,32000;                 41,13737;                548,32000;                  0,00000;                  0,00000;                  0,00000;                  0,00000;
120.100.050;ERZURUM AVM;Açýlýþ hareketi;                219,24000;                 16,44835;                219,24000;                  0,00000;                  0,00000;                  0,00000;                  0,00000;
120.100.051;ERZURUM AVM;Açýlýþ hareketi;               6347,63000;                476,22702;               6347,63000;                  0,00000;                  0,00000;                  0,00000;                  0,00000;
120.100.052;ERZURUM AVM;Açýlýþ hareketi;             118976,34000;               9769,94419;             118976,34000;                  0,00000;                  0,00000;                  0,00000;                  0,00000;
120.100.053;ERZURUM AVM;Açýlýþ hareketi;            1674797,94000;              56616,27606;            1674797,94000;                  0,00000;                  0,00000;                  0,00000;                  0,00000;
120.100.054;ERZURUM AVM;Açýlýþ hareketi;              78332,12000;               5876,81897;              78332,12000;                  0,00000;                  0,00000;                  0,00000;                  0,00000;
120.100.055;ERZURUM AVM;Açýlýþ hareketi;             333462,41000;              11035,04000;             333462,41000;                  0,00000;                  0,00000;                  0,00000;                  0,00000;
120.100.055;YOLCU TAÞIMACILIÐI;Açýlýþ hareketi;             -79502,46000;              -2410,38000;             -79502,46000;                  0,00000;                  0,00000;                  0,00000;                  0,00000;
120.100.056;ERZURUM AVM;Açýlýþ hareketi;             308231,18000;              12928,42112;             308231,18000;                  0,00000;                  0,00000;                  0,00000;                  0,00000;
120.100.056;YOLCU TAÞIMACILIÐI;Açýlýþ hareketi;            -300000,00000;              -9927,69000;            -300000,00000;                  0,00000;                  0,00000;                  0,00000;                  0,00000;
120.100.057;ERZURUM AVM;Açýlýþ hareketi;              13900,04000;               1042,84192;              13900,04000;                  0,00000;                  0,00000;                  0,00000;                  0,00000;
120.100.058;ERZURUM AVM;Açýlýþ hareketi;              31780,93000;               2384,34466;              31780,93000;                  0,00000;                  0,00000;                  0,00000;                  0,00000;
120.100.059;ERZURUM AVM;Açýlýþ hareketi;             111749,09000;               8383,90652;             111749,09000;                  0,00000;                  0,00000;                  0,00000;                  0,00000;
120.100.060;ERZURUM AVM;Açýlýþ hareketi;               3123,30000;              12355,85693;               3123,30000;                  0,00000;                  0,00000;                  0,00000;                  0,00000;
120.100.060;YOLCU TAÞIMACILIÐI;Açýlýþ hareketi;             -40000,00000;              -1461,10000;             -40000,00000;                  0,00000;                  0,00000;                  0,00000;                  0,00000;
120.100.061;ERZURUM AVM;Açýlýþ hareketi;               1766,10000;               1477,06479;               1766,10000;                  0,00000;                  0,00000;                  0,00000;                  0,00000;
120.100.062;ERZURUM AVM;Açýlýþ hareketi;             218825,71000;              46447,86762;             274108,67042;                  0,00000;                  0,00000;                  0,00000;                  0,00000;
120.100.063;ERZURUM AVM;Açýlýþ hareketi;              50481,27000;               1724,66405;              50481,27000;                  0,00000;                  0,00000;                  0,00000;                  0,00000;
120.100.064;YOLCU TAÞIMACILIÐI;Açýlýþ hareketi;               -700,00000;                -25,70000;               -700,00000;                  0,00000;                  0,00000;                  0,00000;                  0,00000;
120.100.065;ERZURUM AVM;Açýlýþ hareketi;               2294,98000;               2129,66946;               2294,98000;                  0,00000;                  0,00000;                  0,00000;                  0,00000;
120.100.066;ERZURUM AVM;Açýlýþ hareketi;             821478,01000;              48515,17876;             821478,01000;                  0,00000;                  0,00000;                  0,00000;                  0,00000;
120.100.067;ERZURUM AVM;Açýlýþ hareketi;             546747,96000;              22824,97318;             546747,96000;                  0,00000;                  0,00000;                  0,00000;                  0,00000;
120.100.068;ERZURUM AVM;Açýlýþ hareketi;                 73,93000;               2261,22675;                 73,93000;                  0,00000;                  0,00000;                  0,00000;                  0,00000;
120.100.069;;Açýlýþ hareketi;               1740,80000;                130,60245;               1740,80000;                  0,00000;                  0,00000;                  0,00000;                  0,00000;
120.100.070;ERZURUM AVM;Açýlýþ hareketi;                655,72000;                 49,19499;                655,72000;                  0,00000;                  0,00000;                  0,00000;                  0,00000;
120.100.071;ERZURUM AVM;Açýlýþ hareketi;               5921,64000;               2924,82357;               5921,64000;                  0,00000;                  0,00000;                  0,00000;                  0,00000;
120.100.072;ERZURUM AVM;Açýlýþ hareketi;             547700,40000;              22638,99333;             547700,40000;                  0,00000;                  0,00000;                  0,00000;                  0,00000;
120.100.073;ERZURUM AVM;Açýlýþ hareketi;                  3,89000;                  0,29184;                  3,89000;                  0,00000;                  0,00000;                  0,00000;                  0,00000;
120.100.074;ERZURUM AVM;Açýlýþ hareketi;             222653,48000;               9298,76317;             222653,48000;                  0,00000;                  0,00000;                  0,00000;                  0,00000;
120.100.075;ERZURUM AVM;Açýlýþ hareketi;               2602,97000;                195,28622;               2602,97000;                  0,00000;                  0,00000;                  0,00000;                  0,00000;
120.100.076;ERZURUM AVM;Açýlýþ hareketi;             890001,53000;              36987,37985;             890001,53000;                  0,00000;                  0,00000;                  0,00000;                  0,00000;
120.100.077;ERZURUM AVM;Açýlýþ hareketi;                  0,67000;                397,41281;                  0,67000;                  0,00000;                  0,00000;                  0,00000;                  0,00000;
120.100.078;ERZURUM AVM;Açýlýþ hareketi;               5694,44000;               1147,85000;               5694,44000;                  0,00000;                  0,00000;                  0,00000;                  0,00000;
120.100.080;ERZURUM AVM;Açýlýþ hareketi;              28163,15000;               2112,92295;              28163,15000;                  0,00000;                  0,00000;                  0,00000;                  0,00000;
120.100.081;ERZURUM AVM;Açýlýþ hareketi;              70341,91000;               5277,35839;              70341,91000;                  0,00000;                  0,00000;                  0,00000;                  0,00000;
120.100.082;ERZURUM AVM;Açýlýþ hareketi;                241,14000;                652,10002;                241,14000;                  0,00000;                  0,00000;                  0,00000;                  0,00000;
120.100.083;ERZURUM AVM;Açýlýþ hareketi;               1149,45000;                 86,23678;               1149,45000;                  0,00000;                  0,00000;                  0,00000;                  0,00000;
120.100.084;ERZURUM AVM;Açýlýþ hareketi;               2167,99000;                162,65211;               2167,99000;                  0,00000;                  0,00000;                  0,00000;                  0,00000;
120.100.085;ERZURUM AVM;Açýlýþ hareketi;             251472,37000;              16086,03337;             251472,37000;                  0,00000;                  0,00000;                  0,00000;                  0,00000;
120.100.086;ERZURUM AVM;Açýlýþ hareketi;             306370,15000;              16258,87445;             306370,15000;                  0,00000;                  0,00000;                  0,00000;                  0,00000;
120.100.086;YOLCU TAÞIMACILIÐI;Açýlýþ hareketi;            -190000,00000;              -6088,01000;            -190000,00000;                  0,00000;                  0,00000;                  0,00000;                  0,00000;
120.100.087;ERZURUM AVM;Açýlýþ hareketi;              65969,08000;               5892,75873;              65969,08000;                  0,00000;                  0,00000;                  0,00000;                  0,00000;
120.100.088;ERZURUM AVM;Açýlýþ hareketi;             112856,55000;               8079,24880;             112856,55000;                  0,00000;                  0,00000;                  0,00000;                  0,00000;
120.100.089;ERZURUM AVM;Açýlýþ hareketi;               2074,68000;                155,65159;               2074,68000;                  0,00000;                  0,00000;                  0,00000;                  0,00000;
120.100.090;ERZURUM AVM;Açýlýþ hareketi;              91606,61000;               5390,00139;              91606,61000;                  0,00000;                  0,00000;                  0,00000;                  0,00000;
120.100.090;YOLCU TAÞIMACILIÐI;Açýlýþ hareketi;             -10000,00000;               -373,55000;             -10000,00000;                  0,00000;                  0,00000;                  0,00000;                  0,00000;
120.100.091;ERZURUM AVM;Açýlýþ hareketi;               1411,28000;                105,88041;               1411,28000;                  0,00000;                  0,00000;                  0,00000;                  0,00000;
120.100.092;ERZURUM AVM;Açýlýþ hareketi;             171669,16000;              12879,37280;             171669,16000;                  0,00000;                  0,00000;                  0,00000;                  0,00000;
120.100.093;ERZURUM AVM;Açýlýþ hareketi;               2700,05000;                703,13439;               2700,05000;                  0,00000;                  0,00000;                  0,00000;                  0,00000;
120.100.095;ERZURUM AVM;Açýlýþ hareketi;              67232,46000;               5044,07382;              67232,46000;                  0,00000;                  0,00000;                  0,00000;                  0,00000;
120.100.097;ERZURUM AVM;Açýlýþ hareketi;              15889,48000;               1791,58610;              15889,48000;                  0,00000;                  0,00000;                  0,00000;                  0,00000;
120.100.099;ERZURUM AVM;Açýlýþ hareketi;             336293,02000;              25230,17631;             336293,02000;                  0,00000;                  0,00000;                  0,00000;                  0,00000;
120.100.103;ERZURUM AVM;Açýlýþ hareketi;               3578,45000;                268,47100;               3578,45000;                  0,00000;                  0,00000;                  0,00000;                  0,00000;
120.100.104;ERZURUM AVM;Açýlýþ hareketi;                 19,68000;                  1,47648;                 19,68000;                  0,00000;                  0,00000;                  0,00000;                  0,00000;
120.100.107;ERZURUM AVM;Açýlýþ hareketi;             826020,81000;              61971,70155;             826020,81000;                  0,00000;                  0,00000;                  0,00000;                  0,00000;
120.100.109;ERZURUM AVM;Açýlýþ hareketi;             120785,06000;               9061,82459;             120785,06000;                  0,00000;                  0,00000;                  0,00000;                  0,00000;
120.100.110;ERZURUM AVM;Açýlýþ hareketi;                  5,33000;                  0,39988;                  5,33000;                  0,00000;                  0,00000;                  0,00000;                  0,00000;
120.100.111;ERZURUM AVM;Açýlýþ hareketi;               3898,03000;                292,44730;               3898,03000;                  0,00000;                  0,00000;                  0,00000;                  0,00000;
120.100.111A;ERZURUM AVM;Açýlýþ hareketi;                663,62000;                 49,78768;                663,62000;                  0,00000;                  0,00000;                  0,00000;                  0,00000;
120.100.111B;ERZURUM AVM;Açýlýþ hareketi;               2698,74000;                202,47130;               2698,74000;                  0,00000;                  0,00000;                  0,00000;                  0,00000;
120.100.113;ERZURUM AVM;Açýlýþ hareketi;               1219,02000;                 91,45622;               1219,02000;                  0,00000;                  0,00000;                  0,00000;                  0,00000;
120.100.114;ERZURUM AVM;Açýlýþ hareketi;             176291,96000;              13226,19551;             176291,96000;                  0,00000;                  0,00000;                  0,00000;                  0,00000;
120.100.118;ERZURUM AVM;Açýlýþ hareketi;              20307,11000;               1523,52840;              20307,11000;                  0,00000;                  0,00000;                  0,00000;                  0,00000;
120.100.120;ERZURUM AVM;Açýlýþ hareketi;                343,04000;                 25,73636;                343,04000;                  0,00000;                  0,00000;                  0,00000;                  0,00000;
120.100.121;ERZURUM AVM;Açýlýþ hareketi;               2333,34000;                144,85000;               2333,34000;                  0,00000;                  0,00000;                  0,00000;                  0,00000;
120.100.152;ERZURUM AVM;Açýlýþ hareketi;                 -0,01000;                -92,43000;                 -0,01000;                  0,00000;                  0,00000;                  0,00000;                  0,00000;
120.100.153;ERZURUM AVM;Açýlýþ hareketi;                  0,01000;                 24,51000;                  0,01000;                  0,00000;                  0,00000;                  0,00000;                  0,00000;
120.100.170;ERZURUM AVM;Açýlýþ hareketi;               6545,79000;                348,91000;               6545,79000;                  0,00000;                  0,00000;                  0,00000;                  0,00000;
120.100.177;ERZURUM AVM;Açýlýþ hareketi;               2746,86000;                143,79000;               2746,86000;                  0,00000;                  0,00000;                  0,00000;                  0,00000;
120.100.177;YOLCU TAÞIMACILIÐI;Açýlýþ hareketi;             -24210,84000;               -903,55000;             -24210,84000;                  0,00000;                  0,00000;                  0,00000;                  0,00000;
120.100.178;ERZURUM AVM;Açýlýþ hareketi;                959,98000;                 72,02191;                959,98000;                  0,00000;                  0,00000;                  0,00000;                  0,00000;
120.100.185;ERZURUM AVM;Açýlýþ hareketi;             195793,85000;              14689,31278;             195793,85000;                  0,00000;                  0,00000;                  0,00000;                  0,00000;
120.100.187;ERZURUM AVM;Açýlýþ hareketi;              37153,43000;               2787,41316;              37153,43000;                  0,00000;                  0,00000;                  0,00000;                  0,00000;
120.100.193;ERZURUM AVM;Açýlýþ hareketi;              27800,00000;               2085,67785;              27800,00000;                  0,00000;                  0,00000;                  0,00000;                  0,00000;
120.100.198;ERZURUM AVM;Açýlýþ hareketi;              22133,69000;               1660,56643;              22133,69000;                  0,00000;                  0,00000;                  0,00000;                  0,00000;
120.100.211;ERZURUM AVM;Açýlýþ hareketi;                  4,43000;                  0,33236;                  4,43000;                  0,00000;                  0,00000;                  0,00000;                  0,00000;
120.100.304;ERZURUM AVM;Açýlýþ hareketi;               3483,09000;                261,31668;               3483,09000;                  0,00000;                  0,00000;                  0,00000;                  0,00000;
120.100.317;ERZURUM AVM;Açýlýþ hareketi;              19623,90000;               1472,27099;              19623,90000;                  0,00000;                  0,00000;                  0,00000;                  0,00000;
120.100.321;ERZURUM AVM;Açýlýþ hareketi;               1180,00000;                 88,52877;               1180,00000;                  0,00000;                  0,00000;                  0,00000;                  0,00000;
120.100.331;ERZURUM AVM;Açýlýþ hareketi;               1180,00000;                 88,52877;               1180,00000;                  0,00000;                  0,00000;                  0,00000;                  0,00000;
120.100.341;;Açýlýþ hareketi;               4427,53000;                298,71000;               4427,53000;                  0,00000;                  0,00000;                  0,00000;                  0,00000;
120.100.500;ERZURUM AVM;Açýlýþ hareketi;               9600,01000;                720,23483;               9600,01000;                  0,00000;                  0,00000;                  0,00000;                  0,00000;
120.102.001;;Açýlýþ hareketi;             -41005,08000;              -1445,09522;             -41005,08000;                  0,00000;                  0,00000;                  0,00000;                  0,00000;
120.102.001;ERZURUM AVM;Açýlýþ hareketi;              41005,08000;               2184,79000;              41005,08000;                  0,00000;                  0,00000;                  0,00000;                  0,00000;
120.102.002;YOLCU TAÞIMACILIÐI;Açýlýþ hareketi;             167000,00000;               5197,00000;             167000,00000;                  0,00000;                  0,00000;                  0,00000;                  0,00000;
120.102.004;ERZURUM AVM;Açýlýþ hareketi;                 -0,01000;                 -8,40000;                 -0,01000;                  0,00000;                  0,00000;                  0,00000;                  0,00000;
120.102.012;ERZURUM AVM;Açýlýþ hareketi;                150,00000;                 11,25366;                150,00000;                  0,00000;                  0,00000;                  0,00000;                  0,00000;
120.102.019;ERZURUM AVM;Açýlýþ hareketi;                150,00000;                 11,25366;                150,00000;                  0,00000;                  0,00000;                  0,00000;                  0,00000;
120.102.021;ERZURUM AVM;Açýlýþ hareketi;             195000,00000;              10876,47383;             195000,00000;                  0,00000;                  0,00000;                  0,00000;                  0,00000;
120.102.024;ERZURUM AVM;Açýlýþ hareketi;                149,99000;                 11,25291;                149,99000;                  0,00000;                  0,00000;                  0,00000;                  0,00000;
120.102.026;ERZURUM AVM;Açýlýþ hareketi;              23015,64000;               1726,73419;              23015,64000;                  0,00000;                  0,00000;                  0,00000;                  0,00000;
120.102.030;ERZURUM AVM;Açýlýþ hareketi;                150,00000;                 11,25366;                150,00000;                  0,00000;                  0,00000;                  0,00000;                  0,00000;
120.102.032;ERZURUM AVM;Açýlýþ hareketi;                 -0,01000;                -16,99000;                 -0,01000;                  0,00000;                  0,00000;                  0,00000;                  0,00000;
120.102.033;;Açýlýþ hareketi;          442397456,66000;           14377713,70779;          442397456,66000;                  0,00000;                  0,00000;                  0,00000;                  0,00000;
120.102.033;YOLCU TAÞIMACILIÐI;Açýlýþ hareketi;         -435955059,11000;          -14464732,87000;         -435955059,11000;                  0,00000;                  0,00000;                  0,00000;                  0,00000;
120.102.335;;Açýlýþ hareketi;              -3555,90000;               -120,79203;              -3555,90000;                  0,00000;                  0,00000;                  0,00000;                  0,00000;
120.102.335;ERZURUM AVM;Açýlýþ hareketi;               3398,81000;                117,70000;               3398,81000;                  0,00000;                  0,00000;                  0,00000;                  0,00000;
121.100.001;ERZURUM AVM;Açýlýþ hareketi;              47180,00000;               2537,43000;              47180,00000;                  0,00000;                  0,00000;                  0,00000;                  0,00000;
126;AKARYAKIT ÝSTASYONU;Açýlýþ hareketi;              32450,00000;                983,83000;              32450,00000;                  0,00000;                  0,00000;                  0,00000;                  0,00000;
127.001.002;;Açýlýþ hareketi;             767955,52000;              45392,07482;             767955,52000;                  0,00000;                  0,00000;                  0,00000;                  0,00000;
127.001.002;YOLCU TAÞIMACILIÐI;Açýlýþ hareketi;            -767955,52000;             -51995,56000;            -767955,52000;                  0,00000;                  0,00000;                  0,00000;                  0,00000;
127.100.001;YOLCU TAÞIMACILIÐI;Açýlýþ hareketi;             450000,00000;              13643,28000;             450000,00000;                  0,00000;                  0,00000;                  0,00000;                  0,00000;
127.100.004;ERZURUM AVM;Açýlýþ hareketi;            1937127,20000;             145331,77283;            1937127,20000;                  0,00000;                  0,00000;                  0,00000;                  0,00000;
127.100.005;ERZURUM AVM;Açýlýþ hareketi;              96528,00000;               7241,95363;              96528,00000;                  0,00000;                  0,00000;                  0,00000;                  0,00000;
127.100.006;ERZURUM AVM;Açýlýþ hareketi;                 44,00000;                  3,30107;                 44,00000;                  0,00000;                  0,00000;                  0,00000;                  0,00000;
128.050.001;ERZURUM OTOGAR;Açýlýþ hareketi;              71234,29000;               5344,30865;              71234,29000;                  0,00000;                  0,00000;                  0,00000;                  0,00000;
128.050.002;ERZURUM OTOGAR;Açýlýþ hareketi;              89298,79000;               6699,58662;              89298,79000;                  0,00000;                  0,00000;                  0,00000;                  0,00000;
128.050.003;ERZURUM OTOGAR;Açýlýþ hareketi;             102499,15000;               7689,93548;             102499,15000;                  0,00000;                  0,00000;                  0,00000;                  0,00000;
128.100.009;ERZURUM AVM;Açýlýþ hareketi;                965,00000;                 72,39853;                965,00000;                  0,00000;                  0,00000;                  0,00000;                  0,00000;
128.100.015;ERZURUM AVM;Açýlýþ hareketi;                244,00000;                 18,30595;                244,00000;                  0,00000;                  0,00000;                  0,00000;                  0,00000;
128.100.057;ERZURUM AVM;Açýlýþ hareketi;                588,09000;                 44,12109;                588,09000;                  0,00000;                  0,00000;                  0,00000;                  0,00000;
128.100.062;ERZURUM AVM;Açýlýþ hareketi;                243,00000;                 18,23093;                243,00000;                  0,00000;                  0,00000;                  0,00000;                  0,00000;
128.100.079;ERZURUM AVM;Açýlýþ hareketi;                450,03000;                 33,76322;                450,03000;                  0,00000;                  0,00000;                  0,00000;                  0,00000;
128.100.081;ERZURUM AVM;Açýlýþ hareketi;               2612,59000;                196,00795;               2612,59000;                  0,00000;                  0,00000;                  0,00000;                  0,00000;
128.100.083;ERZURUM AVM;Açýlýþ hareketi;                714,02000;                 53,56891;                714,02000;                  0,00000;                  0,00000;                  0,00000;                  0,00000;
128.100.084;ERZURUM AVM;Açýlýþ hareketi;                234,90000;                 17,62323;                234,90000;                  0,00000;                  0,00000;                  0,00000;                  0,00000;
128.100.091;ERZURUM AVM;Açýlýþ hareketi;                842,49000;                 63,20729;                842,49000;                  0,00000;                  0,00000;                  0,00000;                  0,00000;
128.100.093;ERZURUM AVM;Açýlýþ hareketi;                202,00000;                 15,15493;                202,00000;                  0,00000;                  0,00000;                  0,00000;                  0,00000;
128.100.101;ERZURUM AVM;Açýlýþ hareketi;                743,69000;                 55,79488;                743,69000;                  0,00000;                  0,00000;                  0,00000;                  0,00000;
128.100.102;ERZURUM AVM;Açýlýþ hareketi;                521,95000;                 39,15898;                521,95000;                  0,00000;                  0,00000;                  0,00000;                  0,00000;
128.100.109;ERZURUM AVM;Açýlýþ hareketi;               1817,33000;                136,34406;               1817,33000;                  0,00000;                  0,00000;                  0,00000;                  0,00000;
128.100.111B;ERZURUM AVM;Açýlýþ hareketi;                308,68000;                 23,15853;                308,68000;                  0,00000;                  0,00000;                  0,00000;                  0,00000;
128.100.112;ERZURUM AVM;Açýlýþ hareketi;                403,31000;                 30,25808;                403,31000;                  0,00000;                  0,00000;                  0,00000;                  0,00000;
129.050.001;ERZURUM OTOGAR;Açýlýþ hareketi;            -263032,23000;             -19733,83074;            -263032,23000;                  0,00000;                  0,00000;                  0,00000;                  0,00000;
131.001.001;;Açýlýþ hareketi;           36363597,55000;            1388412,26649;           36363597,55000;                  0,00000;                  0,00000;                  0,00000;                  0,00000;
131.001.001;YOLCU TAÞIMACILIÐI;Açýlýþ hareketi;          -36363597,55000;           -1341412,44000;          -36363597,55000;                  0,00000;                  0,00000;                  0,00000;                  0,00000;
131.001.002;;Açýlýþ hareketi;          -15155133,71000;            -525133,19000;          -15155133,71000;                  0,00000;                  0,00000;                  0,00000;                  0,00000;
131.001.002;YOLCU TAÞIMACILIÐI;Açýlýþ hareketi;           15155133,71000;             557274,11000;           15155133,71000;                  0,00000;                  0,00000;                  0,00000;                  0,00000;
131.001.003;;Açýlýþ hareketi;           -7360848,59000;            -255057,19000;           -7360848,59000;                  0,00000;                  0,00000;                  0,00000;                  0,00000;
131.001.003;YOLCU TAÞIMACILIÐI;Açýlýþ hareketi;            7360848,59000;             274793,81000;            7360848,59000;                  0,00000;                  0,00000;                  0,00000;                  0,00000;
131.001.004;;Açýlýþ hareketi;           -3283388,67000;            -113771,11000;           -3283388,67000;                  0,00000;                  0,00000;                  0,00000;                  0,00000;
131.001.004;YOLCU TAÞIMACILIÐI;Açýlýþ hareketi;            3283388,67000;             125854,75000;            3283388,67000;                  0,00000;                  0,00000;                  0,00000;                  0,00000;
134.050.008;;Açýlýþ hareketi;               7613,63000;                237,02672;               7613,63000;                  0,00000;                  0,00000;                  0,00000;                  0,00000;
134.050.008;ERZURUM OTOGAR;Açýlýþ hareketi;             -14315,01000;               -463,44000;             -14315,01000;                  0,00000;                  0,00000;                  0,00000;                  0,00000;
134.050.010;ERZURUM OTOGAR;Açýlýþ hareketi;              -8115,07000;               -171,89000;              -8115,07000;                  0,00000;                  0,00000;                  0,00000;                  0,00000;
134.050.011;ERZURUM OTOGAR;Açýlýþ hareketi;             -23285,05000;               -721,32000;             -23285,05000;                  0,00000;                  0,00000;                  0,00000;                  0,00000;
134.050.012;ERZURUM OTOGAR;Açýlýþ hareketi;              22664,18000;                944,26000;              22664,18000;                  0,00000;                  0,00000;                  0,00000;                  0,00000;
134.050.014;ERZURUM OTOGAR;Açýlýþ hareketi;              15251,35000;                654,66000;              15251,35000;                  0,00000;                  0,00000;                  0,00000;                  0,00000;
134.051.004;ERZURUM OTOGAR;Açýlýþ hareketi;              -1272,04000;                -37,05000;              -1272,04000;                  0,00000;                  0,00000;                  0,00000;                  0,00000;
134.051.016;ERZURUM OTOGAR;Açýlýþ hareketi;               -770,50000;                -17,93000;               -770,50000;                  0,00000;                  0,00000;                  0,00000;                  0,00000;
134.051.018;ERZURUM OTOGAR;Açýlýþ hareketi;                -58,50000;                -15,63000;                -58,50000;                  0,00000;                  0,00000;                  0,00000;                  0,00000;
134.051.019;ERZURUM OTOGAR;Açýlýþ hareketi;               2839,00000;                 98,17000;               2839,00000;                  0,00000;                  0,00000;                  0,00000;                  0,00000;
134.051.021;ERZURUM OTOGAR;Açýlýþ hareketi;               -551,99000;                -15,12000;               -551,99000;                  0,00000;                  0,00000;                  0,00000;                  0,00000;
136.001.001;;Açýlýþ hareketi;                 20,00000;                  1,50000;                 20,00000;                  0,00000;                  0,00000;                  0,00000;                  0,00000;
136.001.001;YOLCU TAÞIMACILIÐI;Açýlýþ hareketi;                -20,00000;                 -1,49850;                -20,00000;                  0,00000;                  0,00000;                  0,00000;                  0,00000;
136.001.002;ERZURUM AVM;Açýlýþ hareketi;              15100,41000;               1019,83000;              15100,41000;                  0,00000;              83891,15000;                  0,00000;                  0,00000;
136.001.002;ERZURUM OTOGAR;Açýlýþ hareketi;              24800,24000;                960,32000;              24800,24000;                  0,00000;             124001,18000;                  0,00000;                  0,00000;
136.001.002;GES PROJESÝ ERZURUM;Açýlýþ hareketi;              12860,63000;                684,45000;              12860,63000;                  0,00000;              71447,96000;                  0,00000;                  0,00000;
136.001.002;YOLCU TAÞIMACILIÐI;Açýlýþ hareketi;             -21236,70000;               -952,91161;             -21236,70000;                  0,00000;              -1608,46000;                  0,00000;                  0,00000;
136.050.002;YOLCU TAÞIMACILIÐI;Açýlýþ hareketi;               -571,17000;                -31,44000;               -571,17000;                  0,00000;                  0,00000;                  0,00000;                  0,00000;
150.001.004;;Açýlýþ hareketi;             -97072,81000;              -5823,55000;             -97072,81000;                  0,00000;                  0,00000;                  0,00000;                  0,00000;
150.001.004;AKARYAKIT ÝSTASYONU;Açýlýþ hareketi;                966,03000;                105,01000;                966,03000;                 48,00000;                 48,00000;                 48,00000;                 48,00000;
150.001.004;YOLCU TAÞIMACILIÐI;Açýlýþ hareketi;              96106,78000;               7210,35186;              96106,78000;                  0,00000;                  0,00000;                  0,00000;                  0,00000;
153.001.001;;Açýlýþ hareketi;         -118481588,44000;           -4537975,29540;         -118481588,44000;                  0,00000;                  0,00000;                  0,00000;                  0,00000;
153.001.001;AKARYAKIT ÝSTASYONU;Açýlýþ hareketi;          116661567,07000;            4636030,19000;          116661567,07000;            3188431,42880;            3188431,42880;            3188431,42880;            3188431,42880;
153.001.001;YOLCU TAÞIMACILIÐI;Açýlýþ hareketi;            4289948,06000;             187034,97001;            4289948,06000;             104727,22000;             104727,22000;             104727,22000;             104727,22000;
153.001.002;;Açýlýþ hareketi;           -8559661,25000;            -314953,37716;           -8559661,25000;                  0,00000;                  0,00000;                  0,00000;                  0,00000;
153.001.002;AKARYAKIT ÝSTASYONU;Açýlýþ hareketi;            8694958,63000;             335639,05000;            8694958,63000;             217449,17900;             217449,17900;             217449,17900;             217449,17900;
153.001.002;YOLCU TAÞIMACILIÐI;Açýlýþ hareketi;             234495,62000;               8802,08383;             234495,62000;                  2,00000;                  2,00000;                  2,00000;                  2,00000;
153.001.003;;Açýlýþ hareketi;          -28710975,21000;           -1061683,83497;          -28710975,21000;                  0,00000;                  0,00000;                  0,00000;                  0,00000;
153.001.003;AKARYAKIT ÝSTASYONU;Açýlýþ hareketi;           28849172,97000;            1111658,21000;           28849172,97000;             756217,00000;            1400401,85184;             756217,00000;             756217,00000;
153.001.003;YOLCU TAÞIMACILIÐI;Açýlýþ hareketi;             283018,08000;              14283,18271;             283018,08000;               4101,00000;               7594,44444;               4101,00000;               4101,00000;
153.001.004;;Açýlýþ hareketi;            -128755,35000;              -6749,00184;            -128755,35000;                  0,00000;                  0,00000;                  0,00000;                  0,00000;
153.001.004;AKARYAKIT ÝSTASYONU;Açýlýþ hareketi;             170160,07000;               7459,42000;             170160,07000;               1370,96000;               1370,96000;               1370,96000;                 82,00000;
153.001.004;YOLCU TAÞIMACILIÐI;Açýlýþ hareketi;              42171,95000;               3163,92453;              42171,95000;                  0,00000;                  0,00000;                  0,00000;                  0,00000;
153.001.097;;Açýlýþ hareketi;              32482,23000;               1103,40408;              32482,23000;                  0,00000;                  0,00000;                  0,00000;                  0,00000;
153.001.098;;Açýlýþ hareketi;           -1980050,00000;             -76742,70886;           -1980050,00000;                  0,00000;                  0,00000;                  0,00000;                  0,00000;
153.001.098;AKARYAKIT ÝSTASYONU;Açýlýþ hareketi;            2099314,88000;              84490,28000;            2099314,88000;              18611,06362;              18611,06362;              18611,06362;               7779,00000;
153.001.098;YOLCU TAÞIMACILIÐI;Açýlýþ hareketi;             137998,61000;               9502,26218;             137998,61000;                  9,00000;                  9,00000;                  9,00000;                  9,00000;
153.001.099;;Açýlýþ hareketi;           -7016254,75000;            -272886,57576;           -7016254,75000;                  0,00000;                  0,00000;                  0,00000;                  0,00000;
153.001.099;AKARYAKIT ÝSTASYONU;Açýlýþ hareketi;            6375440,56000;             252100,51000;            6375440,56000;                989,98436;                989,98436;                989,98436;                932,00000;
153.001.099;YOLCU TAÞIMACILIÐI;Açýlýþ hareketi;             890249,88000;              63853,38835;             890249,88000;                 10,00000;                 10,00000;                 10,00000;                 10,00000;
153.001.100;;Açýlýþ hareketi;              43050,95000;               2362,54016;              43050,95000;                  0,00000;                  0,00000;                  0,00000;                  0,00000;
153.001.100;AKARYAKIT ÝSTASYONU;Açýlýþ hareketi;              -7914,19000;               -239,94000;              -7914,19000;               -106,00000;               -106,00000;               -106,00000;               -106,00000;
153.001.100;YOLCU TAÞIMACILIÐI;Açýlýþ hareketi;             -43050,95000;              -2708,07000;             -43050,95000;               -460,00000;               -460,00000;               -460,00000;               -460,00000;
153.1000;;Açýlýþ hareketi;             176928,48000;               5422,47952;             176928,48000;                  0,00000;                  0,00000;                  0,00000;                  0,00000;
159.001.002;;Açýlýþ hareketi;           -1408361,00000;             -62354,07198;           -1408361,00000;                  0,00000;                  0,00000;                  0,00000;                  0,00000;
159.001.002;ERZURUM AVM;Açýlýþ hareketi;             945000,00000;              36145,14000;             945000,00000;                  0,00000;                  0,00000;                  0,00000;                  0,00000;
159.001.002;YOLCU TAÞIMACILIÐI;Açýlýþ hareketi;            3863361,00000;             129316,79000;            3863361,00000;                  0,00000;                  0,00000;                  0,00000;                  0,00000;
159.001.005;AKARYAKIT ÝSTASYONU;Açýlýþ hareketi;            -796598,46000;             -24151,58000;            -796598,46000;                  0,00000;                  0,00000;                  0,00000;                  0,00000;
159.001.005;YOLCU TAÞIMACILIÐI;Açýlýþ hareketi;             796598,46000;              24151,57000;             796598,46000;                  0,00000;                  0,00000;                  0,00000;                  0,00000;
159.001.011;;Açýlýþ hareketi;             623090,00000;              29220,19987;             623090,00000;                  0,00000;                  0,00000;                  0,00000;                  0,00000;
159.001.011;ERZURUM AVM;Açýlýþ hareketi;             172563,00000;               9694,67000;             172563,00000;                  0,00000;                  0,00000;                  0,00000;                  0,00000;
159.001.011;ERZURUM OTOGAR;Açýlýþ hareketi;              35000,00000;               2084,14000;              35000,00000;                  0,00000;                  0,00000;                  0,00000;                  0,00000;
159.001.013;;Açýlýþ hareketi;              -7500,00000;               -674,21655;              -7500,00000;                  0,00000;                  0,00000;                  0,00000;                  0,00000;
159.001.013;YOLCU TAÞIMACILIÐI;Açýlýþ hareketi;               7500,00000;                419,14000;               7500,00000;                  0,00000;                  0,00000;                  0,00000;                  0,00000;
159.001.014;YOLCU TAÞIMACILIÐI;Açýlýþ hareketi;           32240850,00000;            1017967,78000;           32240850,00000;                  0,00000;                  0,00000;                  0,00000;                  0,00000;
159.001.015;YOLCU TAÞIMACILIÐI;Açýlýþ hareketi;             374854,25000;              11659,45000;             374854,25000;                  0,00000;                  0,00000;                  0,00000;                  0,00000;
159.001.016;YOLCU TAÞIMACILIÐI;Açýlýþ hareketi;             407539,14000;              12355,92000;             407539,14000;                  0,00000;                  0,00000;                  0,00000;                  0,00000;
159.001.027;;Açýlýþ hareketi;            4881000,00000;             276708,92257;            4881000,00000;                  0,00000;                  0,00000;                  0,00000;                  0,00000;
159.001.027;YOLCU TAÞIMACILIÐI;Açýlýþ hareketi;           -4881000,00000;            -212447,74350;           -4881000,00000;                  0,00000;                  0,00000;                  0,00000;                  0,00000;
159.001.028;;Açýlýþ hareketi;             -16977,50000;               -576,71665;             -16977,50000;                  0,00000;                  0,00000;                  0,00000;                  0,00000;
159.001.028;YOLCU TAÞIMACILIÐI;Açýlýþ hareketi;              16977,50000;               1273,72646;              16977,50000;                  0,00000;                  0,00000;                  0,00000;                  0,00000;
159.001.030;;Açýlýþ hareketi;             450000,00000;              13643,26796;             450000,00000;                  0,00000;                  0,00000;                  0,00000;                  0,00000;
159.001.054;;Açýlýþ hareketi;              -1977,02000;               -108,74522;              -1977,02000;                  0,00000;                  0,00000;                  0,00000;                  0,00000;
159.001.054;ERZURUM AVM;Açýlýþ hareketi;               2977,02000;                230,15000;               2977,02000;                  0,00000;                  0,00000;                  0,00000;                  0,00000;
159.001.056;;Açýlýþ hareketi;              -6500,00000;               -220,80154;              -6500,00000;                  0,00000;                  0,00000;                  0,00000;                  0,00000;
159.001.056;YOLCU TAÞIMACILIÐI;Açýlýþ hareketi;               6500,00000;                487,65849;               6500,00000;                  0,00000;                  0,00000;                  0,00000;                  0,00000;
159.001.067;YOLCU TAÞIMACILIÐI;Açýlýþ hareketi;             750000,00000;              56268,28719;             750000,00000;                  0,00000;                  0,00000;                  0,00000;                  0,00000;
159.001.068;;Açýlýþ hareketi;              -5833,02000;               -198,14459;              -5833,02000;                  0,00000;                  0,00000;                  0,00000;                  0,00000;
159.001.068;YOLCU TAÞIMACILIÐI;Açýlýþ hareketi;               5833,02000;                437,61873;               5833,02000;                  0,00000;                  0,00000;                  0,00000;                  0,00000;
159.001.070;;Açýlýþ hareketi;             -15000,00000;               -509,54202;             -15000,00000;                  0,00000;                  0,00000;                  0,00000;                  0,00000;
159.001.070;YOLCU TAÞIMACILIÐI;Açýlýþ hareketi;              15000,00000;               1125,36574;              15000,00000;                  0,00000;                  0,00000;                  0,00000;                  0,00000;
159.001.075;;Açýlýþ hareketi;            -555990,00000;             -18886,68465;            -555990,00000;                  0,00000;                  0,00000;                  0,00000;                  0,00000;
159.001.075;YOLCU TAÞIMACILIÐI;Açýlýþ hareketi;             555990,00000;              29902,22000;             555990,00000;                  0,00000;                  0,00000;                  0,00000;                  0,00000;
159.001.076;;Açýlýþ hareketi;           -7000000,00000;            -377996,29564;           -7000000,00000;                  0,00000;                  0,00000;                  0,00000;                  0,00000;
159.001.076;YOLCU TAÞIMACILIÐI;Açýlýþ hareketi;            7000151,00000;             385369,01000;            7000151,00000;                  0,00000;                  0,00000;                  0,00000;                  0,00000;
159.001.077;ERZURUM AVM;Açýlýþ hareketi;             625000,00000;              18948,98000;             625000,00000;                  0,00000;                  0,00000;                  0,00000;                  0,00000;
159.001.077;YOLCU TAÞIMACILIÐI;Açýlýþ hareketi;             550000,00000;              19733,14000;             550000,00000;                  0,00000;                  0,00000;                  0,00000;                  0,00000;
159.001.079;;Açýlýþ hareketi;          137531806,95000;            4546714,20008;          137531806,95000;                  0,00000;                  0,00000;                  0,00000;                  0,00000;
159.001.080;YOLCU TAÞIMACILIÐI;Açýlýþ hareketi;            7258000,00000;             250227,54000;            7258000,00000;                  0,00000;                  0,00000;                  0,00000;                  0,00000;
159.001.081;;Açýlýþ hareketi;            1651461,45000;              53523,53659;            1651461,45000;                  0,00000;                  0,00000;                  0,00000;                  0,00000;
159.001.082;;Açýlýþ hareketi;            2202336,00000;              72689,60387;            2202336,00000;                  0,00000;                  0,00000;                  0,00000;                  0,00000;
159.001.084;;Açýlýþ hareketi;           10800000,00000;             327438,43096;           10800000,00000;                  0,00000;                  0,00000;                  0,00000;                  0,00000;
159.001.084;ERZURUM AVM;Açýlýþ hareketi;           -5400000,00000;            -168112,22000;           -5400000,00000;                  0,00000;                  0,00000;                  0,00000;                  0,00000;
159.001.085;;Açýlýþ hareketi;           40858167,04000;            1238753,15811;           40858167,04000;                  0,00000;                  0,00000;                  0,00000;                  0,00000;
159.001.085;AKARYAKIT ÝSTASYONU;Açýlýþ hareketi;            6599134,19000;             200075,02000;            6599134,19000;                  0,00000;                  0,00000;                  0,00000;                  0,00000;
159.001.085;YOLCU TAÞIMACILIÐI;Açýlýþ hareketi;           16167228,75000;             490164,08000;           16167228,75000;                  0,00000;                  0,00000;                  0,00000;                  0,00000;
159.001.086;;Açýlýþ hareketi;           -9789119,00000;            -296790,16351;           -9789119,00000;                  0,00000;                  0,00000;                  0,00000;                  0,00000;
159.001.086;YOLCU TAÞIMACILIÐI;Açýlýþ hareketi;            9789119,00000;             296790,16000;            9789119,00000;                  0,00000;                  0,00000;                  0,00000;                  0,00000;
159.001.087;;Açýlýþ hareketi;           85928523,15000;            2605213,03660;           85928523,15000;                  0,00000;                  0,00000;                  0,00000;                  0,00000;
159.001.087;YOLCU TAÞIMACILIÐI;Açýlýþ hareketi;          -88390000,00000;           -2679841,01000;          -88390000,00000;                  0,00000;                  0,00000;                  0,00000;                  0,00000;
159.001.089;;Açýlýþ hareketi;             126021,00000;               3820,75171;             126021,00000;                  0,00000;                  0,00000;                  0,00000;                  0,00000;
159.001.089;AKARYAKIT ÝSTASYONU;Açýlýþ hareketi;              50760,00000;               1538,95000;              50760,00000;                  0,00000;                  0,00000;                  0,00000;                  0,00000;
159.001.089;YOLCU TAÞIMACILIÐI;Açýlýþ hareketi;            -176781,00000;              -5359,70000;            -176781,00000;                  0,00000;                  0,00000;                  0,00000;                  0,00000;
159.001.090;;Açýlýþ hareketi;             179200,00000;               5433,05248;             179200,00000;                  0,00000;                  0,00000;                  0,00000;                  0,00000;
159.001.091;;Açýlýþ hareketi;             113211,00000;               3432,37335;             113211,00000;                  0,00000;                  0,00000;                  0,00000;                  0,00000;
159.001.092;;Açýlýþ hareketi;          136249719,41000;            4130869,83359;          136249719,41000;                  0,00000;                  0,00000;                  0,00000;                  0,00000;
159.001.092;AKARYAKIT ÝSTASYONU;Açýlýþ hareketi;         -250213846,41000;           -7586076,84000;         -250213846,41000;                  0,00000;                  0,00000;                  0,00000;                  0,00000;
159.001.092;YOLCU TAÞIMACILIÐI;Açýlýþ hareketi;          113964127,00000;            3455206,91000;          113964127,00000;                  0,00000;                  0,00000;                  0,00000;                  0,00000;
159.001.093;;Açýlýþ hareketi;          -30000000,00000;            -909551,19712;          -30000000,00000;                  0,00000;                  0,00000;                  0,00000;                  0,00000;
159.001.093;YOLCU TAÞIMACILIÐI;Açýlýþ hareketi;           30000000,00000;             909551,19000;           30000000,00000;                  0,00000;                  0,00000;                  0,00000;                  0,00000;
159.001.094;;Açýlýþ hareketi;           15050805,69000;             456315,94753;           15050805,69000;                  0,00000;                  0,00000;                  0,00000;                  0,00000;
159.001.094;AKARYAKIT ÝSTASYONU;Açýlýþ hareketi;           -2500000,00000;             -75795,93000;           -2500000,00000;                  0,00000;                  0,00000;                  0,00000;                  0,00000;
159.001.094;YOLCU TAÞIMACILIÐI;Açýlýþ hareketi;          -12550805,69000;            -380520,00000;          -12550805,69000;                  0,00000;                  0,00000;                  0,00000;                  0,00000;
159.001.095;YOLCU TAÞIMACILIÐI;Açýlýþ hareketi;              22104,67000;                670,18000;              22104,67000;                  0,00000;                  0,00000;                  0,00000;                  0,00000;
159.001.099;;Açýlýþ hareketi;             415197,89000;              14104,05154;             415197,89000;                  0,00000;                  0,00000;                  0,00000;                  0,00000;
159.001.100;;Açýlýþ hareketi;            1933000,00000;              58605,42000;            1933000,00000;                  0,00000;                  0,00000;                  0,00000;                  0,00000;
159.001.100;AKARYAKIT ÝSTASYONU;Açýlýþ hareketi;           15716500,00000;             476498,73000;           15716500,00000;                  0,00000;                  0,00000;                  0,00000;                  0,00000;
159.001.100;YOLCU TAÞIMACILIÐI;Açýlýþ hareketi;           13269290,00000;             402303,30000;           13269290,00000;                  0,00000;                  0,00000;                  0,00000;                  0,00000;
159.001.102;;Açýlýþ hareketi;           -4202336,00000;            -127407,99484;           -4202336,00000;                  0,00000;                  0,00000;                  0,00000;                  0,00000;
159.001.102;AKARYAKIT ÝSTASYONU;Açýlýþ hareketi;            4500000,00000;             136432,69000;            4500000,00000;                  0,00000;                  0,00000;                  0,00000;                  0,00000;
159.001.102;YOLCU TAÞIMACILIÐI;Açýlýþ hareketi;            -297664,00000;              -9024,69000;            -297664,00000;                  0,00000;                  0,00000;                  0,00000;                  0,00000;
159.050.001;ERZURUM OTOGAR;Açýlýþ hareketi;               1510,80000;                113,34684;               1510,80000;                  0,00000;                  0,00000;                  0,00000;                  0,00000;
159.050.002;ERZURUM OTOGAR;Açýlýþ hareketi;              31683,14000;               2377,00803;              31683,14000;                  0,00000;                  0,00000;                  0,00000;                  0,00000;
159.050.004;ERZURUM OTOGAR;Açýlýþ hareketi;              16000,00000;               1155,04383;              16000,00000;                  0,00000;                  0,00000;                  0,00000;                  0,00000;
159.050.005;ERZURUM OTOGAR;Açýlýþ hareketi;                597,82000;                 44,85108;                597,82000;                  0,00000;                  0,00000;                  0,00000;                  0,00000;
159.100.001;;Açýlýþ hareketi;          -10071205,15000;            -367875,05981;          -10071205,15000;                  0,00000;                  0,00000;                  0,00000;                  0,00000;
159.100.001;ERZURUM AVM;Açýlýþ hareketi;              72080,00000;               4863,01000;              72080,00000;                  0,00000;                  0,00000;                  0,00000;                  0,00000;
159.100.001;YOLCU TAÞIMACILIÐI;Açýlýþ hareketi;            9999125,15000;             540382,25000;            9999125,15000;                  0,00000;                  0,00000;                  0,00000;                  0,00000;
159.100.003;ERZURUM AVM;Açýlýþ hareketi;              17000,00000;               1275,41451;              17000,00000;                  0,00000;                  0,00000;                  0,00000;                  0,00000;
159.100.006;ERZURUM AVM;Açýlýþ hareketi;               5240,00000;                393,12777;               5240,00000;                  0,00000;                  0,00000;                  0,00000;                  0,00000;
159.100.007;;Açýlýþ hareketi;                -50,00000;                 -1,69847;                -50,00000;                  0,00000;                  0,00000;                  0,00000;                  0,00000;
159.100.007;ERZURUM AVM;Açýlýþ hareketi;                 50,00000;                  3,75122;                 50,00000;                  0,00000;                  0,00000;                  0,00000;                  0,00000;
159.100.009;YOLCU TAÞIMACILIÐI;Açýlýþ hareketi;            6048660,76000;             205469,79000;            6048660,76000;                  0,00000;                  0,00000;                  0,00000;                  0,00000;
159.100.010;ERZURUM AVM;Açýlýþ hareketi;                466,75000;                 35,01763;                466,75000;                  0,00000;                  0,00000;                  0,00000;                  0,00000;
159.100.011;ERZURUM AVM;Açýlýþ hareketi;              25053,68000;               1879,63688;              25053,68000;                  0,00000;                  0,00000;                  0,00000;                  0,00000;
159.100.012;ERZURUM AVM;Açýlýþ hareketi;               1791,55000;                134,40993;               1791,55000;                  0,00000;                  0,00000;                  0,00000;                  0,00000;
159.100.013;ERZURUM AVM;Açýlýþ hareketi;                145,69000;                 10,93030;                145,69000;                  0,00000;                  0,00000;                  0,00000;                  0,00000;
159.100.014;ERZURUM AVM;Açýlýþ hareketi;               3675,00000;                275,71461;               3675,00000;                  0,00000;                  0,00000;                  0,00000;                  0,00000;
159.100.016;ERZURUM AVM;Açýlýþ hareketi;             290000,00000;              20114,87573;             290000,00000;                  0,00000;                  0,00000;                  0,00000;                  0,00000;
159.100.017;ERZURUM AVM;Açýlýþ hareketi;                  3,00000;                  0,22507;                  3,00000;                  0,00000;                  0,00000;                  0,00000;                  0,00000;
159.100.018;ERZURUM AVM;Açýlýþ hareketi;              39047,87000;               2929,54235;              39047,87000;                  0,00000;                  0,00000;                  0,00000;                  0,00000;
159.100.022;ERZURUM AVM;Açýlýþ hareketi;               3299,81000;                247,56621;               3299,81000;                  0,00000;                  0,00000;                  0,00000;                  0,00000;
159.100.024;ERZURUM AVM;Açýlýþ hareketi;                179,78000;                 13,48788;                179,78000;                  0,00000;                  0,00000;                  0,00000;                  0,00000;
159.100.026;;Açýlýþ hareketi;           -1140088,92000;             -54084,22927;           -1140088,92000;                  0,00000;                  0,00000;                  0,00000;                  0,00000;
159.100.026;ERZURUM AVM;Açýlýþ hareketi;              50000,00000;               3751,21915;              50000,00000;                  0,00000;                  0,00000;                  0,00000;                  0,00000;
159.100.026;GES PROJESÝ ERZURUM;Açýlýþ hareketi;            4048511,00000;             216517,60000;            4048511,00000;                  0,00000;                  0,00000;                  0,00000;                  0,00000;
159.100.026;YOLCU TAÞIMACILIÐI;Açýlýþ hareketi;           -3440000,00000;            -104295,20000;           -3440000,00000;                  0,00000;                  0,00000;                  0,00000;                  0,00000;
159.100.027;ERZURUM AVM;Açýlýþ hareketi;              30000,00000;               2250,73149;              30000,00000;                  0,00000;                  0,00000;                  0,00000;                  0,00000;
159.100.028;ERZURUM AVM;Açýlýþ hareketi;               1282,00000;                 96,18126;               1282,00000;                  0,00000;                  0,00000;                  0,00000;                  0,00000;
159.100.029;ERZURUM AVM;Açýlýþ hareketi;               3647,00000;                123,89000;               3647,00000;                  0,00000;                  0,00000;                  0,00000;                  0,00000;
159.100.030;ERZURUM AVM;Açýlýþ hareketi;              97500,06000;               3312,03000;              97500,06000;                  0,00000;                  0,00000;                  0,00000;                  0,00000;
159.100.031;ERZURUM AVM;Açýlýþ hareketi;                349,60000;                 11,88000;                349,60000;                  0,00000;                  0,00000;                  0,00000;                  0,00000;
159.100.032;ERZURUM AVM;Açýlýþ hareketi;                 82,00000;                  2,79000;                 82,00000;                  0,00000;                  0,00000;                  0,00000;                  0,00000;
159.100.033;ERZURUM AVM;Açýlýþ hareketi;             113645,26000;               3860,47000;             113645,26000;                  0,00000;                  0,00000;                  0,00000;                  0,00000;
159.100.034;ERZURUM AVM;Açýlýþ hareketi;              62365,46000;               2118,52000;              62365,46000;                  0,00000;                  0,00000;                  0,00000;                  0,00000;
159.1000;;Açýlýþ hareketi;           39748962,46000;            1224624,29733;           39748962,46000;                  0,00000;                  0,00000;                  0,00000;                  0,00000;
180.001.001;;Açýlýþ hareketi;              17939,25000;               1210,30000;              17939,25000;                  0,00000;                  0,00000;                  0,00000;                  0,00000;
180.001.001;ERZURUM AVM;Açýlýþ hareketi;             -17939,25000;              -1950,07000;             -17939,25000;                  0,00000;                  0,00000;                  0,00000;                  0,00000;
180.002.001;;Açýlýþ hareketi;              55717,07000;               3066,36000;              55717,07000;                  0,00000;                  0,00000;                  0,00000;                  0,00000;
180.002.001;YOLCU TAÞIMACILIÐI;Açýlýþ hareketi;             -55717,07000;              -2859,42000;             -55717,07000;                  0,00000;                  0,00000;                  0,00000;                  0,00000;
180.004.001;;Açýlýþ hareketi;            -886690,03000;             -43219,56836;            -886690,03000;                  0,00000;                  0,00000;                  0,00000;                  0,00000;
180.004.001;YOLCU TAÞIMACILIÐI;Açýlýþ hareketi;             886690,03000;              66523,37235;             886690,03000;                  0,00000;                  0,00000;                  0,00000;                  0,00000;
180.004.002;;Açýlýþ hareketi;            -186893,39000;              -6593,48980;            -186893,39000;                  0,00000;                  0,00000;                  0,00000;                  0,00000;
180.004.002;YOLCU TAÞIMACILIÐI;Açýlýþ hareketi;             186893,39000;               7539,82000;             186893,39000;                  0,00000;                  0,00000;                  0,00000;                  0,00000;
180.057.003;;Açýlýþ hareketi;             -10416,67000;               -380,49400;             -10416,67000;                  0,00000;                  0,00000;                  0,00000;                  0,00000;
180.057.003;ERZURUM OTOGAR;Açýlýþ hareketi;              10416,67000;               2068,46622;              10416,67000;                  0,00000;                  0,00000;                  0,00000;                  0,00000;
190.001.001;;Açýlýþ hareketi;            5935961,82000;             175032,92689;            5935961,82000;                  0,00000;                  0,00000;                  0,00000;                  0,00000;
190.001.001;AKARYAKIT ÝSTASYONU;Açýlýþ hareketi;            8349704,16000;             253149,44000;            8349704,16000;                  0,00000;                  0,00000;                  0,00000;                  0,00000;
190.001.001;GES PROJESÝ SORGUN;Açýlýþ hareketi;             450000,00000;              30360,07000;             450000,00000;                  0,00000;                  0,00000;                  0,00000;                  0,00000;
190.001.001;YOLCU TAÞIMACILIÐI;Açýlýþ hareketi;            2165389,02000;              74190,87000;            2165389,02000;                  0,00000;                  0,00000;                  0,00000;                  0,00000;
190.050.001;ERZURUM OTOGAR;Açýlýþ hareketi;                 16,17000;                  0,60000;                 16,17000;                  0,00000;                  0,00000;                  0,00000;                  0,00000;
190.050.001;YOLCU TAÞIMACILIÐI;Açýlýþ hareketi;                -16,17000;                 -0,60000;                -16,17000;                  0,00000;                  0,00000;                  0,00000;                  0,00000;
190.100.001;ERZURUM AVM;Açýlýþ hareketi;            9778478,23000;             522595,07000;            9778478,23000;                  0,00000;                  0,00000;                  0,00000;                  0,00000;
190.100.001;YOLCU TAÞIMACILIÐI;Açýlýþ hareketi;           -9778478,23000;            -522595,07000;           -9778478,23000;                  0,00000;                  0,00000;                  0,00000;                  0,00000;
190.150.001;GES PROJESÝ ERZURUM;Açýlýþ hareketi;            1106238,46000;              50618,93000;            1106238,46000;                  0,00000;                  0,00000;                  0,00000;                  0,00000;
190.150.001;YOLCU TAÞIMACILIÐI;Açýlýþ hareketi;           -1106238,46000;             -50618,93000;           -1106238,46000;                  0,00000;                  0,00000;                  0,00000;                  0,00000;
190.200.001;;Açýlýþ hareketi;               -354,60000;                -25,26000;               -354,60000;                  0,00000;                  0,00000;                  0,00000;                  0,00000;
190.200.001;GES PROJESÝ SORGUN;Açýlýþ hareketi;             180995,27000;              11061,40000;             180995,27000;                  0,00000;                  0,00000;                  0,00000;                  0,00000;
190.200.001;YOLCU TAÞIMACILIÐI;Açýlýþ hareketi;            -180640,67000;             -11036,14000;            -180640,67000;                  0,00000;                  0,00000;                  0,00000;                  0,00000;
191.001.001;;Açýlýþ hareketi;               -642,08000;                -19,46682;               -642,08000;                  0,00000;                  0,00000;                  0,00000;                  0,00000;
191.001.001;AKARYAKIT ÝSTASYONU;Açýlýþ hareketi;              15022,61000;                600,71000;              15022,61000;                  0,00000;            1572675,57000;                  0,00000;                  0,00000;
191.001.001;ERZURUM OTOGAR;Açýlýþ hareketi;                  7,29000;                  0,24000;                  7,29000;                  0,00000;                728,51000;                  0,00000;                  0,00000;
191.001.001;YOLCU TAÞIMACILIÐI;Açýlýþ hareketi;             -14387,81650;               -570,48600;             -14387,81650;                  0,00000;             275231,86000;                  0,00000;                  0,00000;
191.001.002;AKARYAKIT ÝSTASYONU;Açýlýþ hareketi;              15908,39000;                977,74000;              15908,39000;                  0,00000;             198874,84000;                  0,00000;                  0,00000;
191.001.002;YOLCU TAÞIMACILIÐI;Açýlýþ hareketi;             -15908,39000;               -836,60000;             -15908,39000;                  0,00000;             -13852,72000;                  0,00000;                  0,00000;
191.001.003;;Açýlýþ hareketi;               -231,87000;                 -8,46961;               -231,87000;                  0,00000;                  0,00000;                  0,00000;                  0,00000;
191.001.003;AKARYAKIT ÝSTASYONU;Açýlýþ hareketi;            7891290,43000;             466951,75000;            7891290,43000;                  0,00000;           43920234,69000;                  0,00000;                  0,00000;
191.001.003;YOLCU TAÞIMACILIÐI;Açýlýþ hareketi;           -7891058,56000;            -215315,88000;           -7891058,56000;                  0,00000;         -159510730,47000;                  0,00000;                  0,00000;
191.001.004;AKARYAKIT ÝSTASYONU;Açýlýþ hareketi;                360,00000;                 24,27000;                360,00000;                  0,00000;               2000,00000;                  0,00000;                  0,00000;
191.001.004;YOLCU TAÞIMACILIÐI;Açýlýþ hareketi;               -360,00000;                -18,88000;               -360,00000;                  0,00000;            -187125,42000;                  0,00000;                  0,00000;
191.001.006;AKARYAKIT ÝSTASYONU;Açýlýþ hareketi;              14351,89000;                803,36000;              14351,89000;                  0,00000;                  0,00000;                  0,00000;                  0,00000;
191.001.006;YOLCU TAÞIMACILIÐI;Açýlýþ hareketi;             -14351,89000;               -774,85000;             -14351,89000;                  0,00000;                  0,00000;                  0,00000;                  0,00000;
191.001.007;;Açýlýþ hareketi;          -16808770,74000;            -509614,59184;          -16808770,74000;                  0,00000;                  0,00000;                  0,00000;                  0,00000;
191.001.007;AKARYAKIT ÝSTASYONU;Açýlýþ hareketi;            8738020,69000;             296161,81000;            8738020,69000;                  0,00000;          117853697,61000;                  0,00000;                  0,00000;
191.001.007;ERZURUM AVM;Açýlýþ hareketi;           88597864,86000;            2718042,70000;           88597864,86000;                  0,00000;          448684597,34000;                  0,00000;                  0,00000;
191.001.007;ERZURUM OTOGAR;Açýlýþ hareketi;             561007,32000;              19649,94000;             561007,32000;                  0,00000;            2888511,68000;                  0,00000;                  0,00000;
191.001.007;GES PROJESÝ SORGUN;Açýlýþ hareketi;           10454072,96000;             334970,67000;           10454072,96000;                  0,00000;           51778188,88000;                  0,00000;                  0,00000;
191.001.007;YOLCU TAÞIMACILIÐI;Açýlýþ hareketi;          -91542195,09000;           -2850087,67440;          -91542195,09000;                  0,00000;           -8572620,18000;                  0,00000;                  0,00000;
191.001.008;;Açýlýþ hareketi;              -8869,42000;               -268,90639;              -8869,42000;                  0,00000;                  0,00000;                  0,00000;                  0,00000;
191.001.008;AKARYAKIT ÝSTASYONU;Açýlýþ hareketi;              57456,17000;               1987,93000;              57456,17000;                  0,00000;             709123,17000;                  0,00000;                  0,00000;
191.001.008;ERZURUM AVM;Açýlýþ hareketi;            2247586,76000;              69092,92000;            2247586,76000;                  0,00000;           22475867,22000;                  0,00000;                  0,00000;
191.001.008;ERZURUM OTOGAR;Açýlýþ hareketi;               1920,04000;                 68,35000;               1920,04000;                  0,00000;              30701,69000;                  0,00000;                  0,00000;
191.001.008;YOLCU TAÞIMACILIÐI;Açýlýþ hareketi;           -2298093,54800;             -70796,42647;           -2298093,54800;                  0,00000;            -138971,03000;                  0,00000;                  0,00000;
191.001.009;;Açýlýþ hareketi;              -4275,96000;               -129,64015;              -4275,96000;                  0,00000;                  0,00000;                  0,00000;                  0,00000;
191.001.009;AKARYAKIT ÝSTASYONU;Açýlýþ hareketi;              48880,40000;               1491,22000;              48880,40000;                  0,00000;                  0,00000;                  0,00000;                  0,00000;
191.001.009;ERZURUM AVM;Açýlýþ hareketi;            1080000,00000;              32865,87000;            1080000,00000;                  0,00000;                  0,00000;                  0,00000;                  0,00000;
191.001.009;ERZURUM OTOGAR;Açýlýþ hareketi;              16694,99000;                544,10000;              16694,99000;                  0,00000;                  0,00000;                  0,00000;                  0,00000;
191.001.009;YOLCU TAÞIMACILIÐI;Açýlýþ hareketi;           -1141299,43000;             -34765,38000;           -1141299,43000;                  0,00000;                  0,00000;                  0,00000;                  0,00000;
191.001.010;;Açýlýþ hareketi;             -37000,00000;              -1121,77981;             -37000,00000;                  0,00000;                  0,00000;                  0,00000;                  0,00000;
191.001.010;AKARYAKIT ÝSTASYONU;Açýlýþ hareketi;              24490,83000;                745,84000;              24490,83000;                  0,00000;             122454,05000;                  0,00000;                  0,00000;
191.001.010;ERZURUM AVM;Açýlýþ hareketi;            2875607,52000;              93491,72000;            2875607,52000;                  0,00000;           14378038,12000;                  0,00000;                  0,00000;
191.001.010;YOLCU TAÞIMACILIÐI;Açýlýþ hareketi;           -2863098,35000;             -92121,71000;           -2896222,32000;                  0,00000;            -141427,61750;                  0,00000;                  0,00000;
191.050.001;ERZURUM OTOGAR;Açýlýþ hareketi;                 98,21000;                  3,65000;                 98,21000;                  0,00000;              26559,06000;                  0,00000;                  0,00000;
191.050.001;YOLCU TAÞIMACILIÐI;Açýlýþ hareketi;                -98,21000;                 -3,44000;                -98,21000;                  0,00000;                  0,00000;                  0,00000;                  0,00000;
191.050.003;;Açýlýþ hareketi;                231,87000;                  8,46961;                231,87000;                  0,00000;                  0,00000;                  0,00000;                  0,00000;
191.050.003;ERZURUM OTOGAR;Açýlýþ hareketi;               -225,74000;               -301,92000;               -225,74000;                  0,00000;           -3466548,12000;                  0,00000;                  0,00000;
191.050.003;YOLCU TAÞIMACILIÐI;Açýlýþ hareketi;                 -6,13000;                 -0,23000;                 -6,13000;                  0,00000;                  0,00000;                  0,00000;                  0,00000;
191.050.008;ERZURUM OTOGAR;Açýlýþ hareketi;            5140000,00000;             190414,10000;            5140000,00000;                  0,00000;                  0,00000;                  0,00000;                  0,00000;
191.050.008;YOLCU TAÞIMACILIÐI;Açýlýþ hareketi;           -5140000,00000;            -187750,90000;           -5140000,00000;                  0,00000;                  0,00000;                  0,00000;                  0,00000;
191.100.003;ERZURUM AVM;Açýlýþ hareketi;             218529,57000;               9654,50000;             218529,57000;                  0,00000;           23288423,72000;                  0,00000;                  0,00000;
191.100.003;YOLCU TAÞIMACILIÐI;Açýlýþ hareketi;            -218529,57000;              -7774,73000;            -218529,57000;                  0,00000;                  0,00000;                  0,00000;                  0,00000;
191.100.004;ERZURUM AVM;Açýlýþ hareketi;             189985,94000;               7377,52000;             189985,94000;                  0,00000;            2517224,72000;                  0,00000;                  0,00000;
191.100.004;YOLCU TAÞIMACILIÐI;Açýlýþ hareketi;            -189985,94000;              -6210,22000;            -189985,94000;                  0,00000;                  0,00000;                  0,00000;                  0,00000;
191.200.003;AKARYAKIT ÝSTASYONU;Açýlýþ hareketi;             -11380,51000;               -605,68000;             -11380,51000;                  0,00000;                  0,00000;                  0,00000;                  0,00000;
191.200.003;GES PROJESÝ SORGUN;Açýlýþ hareketi;              11380,51000;                645,66000;              11380,51000;                  0,00000;             328820,22000;                  0,00000;                  0,00000;
195.001.001;;Açýlýþ hareketi;             137541,95000;             302380,50678;             137541,95000;                  0,00000;                  0,00000;                  0,00000;                  0,00000;
195.001.001;ERZURUM AVM;Açýlýþ hareketi;           -5000000,00000;            -266103,24000;           -5000000,00000;                  0,00000;                  0,00000;                  0,00000;                  0,00000;
195.001.001;YOLCU TAÞIMACILIÐI;Açýlýþ hareketi;            4862458,05000;             214272,78000;            4862458,05000;                  0,00000;                  0,00000;                  0,00000;                  0,00000;
195.001.002;;Açýlýþ hareketi;              59805,00000;              14676,37193;              59805,00000;                  0,00000;                  0,00000;                  0,00000;                  0,00000;
195.001.002;YOLCU TAÞIMACILIÐI;Açýlýþ hareketi;             -59805,00000;              -3392,80000;             -59805,00000;                  0,00000;                  0,00000;                  0,00000;                  0,00000;
195.001.003;;Açýlýþ hareketi;             -55000,00000;              -2941,44387;             -55000,00000;                  0,00000;                  0,00000;                  0,00000;                  0,00000;
195.001.003;ERZURUM AVM;Açýlýþ hareketi;              55000,00000;               3304,10000;              55000,00000;                  0,00000;                  0,00000;                  0,00000;                  0,00000;
195.001.006;;Açýlýþ hareketi;             -15000,00000;               -547,91118;             -15000,00000;                  0,00000;                  0,00000;                  0,00000;                  0,00000;
195.001.006;YOLCU TAÞIMACILIÐI;Açýlýþ hareketi;              15000,00000;               1125,36574;              15000,00000;                  0,00000;                  0,00000;                  0,00000;                  0,00000;
195.001.007;;Açýlýþ hareketi;             -27500,00000;              -1004,50383;             -27500,00000;                  0,00000;                  0,00000;                  0,00000;                  0,00000;
195.001.007;YOLCU TAÞIMACILIÐI;Açýlýþ hareketi;              27500,00000;               2063,17053;              27500,00000;                  0,00000;                  0,00000;                  0,00000;                  0,00000;
195.001.008;;Açýlýþ hareketi;             -20000,00000;               -730,54824;             -20000,00000;                  0,00000;                  0,00000;                  0,00000;                  0,00000;
195.001.008;YOLCU TAÞIMACILIÐI;Açýlýþ hareketi;              20000,00000;               1500,48766;              20000,00000;                  0,00000;                  0,00000;                  0,00000;                  0,00000;
196.100.001;;Açýlýþ hareketi;             -48889,24000;              -1785,79741;             -48889,24000;                  0,00000;                  0,00000;                  0,00000;                  0,00000;
196.100.001;ERZURUM AVM;Açýlýþ hareketi;              48889,24000;               3667,88506;              48889,24000;                  0,00000;                  0,00000;                  0,00000;                  0,00000;
197.100.001;;Açýlýþ hareketi;              -2647,98000;                -96,72386;              -2647,98000;                  0,00000;                  0,00000;                  0,00000;                  0,00000;
197.100.001;ERZURUM AVM;Açýlýþ hareketi;               2647,98000;                190,11433;               2647,98000;                  0,00000;                  0,00000;                  0,00000;                  0,00000;
220.001.001;;Açýlýþ hareketi;           -1085100,00000;             -42020,51651;           -1085100,00000;                  0,00000;                  0,00000;                  0,00000;                  0,00000;
220.001.001;YOLCU TAÞIMACILIÐI;Açýlýþ hareketi;            1085100,00000;              81408,95791;            1085100,00000;                  0,00000;                  0,00000;                  0,00000;                  0,00000;
220.001.002;;Açýlýþ hareketi;            -813173,31000;             -31490,15068;            -813173,31000;                  0,00000;                  0,00000;                  0,00000;                  0,00000;
220.001.002;YOLCU TAÞIMACILIÐI;Açýlýþ hareketi;             813173,31000;              61007,82579;             813173,31000;                  0,00000;                  0,00000;                  0,00000;                  0,00000;
220.001.003;;Açýlýþ hareketi;             -72350,01000;              -2801,75541;             -72350,01000;                  0,00000;                  0,00000;                  0,00000;                  0,00000;
220.001.003;YOLCU TAÞIMACILIÐI;Açýlýþ hareketi;              72350,01000;               5428,01485;              72350,01000;                  0,00000;                  0,00000;                  0,00000;                  0,00000;
220.001.004;;Açýlýþ hareketi;           -1583000,00000;             -61301,70274;           -1583000,00000;                  0,00000;                  0,00000;                  0,00000;                  0,00000;
220.001.004;YOLCU TAÞIMACILIÐI;Açýlýþ hareketi;            1583000,00000;             118763,59817;            1583000,00000;                  0,00000;                  0,00000;                  0,00000;                  0,00000;
220.001.005;;Açýlýþ hareketi;           -3170688,96000;            -122784,98554;           -3170688,96000;                  0,00000;                  0,00000;                  0,00000;                  0,00000;
220.001.005;YOLCU TAÞIMACILIÐI;Açýlýþ hareketi;            3170688,96000;             237878,98267;            3170688,96000;                  0,00000;                  0,00000;                  0,00000;                  0,00000;
220.001.006;;Açýlýþ hareketi;           -2408100,00000;             -93253,71470;           -2408100,00000;                  0,00000;                  0,00000;                  0,00000;                  0,00000;
220.001.006;YOLCU TAÞIMACILIÐI;Açýlýþ hareketi;            2408100,00000;             180666,21652;            2408100,00000;                  0,00000;                  0,00000;                  0,00000;                  0,00000;
220.001.008;;Açýlýþ hareketi;            -452867,22000;             -17537,29103;            -452867,22000;                  0,00000;                  0,00000;                  0,00000;                  0,00000;
220.001.008;YOLCU TAÞIMACILIÐI;Açýlýþ hareketi;             452867,22000;              33976,08373;             452867,22000;                  0,00000;                  0,00000;                  0,00000;                  0,00000;
220.001.011;;Açýlýþ hareketi;            -229800,00000;              -8899,00903;            -229800,00000;                  0,00000;                  0,00000;                  0,00000;                  0,00000;
220.001.011;YOLCU TAÞIMACILIÐI;Açýlýþ hareketi;             229800,00000;              17240,60320;             229800,00000;                  0,00000;                  0,00000;                  0,00000;                  0,00000;
220.001.012;;Açýlýþ hareketi;             -20000,00000;               -774,50035;             -20000,00000;                  0,00000;                  0,00000;                  0,00000;                  0,00000;
220.001.012;YOLCU TAÞIMACILIÐI;Açýlýþ hareketi;              20000,00000;               1500,48766;              20000,00000;                  0,00000;                  0,00000;                  0,00000;                  0,00000;
220.001.013;;Açýlýþ hareketi;            -100000,00000;              -3872,50175;            -100000,00000;                  0,00000;                  0,00000;                  0,00000;                  0,00000;
220.001.013;YOLCU TAÞIMACILIÐI;Açýlýþ hareketi;             100000,00000;               7502,43829;             100000,00000;                  0,00000;                  0,00000;                  0,00000;                  0,00000;
220.001.014;;Açýlýþ hareketi;             -50000,00000;              -1936,25088;             -50000,00000;                  0,00000;                  0,00000;                  0,00000;                  0,00000;
220.001.014;YOLCU TAÞIMACILIÐI;Açýlýþ hareketi;              50000,00000;               3751,21915;              50000,00000;                  0,00000;                  0,00000;                  0,00000;                  0,00000;
220.001.017;;Açýlýþ hareketi;           -1435000,00000;             -55570,40015;           -1435000,00000;                  0,00000;                  0,00000;                  0,00000;                  0,00000;
220.001.017;YOLCU TAÞIMACILIÐI;Açýlýþ hareketi;            1435000,00000;              78081,96000;            1435000,00000;                  0,00000;                  0,00000;                  0,00000;                  0,00000;
220.001.018;;Açýlýþ hareketi;            -263000,00000;             -10184,67961;            -263000,00000;                  0,00000;                  0,00000;                  0,00000;                  0,00000;
220.001.018;YOLCU TAÞIMACILIÐI;Açýlýþ hareketi;             263000,00000;              19731,41271;             263000,00000;                  0,00000;                  0,00000;                  0,00000;                  0,00000;
220.001.020;;Açýlýþ hareketi;            -123428,32000;              -4779,76385;            -123428,32000;                  0,00000;                  0,00000;                  0,00000;                  0,00000;
220.001.020;YOLCU TAÞIMACILIÐI;Açýlýþ hareketi;             123428,32000;               9260,13354;             123428,32000;                  0,00000;                  0,00000;                  0,00000;                  0,00000;
220.001.022;;Açýlýþ hareketi;            -201676,10000;              -7809,91051;            -201676,10000;                  0,00000;                  0,00000;                  0,00000;                  0,00000;
220.001.022;YOLCU TAÞIMACILIÐI;Açýlýþ hareketi;             201676,10000;              15130,62495;             201676,10000;                  0,00000;                  0,00000;                  0,00000;                  0,00000;
226.001.001;YOLCU TAÞIMACILIÐI;Açýlýþ hareketi;               3000,00000;                225,07315;               3000,00000;                  0,00000;                  0,00000;                  0,00000;                  0,00000;
226.001.099;;Açýlýþ hareketi;             107462,96000;               3650,45961;             107462,96000;                  0,00000;                  0,00000;                  0,00000;                  0,00000;
226.050.001;AKARYAKIT ÝSTASYONU;Açýlýþ hareketi;               9000,00000;                549,85000;               9000,00000;                  0,00000;                  0,00000;                  0,00000;                  0,00000;
226.050.001;ERZURUM OTOGAR;Açýlýþ hareketi;               3427,60000;                257,15357;               3427,60000;                  0,00000;                  0,00000;                  0,00000;                  0,00000;
226.050.002;ERZURUM OTOGAR;Açýlýþ hareketi;                379,00000;                 28,43424;                379,00000;                  0,00000;                  0,00000;                  0,00000;                  0,00000;
226.050.003;ERZURUM OTOGAR;Açýlýþ hareketi;               1514,25000;                113,60567;               1514,25000;                  0,00000;                  0,00000;                  0,00000;                  0,00000;
226.050.004;ERZURUM OTOGAR;Açýlýþ hareketi;              55000,00000;               3360,19000;              55000,00000;                  0,00000;                  0,00000;                  0,00000;                  0,00000;
226.100.001;ERZURUM AVM;Açýlýþ hareketi;                902,00000;                 67,67199;                902,00000;                  0,00000;                  0,00000;                  0,00000;                  0,00000;
226.1000;;Açýlýþ hareketi;              51533,28000;               1590,62696;              51533,28000;                  0,00000;                  0,00000;                  0,00000;                  0,00000;
252.001.004;;Açýlýþ hareketi;           -2000000,00000;             -71109,08845;           -2000000,00000;                  0,00000;                  0,00000;                  0,00000;                  0,00000;
252.001.004;ERZURUM AVM;Açýlýþ hareketi;           -8016773,25000;            -229601,18000;           -8016773,25000;                  0,00000;                  0,00000;                  0,00000;                  0,00000;
252.001.004;YOLCU TAÞIMACILIÐI;Açýlýþ hareketi;           10016773,25000;             303692,27000;           10016773,25000;                  0,00000;                  0,00000;                  0,00000;                  0,00000;
252.001.005;ERZURUM AVM;Açýlýþ hareketi;            3954545,45000;             123112,49000;            3954545,45000;                  0,00000;                  0,00000;                  0,00000;                  0,00000;
252.001.006;ERZURUM AVM;Açýlýþ hareketi;            3954545,45000;             122981,55000;            3954545,45000;                  0,00000;                  0,00000;                  0,00000;                  0,00000;
252.001.007;ERZURUM AVM;Açýlýþ hareketi;            3954545,45000;             122981,55000;            3954545,45000;                  0,00000;                  0,00000;                  0,00000;                  0,00000;
252.001.008;ERZURUM AVM;Açýlýþ hareketi;           10454545,45000;             316964,81000;           10454545,45000;                  0,00000;                  0,00000;                  0,00000;                  0,00000;
252.001.009;;Açýlýþ hareketi;           -4284000,00000;            -129883,91095;           -4284000,00000;                  0,00000;                  0,00000;                  0,00000;                  0,00000;
252.001.009;ERZURUM AVM;Açýlýþ hareketi;           -4284000,00000;            -129883,91000;           -4284000,00000;                  0,00000;                  0,00000;                  0,00000;                  0,00000;
252.001.009;GES PROJESÝ SORGUN;Açýlýþ hareketi;            8568000,00000;             259767,82000;            8568000,00000;                  0,00000;                  0,00000;                  0,00000;                  0,00000;
252.001.010;;Açýlýþ hareketi;           35305557,80000;            1070407,07873;           35305557,80000;                  0,00000;                  0,00000;                  0,00000;                  0,00000;
252.002.001;YOLCU TAÞIMACILIÐI;Açýlýþ hareketi;            2088542,37000;             156691,60252;            2088542,37000;                  0,00000;                  0,00000;                  0,00000;                  0,00000;
252.002.099;;Açýlýþ hareketi;            2000000,00000;              67938,93648;            2000000,00000;                  0,00000;                  0,00000;                  0,00000;                  0,00000;
252.1000;;Açýlýþ hareketi;            2394514,45000;              73606,86248;            2394514,45000;                  0,00000;                  0,00000;                  0,00000;                  0,00000;
253.001.001;YOLCU TAÞIMACILIÐI;Açýlýþ hareketi;             588200,00000;              44129,34204;             588200,00000;                  0,00000;                  0,00000;                  0,00000;                  0,00000;
253.001.099;;Açýlýþ hareketi;           23704873,84000;             805241,95909;           23704873,84000;                  0,00000;                  0,00000;                  0,00000;                  0,00000;
253.1000;;Açýlýþ hareketi;           15417898,78000;             477565,35430;           15417898,78000;                  0,00000;                  0,00000;                  0,00000;                  0,00000;
253.150.001;;Açýlýþ hareketi;           68210869,96000;            2285155,74959;           68210869,96000;                  0,00000;                  0,00000;                  0,00000;                  0,00000;
253.150.001;ERZURUM AVM;Açýlýþ hareketi;          -86707310,96000;           -2400002,09000;          -86707310,96000;                  0,00000;                  0,00000;                  0,00000;                  0,00000;
253.150.001;YOLCU TAÞIMACILIÐI;Açýlýþ hareketi;           18496441,00000;             640911,20000;           18496441,00000;                  0,00000;                  0,00000;                  0,00000;                  0,00000;
254.001.001;ERZURUM AVM;Açýlýþ hareketi;          -15911157,33000;            -507707,06000;          -15911157,33000;                  0,00000;                  0,00000;                  0,00000;                  0,00000;
254.001.001;YOLCU TAÞIMACILIÐI;Açýlýþ hareketi;           43320438,95000;            3008576,25775;           43320438,95000;                  0,00000;                  0,00000;                  0,00000;                  0,00000;
254.001.099;;Açýlýþ hareketi;          117030107,55000;            3975450,52177;          117030107,55000;                  0,00000;                  0,00000;                  0,00000;                  0,00000;
254.1000;;Açýlýþ hareketi;           39658993,15000;            1224124,66955;           39658993,15000;                  0,00000;                  0,00000;                  0,00000;                  0,00000;
255.001.001;AKARYAKIT ÝSTASYONU;Açýlýþ hareketi;             285456,00000;              10574,87000;             285456,00000;                  0,00000;                  0,00000;                  0,00000;                  0,00000;
255.001.001;ERZURUM AVM;Açýlýþ hareketi;              35299,64000;               1843,01000;              35299,64000;                  0,00000;                  0,00000;                  0,00000;                  0,00000;
255.001.001;YOLCU TAÞIMACILIÐI;Açýlýþ hareketi;            3698524,36000;             265018,13132;            3698524,36000;                  0,00000;                  0,00000;                  0,00000;                  0,00000;
255.001.099;;Açýlýþ hareketi;            2141726,67000;              72753,31610;            2141726,67000;                  0,00000;                  0,00000;                  0,00000;                  0,00000;
255.050.001;ERZURUM OTOGAR;Açýlýþ hareketi;             243778,64000;              18289,34204;             243778,64000;                  0,00000;                  0,00000;                  0,00000;                  0,00000;
255.100.001;ERZURUM AVM;Açýlýþ hareketi;             858080,00000;              61822,90870;             858080,00000;                  0,00000;                  0,00000;                  0,00000;                  0,00000;
255.1000;;Açýlýþ hareketi;            2140280,77000;              66019,65986;            2140280,77000;                  0,00000;                  0,00000;                  0,00000;                  0,00000;
257.001.003;;Açýlýþ hareketi;           -4185000,00000;            -224286,14303;           -4185000,00000;                  0,00000;                  0,00000;                  0,00000;                  0,00000;
257.001.003;YOLCU TAÞIMACILIÐI;Açýlýþ hareketi;            2432085,84000;              84559,58000;            2432085,84000;                  0,00000;                  0,00000;                  0,00000;                  0,00000;
257.001.099;;Açýlýþ hareketi;           -3312742,48000;            -110536,63374;           -3312742,48000;                  0,00000;                  0,00000;                  0,00000;                  0,00000;
257.050.002;ERZURUM OTOGAR;Açýlýþ hareketi;            -243778,64000;             -18023,28807;            -243778,64000;                  0,00000;                  0,00000;                  0,00000;                  0,00000;
257.100.002;ERZURUM AVM;Açýlýþ hareketi;            -207876,41000;             -15595,79938;            -207876,41000;                  0,00000;                  0,00000;                  0,00000;                  0,00000;
257.1000;;Açýlýþ hareketi;           -1930820,33000;             -59948,63356;           -1930820,33000;                  0,00000;                  0,00000;                  0,00000;                  0,00000;
257.150.001;;Açýlýþ hareketi;           -1481585,20000;             -80069,23983;           -1481585,20000;                  0,00000;                  0,00000;                  0,00000;                  0,00000;
257.150.001;YOLCU TAÞIMACILIÐI;Açýlýþ hareketi;            1481585,20000;              33487,40000;            1481585,20000;                  0,00000;                  0,00000;                  0,00000;                  0,00000;
258.001.001;ERZURUM AVM;Açýlýþ hareketi;          -96858317,84000;           -2912452,20000;          -96858317,84000;                  0,00000;                  0,00000;                  0,00000;                  0,00000;
258.001.001;GES PROJESÝ SORGUN;Açýlýþ hareketi;           43098959,12000;            1392672,37000;           43098959,12000;                  0,00000;                  0,00000;                  0,00000;                  0,00000;
258.001.001;YOLCU TAÞIMACILIÐI;Açýlýþ hareketi;           53759358,72000;            1629896,30000;           53759358,72000;                  0,00000;                  0,00000;                  0,00000;                  0,00000;
258.1000;;Açýlýþ hareketi;            8268970,21000;             256307,73977;            8268970,21000;                  0,00000;                  0,00000;                  0,00000;                  0,00000;
258.1000;YOLCU TAÞIMACILIÐI;Açýlýþ hareketi;           -8268970,21000;            -250701,73000;           -8268970,21000;                  0,00000;                  0,00000;                  0,00000;                  0,00000;
258.150.001;ERZURUM AVM;Açýlýþ hareketi;            -150486,42000;              -4399,42000;            -150486,42000;                  0,00000;                  0,00000;                  0,00000;                  0,00000;
258.150.001;GES PROJESÝ ERZURUM;Açýlýþ hareketi;             150486,42000;              11335,85271;             150486,42000;                  0,00000;                  0,00000;                  0,00000;                  0,00000;
258.200.001;;Açýlýþ hareketi;           23345077,79000;            1241237,08146;           23345077,79000;                  0,00000;                  0,00000;                  0,00000;                  0,00000;
258.200.001;ERZURUM AVM;Açýlýþ hareketi;          -36288649,50000;           -1344332,75000;          -36288649,50000;                  0,00000;                  0,00000;                  0,00000;                  0,00000;
258.200.001;GES PROJESÝ SORGUN;Açýlýþ hareketi;           12943571,71000;             952189,58307;           12943571,71000;                  0,00000;                  0,00000;                  0,00000;                  0,00000;
260.001.001;YOLCU TAÞIMACILIÐI;Açýlýþ hareketi;              79072,51000;               5932,36492;              79072,51000;                  0,00000;                  0,00000;                  0,00000;                  0,00000;
260.001.002;;Açýlýþ hareketi;           -4202320,14000;            -143603,94028;           -4202320,14000;                  0,00000;                  0,00000;                  0,00000;                  0,00000;
260.001.002;YOLCU TAÞIMACILIÐI;Açýlýþ hareketi;            4237288,14000;             317899,92798;            4237288,14000;                  0,00000;                  0,00000;                  0,00000;                  0,00000;
260.100;;Açýlýþ hareketi;              25455,85000;                789,59450;              25455,85000;                  0,00000;                  0,00000;                  0,00000;                  0,00000;
264.001.001;YOLCU TAÞIMACILIÐI;Açýlýþ hareketi;             338474,58000;              25393,84650;             338474,58000;                  0,00000;                  0,00000;                  0,00000;                  0,00000;
264.001.099;;Açýlýþ hareketi;           29150099,76000;             990213,38805;           29150099,76000;                  0,00000;                  0,00000;                  0,00000;                  0,00000;
264.100.005;ERZURUM AVM;Açýlýþ hareketi;              89236,36000;               6694,90284;              89236,36000;                  0,00000;                  0,00000;                  0,00000;                  0,00000;
264.100.005;GES PROJESÝ SORGUN;Açýlýþ hareketi;               3559,27000;                239,98000;               3559,27000;                  0,00000;                  0,00000;                  0,00000;                  0,00000;
264.100.006;ERZURUM AVM;Açýlýþ hareketi;            2485816,61000;             186496,85723;            2485816,61000;                  0,00000;                  0,00000;                  0,00000;                  0,00000;
264.1000;;Açýlýþ hareketi;            9146955,10000;             282330,29679;            9146955,10000;                  0,00000;                  0,00000;                  0,00000;                  0,00000;
268.150.002;;Açýlýþ hareketi;          -45321369,80000;           -2424515,56575;          -45321369,80000;                  0,00000;                  0,00000;                  0,00000;                  0,00000;
268.150.002;ERZURUM AVM;Açýlýþ hareketi;           56418360,93000;            3023893,42000;           56418360,93000;                  0,00000;                  0,00000;                  0,00000;                  0,00000;
268.150.002;GES PROJESÝ ERZURUM;Açýlýþ hareketi;            6399449,87000;             292262,63000;            6399449,87000;                  0,00000;                  0,00000;                  0,00000;                  0,00000;
268.150.002;GES PROJESÝ SORGUN;Açýlýþ hareketi;            1000000,00000;              61094,45000;            1000000,00000;                  0,00000;                  0,00000;                  0,00000;                  0,00000;
268.150.002;YOLCU TAÞIMACILIÐI;Açýlýþ hareketi;          -18496441,00000;            -640911,20000;          -18496441,00000;                  0,00000;                  0,00000;                  0,00000;                  0,00000;
280.001.001;;Açýlýþ hareketi;              72076,70000;               1586,63882;              72076,70000;                  0,00000;                  0,00000;                  0,00000;                  0,00000;
280.001.001;AKARYAKIT ÝSTASYONU;Açýlýþ hareketi;               2767,90000;                 83,92000;               2767,90000;                  0,00000;                  0,00000;                  0,00000;                  0,00000;
280.001.001;YOLCU TAÞIMACILIÐI;Açýlýþ hareketi;              17939,25000;              29154,29377;              17939,25000;                  0,00000;                  0,00000;                  0,00000;                  0,00000;
280.001.002;;Açýlýþ hareketi;          117423447,60000;            3560087,91197;          117423447,60000;                  0,00000;                  0,00000;                  0,00000;                  0,00000;
280.001.002;AKARYAKIT ÝSTASYONU;Açýlýþ hareketi;              96495,15000;               2925,61000;              96495,15000;                  0,00000;                  0,00000;                  0,00000;                  0,00000;
280.001.002;YOLCU TAÞIMACILIÐI;Açýlýþ hareketi;               4818,90000;                146,10000;               4818,90000;                  0,00000;                  0,00000;                  0,00000;                  0,00000;
280.001.099;;Açýlýþ hareketi;            2292770,54000;              73205,51130;            2292770,54000;                  0,00000;                  0,00000;                  0,00000;                  0,00000;
280.002.001;;Açýlýþ hareketi;              71378,14000;               3928,26000;              71378,14000;                  0,00000;                  0,00000;                  0,00000;                  0,00000;
280.002.001;YOLCU TAÞIMACILIÐI;Açýlýþ hareketi;             -71378,14000;              -2472,06000;             -71378,14000;                  0,00000;                  0,00000;                  0,00000;                  0,00000;
280.004.002;;Açýlýþ hareketi;            -184893,34000;              -6119,35792;            -184893,34000;                  0,00000;                  0,00000;                  0,00000;                  0,00000;
280.004.002;YOLCU TAÞIMACILIÐI;Açýlýþ hareketi;             184893,34000;               7160,00000;             184893,34000;                  0,00000;                  0,00000;                  0,00000;                  0,00000;
280.004.003;;Açýlýþ hareketi;           24629166,65000;             899639,71735;           24629166,65000;                  0,00000;                  0,00000;                  0,00000;                  0,00000;
280.100.002;ERZURUM AVM;Açýlýþ hareketi;                  0,02000;                  0,00150;                  0,02000;                  0,00000;                  0,00000;                  0,00000;                  0,00000;
300.001.001;;Açýlýþ hareketi;          -39826642,63000;           -1670212,84210;          -39826642,63000;                  0,00000;                  0,00000;                  0,00000;                  0,00000;
300.001.001;AKARYAKIT ÝSTASYONU;Açýlýþ hareketi;           69355525,43000;            2102746,72000;           69355525,43000;                  0,00000;                  0,00000;                  0,00000;                  0,00000;
300.001.001;ERZURUM AVM;Açýlýþ hareketi;            9718978,72000;             605363,29000;            9718978,72000;                  0,00000;                  0,00000;                  0,00000;                  0,00000;
300.001.001;ERZURUM OTOGAR;Açýlýþ hareketi;              60000,00000;               4501,46000;              60000,00000;                  0,00000;                  0,00000;                  0,00000;                  0,00000;
300.001.001;YOLCU TAÞIMACILIÐI;Açýlýþ hareketi;          -27988119,31000;           -1065537,28000;          -27988119,31000;                  0,00000;                  0,00000;                  0,00000;                  0,00000;
300.001.004;;Açýlýþ hareketi;           -2754750,07000;            -154795,80245;           -2754750,07000;                  0,00000;                  0,00000;                  0,00000;                  0,00000;
300.001.004;ERZURUM AVM;Açýlýþ hareketi;            2754750,07000;             166481,85000;            2754750,07000;                  0,00000;                  0,00000;                  0,00000;                  0,00000;
300.001.005;;Açýlýþ hareketi;           -6761598,69000;            -478740,29208;           -6761598,69000;                  0,00000;                  0,00000;                  0,00000;                  0,00000;
300.001.005;AKARYAKIT ÝSTASYONU;Açýlýþ hareketi;           63618646,42000;            1928813,87000;           63618646,42000;                  0,00000;                  0,00000;                  0,00000;                  0,00000;
300.001.005;ERZURUM AVM;Açýlýþ hareketi;              97895,51000;               7032,94000;              97895,51000;                  0,00000;                  0,00000;                  0,00000;                  0,00000;
300.001.005;YOLCU TAÞIMACILIÐI;Açýlýþ hareketi;         -112158333,78000;           -3726632,28824;         -112158333,78000;                  0,00000;                  0,00000;                  0,00000;                  0,00000;
300.001.010;;Açýlýþ hareketi;           -2641586,17000;            -156305,25054;           -2641586,17000;                  0,00000;                  0,00000;                  0,00000;                  0,00000;
300.001.010;AKARYAKIT ÝSTASYONU;Açýlýþ hareketi;              16778,07000;                508,68000;              16778,07000;                  0,00000;                  0,00000;                  0,00000;                  0,00000;
300.001.010;ERZURUM AVM;Açýlýþ hareketi;             536252,45000;              43271,29000;             536252,45000;                  0,00000;                  0,00000;                  0,00000;                  0,00000;
300.001.010;YOLCU TAÞIMACILIÐI;Açýlýþ hareketi;           -3169659,43000;            -161045,29000;           -3169659,43000;                  0,00000;                  0,00000;                  0,00000;                  0,00000;
300.001.011;;Açýlýþ hareketi;          -21000000,00000;           -1416803,29000;          -21000000,00000;                  0,00000;                  0,00000;                  0,00000;                  0,00000;
300.001.011;ERZURUM AVM;Açýlýþ hareketi;           21000000,00000;            2282782,39000;           21000000,00000;                  0,00000;                  0,00000;                  0,00000;                  0,00000;
300.001.012;;Açýlýþ hareketi;           -2898580,50000;            -155018,39739;           -2898580,50000;                  0,00000;                  0,00000;                  0,00000;                  0,00000;
300.001.012;YOLCU TAÞIMACILIÐI;Açýlýþ hareketi;            2898580,50000;             155018,40000;            2898580,50000;                  0,00000;                  0,00000;                  0,00000;                  0,00000;
300.001.013;;Açýlýþ hareketi;           -2217473,55000;             -69034,15013;           -2217473,55000;                  0,00000;                  0,00000;                  0,00000;                  0,00000;
300.001.013;AKARYAKIT ÝSTASYONU;Açýlýþ hareketi;           25654226,98000;             777794,45000;           25654226,98000;                  0,00000;                  0,00000;                  0,00000;                  0,00000;
300.001.013;YOLCU TAÞIMACILIÐI;Açýlýþ hareketi;          -58439187,30000;           -1771359,66000;          -58439187,30000;                  0,00000;                  0,00000;                  0,00000;                  0,00000;
300.002.001;;Açýlýþ hareketi;           -6334325,73000;            -192046,45169;           -6334325,73000;                  0,00000;                  0,00000;                  0,00000;                  0,00000;
300.002.001;YOLCU TAÞIMACILIÐI;Açýlýþ hareketi;            3172998,99000;              96200,17000;            3172998,99000;                  0,00000;                  0,00000;                  0,00000;                  0,00000;
300.100.001;;Açýlýþ hareketi;           18000000,00000;            1350438,89000;           18000000,00000;                  0,00000;                  0,00000;                  0,00000;                  0,00000;
300.100.001;ERZURUM AVM;Açýlýþ hareketi;         -111181470,32000;           -6026839,70000;         -111181470,32000;                  0,00000;                  0,00000;                  0,00000;                  0,00000;
300.100.001;YOLCU TAÞIMACILIÐI;Açýlýþ hareketi;           27000000,00000;             323713,46736;           27000000,00000;                  0,00000;                  0,00000;                  0,00000;                  0,00000;
309.001.001;;Açýlýþ hareketi;            -522073,92000;             -29137,24529;            -522073,92000;                  0,00000;                  0,00000;                  0,00000;                  0,00000;
309.001.001;ERZURUM AVM;Açýlýþ hareketi;             315915,68000;              22743,20000;             315915,68000;                  0,00000;                  0,00000;                  0,00000;                  0,00000;
309.001.001;YOLCU TAÞIMACILIÐI;Açýlýþ hareketi;             206156,24000;              12650,69000;             206156,24000;                  0,00000;                  0,00000;                  0,00000;                  0,00000;
320.001.001;;Açýlýþ hareketi;            2946819,47000;             181682,81500;            2946819,47000;                  0,00000;                  0,00000;                  0,00000;                  0,00000;
320.001.001;YOLCU TAÞIMACILIÐI;Açýlýþ hareketi;           -2946819,47000;            -176963,93000;           -2946819,47000;                  0,00000;                  0,00000;                  0,00000;                  0,00000;
320.001.004;;Açýlýþ hareketi;            3132506,79000;             212989,35601;            3132506,79000;                  0,00000;                  0,00000;                  0,00000;                  0,00000;
320.001.004;AKARYAKIT ÝSTASYONU;Açýlýþ hareketi;            2355987,40000;              71429,70000;            2355987,40000;                  0,00000;                  0,00000;                  0,00000;                  0,00000;
320.001.004;YOLCU TAÞIMACILIÐI;Açýlýþ hareketi;           -5488494,19000;            -253589,82750;           -5488494,19000;                  0,00000;                  0,00000;                  0,00000;                  0,00000;
320.001.005;;Açýlýþ hareketi;           -3345867,64000;             -95613,39547;           -3345867,64000;                  0,00000;                  0,00000;                  0,00000;                  0,00000;
320.001.005;YOLCU TAÞIMACILIÐI;Açýlýþ hareketi;            5459753,64000;             159295,59000;            5459753,64000;                  0,00000;                  0,00000;                  0,00000;                  0,00000;
320.001.008;;Açýlýþ hareketi;              53057,51000;               2593,07251;              53057,51000;                  0,00000;                  0,00000;                  0,00000;                  0,00000;
320.001.008;YOLCU TAÞIMACILIÐI;Açýlýþ hareketi;             -53057,51000;              -2951,18000;             -53057,51000;                  0,00000;                  0,00000;                  0,00000;                  0,00000;
320.001.009;;Açýlýþ hareketi;              62525,83000;               4432,06851;              62525,83000;                  0,00000;                  0,00000;                  0,00000;                  0,00000;
320.001.009;AKARYAKIT ÝSTASYONU;Açýlýþ hareketi;             614181,63000;              18620,99000;             614181,63000;                  0,00000;                  0,00000;                  0,00000;                  0,00000;
320.001.009;YOLCU TAÞIMACILIÐI;Açýlýþ hareketi;            -680910,42000;             -30913,04140;            -680910,42000;                  0,00000;                  0,00000;                  0,00000;                  0,00000;
320.001.012;;Açýlýþ hareketi;               2993,99000;                134,00604;               2993,99000;                  0,00000;                  0,00000;                  0,00000;                  0,00000;
320.001.012;YOLCU TAÞIMACILIÐI;Açýlýþ hareketi;              -2993,99000;               -237,47000;              -2993,99000;                  0,00000;                  0,00000;                  0,00000;                  0,00000;
320.001.013;;Açýlýþ hareketi;                309,54000;                  9,38475;                309,54000;                  0,00000;                  0,00000;                  0,00000;                  0,00000;
320.001.013;ERZURUM AVM;Açýlýþ hareketi;              -8510,00000;               -294,73000;              -8510,00000;                  0,00000;                  0,00000;                  0,00000;                  0,00000;
320.001.013;YOLCU TAÞIMACILIÐI;Açýlýþ hareketi;               8200,46000;                273,99000;               8200,46000;                  0,00000;                  0,00000;                  0,00000;                  0,00000;
320.001.015;;Açýlýþ hareketi;             121803,61000;               5805,75319;             121803,61000;                  0,00000;                  0,00000;                  0,00000;                  0,00000;
320.001.015;YOLCU TAÞIMACILIÐI;Açýlýþ hareketi;            -121803,61000;              -5805,76000;            -121803,61000;                  0,00000;                  0,00000;                  0,00000;                  0,00000;
320.001.017;;Açýlýþ hareketi;            1903196,57000;              57701,82395;            1903196,57000;                  0,00000;                  0,00000;                  0,00000;                  0,00000;
320.001.017;AKARYAKIT ÝSTASYONU;Açýlýþ hareketi;            1624803,43000;              49261,40000;            1624803,43000;                  0,00000;                  0,00000;                  0,00000;                  0,00000;
320.001.017;ERZURUM AVM;Açýlýþ hareketi;           -2418000,00000;             -73309,82000;           -2418000,00000;                  0,00000;                  0,00000;                  0,00000;                  0,00000;
320.001.017;YOLCU TAÞIMACILIÐI;Açýlýþ hareketi;           -1110000,00000;             -33653,40000;           -1110000,00000;                  0,00000;                  0,00000;                  0,00000;                  0,00000;
320.001.019;;Açýlýþ hareketi;              20446,16000;                970,43072;              20446,16000;                  0,00000;                  0,00000;                  0,00000;                  0,00000;
320.001.019;AKARYAKIT ÝSTASYONU;Açýlýþ hareketi;               -589,90000;                -17,88000;               -589,90000;                  0,00000;                  0,00000;                  0,00000;                  0,00000;
320.001.019;YOLCU TAÞIMACILIÐI;Açýlýþ hareketi;             -19856,26000;              -1274,15000;             -19856,26000;                  0,00000;                  0,00000;                  0,00000;                  0,00000;
320.001.020;;Açýlýþ hareketi;                418,00000;                 14,41101;                418,00000;                  0,00000;                  0,00000;                  0,00000;                  0,00000;
320.001.020;AKARYAKIT ÝSTASYONU;Açýlýþ hareketi;                -31,69000;                 -0,96000;                -31,69000;                  0,00000;                  0,00000;                  0,00000;                  0,00000;
320.001.020;YOLCU TAÞIMACILIÐI;Açýlýþ hareketi;               -386,31000;                -14,41000;               -386,31000;                  0,00000;                  0,00000;                  0,00000;                  0,00000;
320.001.021;;Açýlýþ hareketi;                131,75000;                  4,54223;                131,75000;                  0,00000;                  0,00000;                  0,00000;                  0,00000;
320.001.021;YOLCU TAÞIMACILIÐI;Açýlýþ hareketi;               -131,75000;                 -8,21000;               -131,75000;                  0,00000;                  0,00000;                  0,00000;                  0,00000;
320.001.022;;Açýlýþ hareketi;            -194999,99000;              -6875,53878;            -194999,99000;                  0,00000;                  0,00000;                  0,00000;                  0,00000;
320.001.022;ERZURUM AVM;Açýlýþ hareketi;             200000,00000;              10538,24000;             200000,00000;                  0,00000;                  0,00000;                  0,00000;                  0,00000;
320.001.022;YOLCU TAÞIMACILIÐI;Açýlýþ hareketi;              -5000,01000;               -742,03648;              -5000,01000;                  0,00000;                  0,00000;                  0,00000;                  0,00000;
320.001.026;;Açýlýþ hareketi;             -79538,34000;              -1516,29565;             -79538,34000;                  0,00000;                  0,00000;                  0,00000;                  0,00000;
320.001.026;AKARYAKIT ÝSTASYONU;Açýlýþ hareketi;             -45698,95000;              -1916,51000;             -45698,95000;                  0,00000;                  0,00000;                  0,00000;                  0,00000;
320.001.026;ERZURUM AVM;Açýlýþ hareketi;             -66500,92000;              -2016,21000;             -66500,92000;                  0,00000;                  0,00000;                  0,00000;                  0,00000;
320.001.026;GES PROJESÝ SORGUN;Açýlýþ hareketi;            -712671,46000;             -21684,08000;            -712671,46000;                  0,00000;                  0,00000;                  0,00000;                  0,00000;
320.001.026;YOLCU TAÞIMACILIÐI;Açýlýþ hareketi;             881904,87000;              26457,97000;             881904,87000;                  0,00000;                  0,00000;                  0,00000;                  0,00000;
320.001.030;;Açýlýþ hareketi;              33905,93000;               1925,43887;              33905,93000;                  0,00000;                  0,00000;                  0,00000;                  0,00000;
320.001.030;AKARYAKIT ÝSTASYONU;Açýlýþ hareketi;               6600,00000;                200,10000;               6600,00000;                  0,00000;                  0,00000;                  0,00000;                  0,00000;
320.001.030;ERZURUM AVM;Açýlýþ hareketi;             -49860,00000;              -1511,67000;             -49860,00000;                  0,00000;                  0,00000;                  0,00000;                  0,00000;
320.001.030;YOLCU TAÞIMACILIÐI;Açýlýþ hareketi;               9354,07000;              -1386,83522;               9354,07000;                  0,00000;                  0,00000;                  0,00000;                  0,00000;
320.001.033;;Açýlýþ hareketi;               3336,78000;                107,36402;               3336,78000;                  0,00000;                  0,00000;                  0,00000;                  0,00000;
320.001.033;YOLCU TAÞIMACILIÐI;Açýlýþ hareketi;               1606,46000;                 52,26000;               1606,46000;                  0,00000;                  0,00000;                  0,00000;                  0,00000;
320.001.034;ERZURUM AVM;Açýlýþ hareketi;            -157798,37000;              -4912,56000;            -157798,37000;                  0,00000;                  0,00000;                  0,00000;                  0,00000;
320.001.034;YOLCU TAÞIMACILIÐI;Açýlýþ hareketi;             157798,37000;               4711,75000;             157798,37000;                  0,00000;                  0,00000;                  0,00000;                  0,00000;
320.001.037;;Açýlýþ hareketi;            -450000,00000;             -13643,26796;            -450000,00000;                  0,00000;                  0,00000;                  0,00000;                  0,00000;
320.001.037;YOLCU TAÞIMACILIÐI;Açýlýþ hareketi;             450000,00000;              14009,35000;             450000,00000;                  0,00000;                  0,00000;                  0,00000;                  0,00000;
320.001.041;;Açýlýþ hareketi;            -203604,99000;              -6645,43253;            -203604,99000;                  0,00000;                  0,00000;                  0,00000;                  0,00000;
320.001.041;AKARYAKIT ÝSTASYONU;Açýlýþ hareketi;             101098,00000;               3065,13000;             101098,00000;                  0,00000;                  0,00000;                  0,00000;                  0,00000;
320.001.041;YOLCU TAÞIMACILIÐI;Açýlýþ hareketi;             102506,99000;               3794,34000;             102506,99000;                  0,00000;                  0,00000;                  0,00000;                  0,00000;
320.001.042;;Açýlýþ hareketi;              48007,60000;               2486,43028;              48007,60000;                  0,00000;                  0,00000;                  0,00000;                  0,00000;
320.001.042;YOLCU TAÞIMACILIÐI;Açýlýþ hareketi;             -48007,60000;              -2777,81000;             -48007,60000;                  0,00000;                  0,00000;                  0,00000;                  0,00000;
320.001.046;;Açýlýþ hareketi;              24845,99000;               1393,17885;              24845,99000;                  0,00000;                  0,00000;                  0,00000;                  0,00000;
320.001.046;YOLCU TAÞIMACILIÐI;Açýlýþ hareketi;             -24845,99000;              -1919,42000;             -24845,99000;                  0,00000;                  0,00000;                  0,00000;                  0,00000;
320.001.050;;Açýlýþ hareketi;            -393586,19000;              -3641,91182;            -393586,19000;                  0,00000;                  0,00000;                  0,00000;                  0,00000;
320.001.050;YOLCU TAÞIMACILIÐI;Açýlýþ hareketi;             393586,19000;               9075,43000;             393586,19000;                  0,00000;                  0,00000;                  0,00000;                  0,00000;
320.001.053;;Açýlýþ hareketi;              10410,00000;                752,22339;              10410,00000;                  0,00000;                  0,00000;                  0,00000;                  0,00000;
320.001.053;YOLCU TAÞIMACILIÐI;Açýlýþ hareketi;             -10410,00000;              -1175,73000;             -10410,00000;                  0,00000;                  0,00000;                  0,00000;                  0,00000;
320.001.068;AKARYAKIT ÝSTASYONU;Açýlýþ hareketi;               5418,19000;                164,27000;               5418,19000;                  0,00000;                  0,00000;                  0,00000;                  0,00000;
320.001.068;YOLCU TAÞIMACILIÐI;Açýlýþ hareketi;              -5418,19000;               -164,27000;              -5418,19000;                  0,00000;                  0,00000;                  0,00000;                  0,00000;
320.001.082;;Açýlýþ hareketi;              14000,00000;                768,43278;              14000,00000;                  0,00000;                  0,00000;                  0,00000;                  0,00000;
320.001.082;YOLCU TAÞIMACILIÐI;Açýlýþ hareketi;             -14000,00000;               -855,32000;             -14000,00000;                  0,00000;                  0,00000;                  0,00000;                  0,00000;
320.001.091;;Açýlýþ hareketi;            -100000,00000;              -3113,18934;            -100000,00000;                  0,00000;                  0,00000;                  0,00000;                  0,00000;
320.001.091;ERZURUM AVM;Açýlýþ hareketi;             -12475,99000;               -378,25000;             -12475,99000;                  0,00000;                  0,00000;                  0,00000;                  0,00000;
320.001.091;YOLCU TAÞIMACILIÐI;Açýlýþ hareketi;             112475,99000;               3491,44000;             112475,99000;                  0,00000;                  0,00000;                  0,00000;                  0,00000;
320.001.093;;Açýlýþ hareketi;             -36696,84000;              -1948,77290;             -36696,84000;                  0,00000;                  0,00000;                  0,00000;                  0,00000;
320.001.093;YOLCU TAÞIMACILIÐI;Açýlýþ hareketi;              36696,84000;                144,00000;              36696,84000;                  0,00000;                  0,00000;                  0,00000;                  0,00000;
320.001.094;AKARYAKIT ÝSTASYONU;Açýlýþ hareketi;              83497,78000;               2531,54000;              83497,78000;                  0,00000;                  0,00000;                  0,00000;                  0,00000;
320.001.107;;Açýlýþ hareketi;              18000,00000;                966,34956;              18000,00000;                  0,00000;                  0,00000;                  0,00000;                  0,00000;
320.001.107;YOLCU TAÞIMACILIÐI;Açýlýþ hareketi;             -18000,00000;               -972,00000;             -18000,00000;                  0,00000;                  0,00000;                  0,00000;                  0,00000;
320.001.108;;Açýlýþ hareketi;            -141474,00000;              -6027,03821;            -141474,00000;                  0,00000;                  0,00000;                  0,00000;                  0,00000;
320.001.108;ERZURUM AVM;Açýlýþ hareketi;              42459,00000;               2280,36000;              42459,00000;                  0,00000;                  0,00000;                  0,00000;                  0,00000;
320.001.108;YOLCU TAÞIMACILIÐI;Açýlýþ hareketi;              99015,00000;               5317,84000;              99015,00000;                  0,00000;                  0,00000;                  0,00000;                  0,00000;
320.001.124;;Açýlýþ hareketi;               6408,25000;                344,03387;               6408,25000;                  0,00000;                  0,00000;                  0,00000;                  0,00000;
320.001.124;YOLCU TAÞIMACILIÐI;Açýlýþ hareketi;              -1470,00000;              -3918,33055;              -1470,00000;                  0,00000;                  0,00000;                  0,00000;                  0,00000;
320.001.152;;Açýlýþ hareketi;             -41912,00000;              -1525,69549;             -41912,00000;                  0,00000;                  0,00000;                  0,00000;                  0,00000;
320.001.152;AKARYAKIT ÝSTASYONU;Açýlýþ hareketi;              73626,00000;               2232,22000;              73626,00000;                  0,00000;                  0,00000;                  0,00000;                  0,00000;
320.001.152;YOLCU TAÞIMACILIÐI;Açýlýþ hareketi;              95617,00000;               3122,26000;              95617,00000;                  0,00000;                  0,00000;                  0,00000;                  0,00000;
320.001.153;;Açýlýþ hareketi;             -49748,88000;              -2273,63699;             -49748,88000;                  0,00000;                  0,00000;                  0,00000;                  0,00000;
320.001.153;YOLCU TAÞIMACILIÐI;Açýlýþ hareketi;              49748,88000;               2705,43000;              49748,88000;                  0,00000;                  0,00000;                  0,00000;                  0,00000;
320.001.156;;Açýlýþ hareketi;              -1087,87000;                -73,40000;              -1087,87000;                  0,00000;                  0,00000;                  0,00000;                  0,00000;
320.001.156;ERZURUM AVM;Açýlýþ hareketi;               1087,87000;                118,26000;               1087,87000;                  0,00000;                  0,00000;                  0,00000;                  0,00000;
320.001.159;;Açýlýþ hareketi;            9335000,00000;             290616,22470;            9335000,00000;                  0,00000;                  0,00000;                  0,00000;                  0,00000;
320.001.159;AKARYAKIT ÝSTASYONU;Açýlýþ hareketi;              96396,00000;               2922,57000;              96396,00000;                  0,00000;                  0,00000;                  0,00000;                  0,00000;
320.001.159;ERZURUM AVM;Açýlýþ hareketi;          -17525826,52000;            -542276,03000;          -17525826,52000;                  0,00000;                  0,00000;                  0,00000;                  0,00000;
320.001.159;YOLCU TAÞIMACILIÐI;Açýlýþ hareketi;            1660067,60000;              53994,13000;            1660067,60000;                  0,00000;                  0,00000;                  0,00000;                  0,00000;
320.001.168;;Açýlýþ hareketi;               4168,49000;                126,38184;               4168,49000;                  0,00000;                  0,00000;                  0,00000;                  0,00000;
320.001.168;ERZURUM AVM;Açýlýþ hareketi;             -27710,99000;               -848,95000;             -27710,99000;                  0,00000;                  0,00000;                  0,00000;                  0,00000;
320.001.168;YOLCU TAÞIMACILIÐI;Açýlýþ hareketi;              23542,50000;                713,78000;              23542,50000;                  0,00000;                  0,00000;                  0,00000;                  0,00000;
320.001.173;;Açýlýþ hareketi;              20250,78000;               1017,24380;              20250,78000;                  0,00000;                  0,00000;                  0,00000;                  0,00000;
320.001.173;AKARYAKIT ÝSTASYONU;Açýlýþ hareketi;              -6995,00000;               -231,48000;              -6995,00000;                  0,00000;                  0,00000;                  0,00000;                  0,00000;
320.001.173;YOLCU TAÞIMACILIÐI;Açýlýþ hareketi;             -13255,78000;              -1122,63000;             -13255,78000;                  0,00000;                  0,00000;                  0,00000;                  0,00000;
320.001.177;ERZURUM AVM;Açýlýþ hareketi;           -3392522,78000;            -105637,15000;           -3392522,78000;                  0,00000;                  0,00000;                  0,00000;                  0,00000;
320.001.177;YOLCU TAÞIMACILIÐI;Açýlýþ hareketi;            3392522,78000;             105510,94000;            3392522,78000;                  0,00000;                  0,00000;                  0,00000;                  0,00000;
320.001.178;AKARYAKIT ÝSTASYONU;Açýlýþ hareketi;              70440,00000;               2135,63000;              70440,00000;                  0,00000;                  0,00000;                  0,00000;                  0,00000;
320.001.178;YOLCU TAÞIMACILIÐI;Açýlýþ hareketi;             -70440,00000;              -2135,63000;             -70440,00000;                  0,00000;                  0,00000;                  0,00000;                  0,00000;
320.001.190;;Açýlýþ hareketi;            5844030,00000;             238806,20562;            5844030,00000;                  0,00000;                  0,00000;                  0,00000;                  0,00000;
320.001.190;ERZURUM AVM;Açýlýþ hareketi;           34000000,00000;            1825915,11000;           34000000,00000;                  0,00000;                  0,00000;                  0,00000;                  0,00000;
320.001.190;YOLCU TAÞIMACILIÐI;Açýlýþ hareketi;          -39844030,00000;           -2322700,23000;          -39844030,00000;                  0,00000;                  0,00000;                  0,00000;                  0,00000;
320.001.194;AKARYAKIT ÝSTASYONU;Açýlýþ hareketi;            2955000,00000;              89590,79000;            2955000,00000;                  0,00000;                  0,00000;                  0,00000;                  0,00000;
320.001.194;YOLCU TAÞIMACILIÐI;Açýlýþ hareketi;             -84885,75000;              -2573,60000;             -84885,75000;                  0,00000;                  0,00000;                  0,00000;                  0,00000;
320.001.209;;Açýlýþ hareketi;              14830,26000;                798,80316;              14830,26000;                  0,00000;                  0,00000;                  0,00000;                  0,00000;
320.001.209;YOLCU TAÞIMACILIÐI;Açýlýþ hareketi;             -14830,26000;              -1068,05000;             -14830,26000;                  0,00000;                  0,00000;                  0,00000;                  0,00000;
320.001.210;;Açýlýþ hareketi;              30700,00000;               1654,16613;              30700,00000;                  0,00000;                  0,00000;                  0,00000;                  0,00000;
320.001.210;YOLCU TAÞIMACILIÐI;Açýlýþ hareketi;             -30700,00000;              -1757,95000;             -30700,00000;                  0,00000;                  0,00000;                  0,00000;                  0,00000;
320.001.211;ERZURUM AVM;Açýlýþ hareketi;             -51620,00000;              -1606,40000;             -51620,00000;                  0,00000;                  0,00000;                  0,00000;                  0,00000;
320.001.211;YOLCU TAÞIMACILIÐI;Açýlýþ hareketi;              51620,00000;               1565,03000;              51620,00000;                  0,00000;                  0,00000;                  0,00000;                  0,00000;
320.001.214;;Açýlýþ hareketi;               7200,00000;                218,29229;               7200,00000;                  0,00000;                  0,00000;                  0,00000;                  0,00000;
320.001.214;YOLCU TAÞIMACILIÐI;Açýlýþ hareketi;              -7200,00000;               -224,16000;              -7200,00000;                  0,00000;                  0,00000;                  0,00000;                  0,00000;
320.001.241;;Açýlýþ hareketi;               5054,00000;                174,24222;               5054,00000;                  0,00000;                  0,00000;                  0,00000;                  0,00000;
320.001.241;YOLCU TAÞIMACILIÐI;Açýlýþ hareketi;              -5054,00000;               -211,84000;              -5054,00000;                  0,00000;                  0,00000;                  0,00000;                  0,00000;
320.001.243;;Açýlýþ hareketi;              10317,00000;                553,87936;              10317,00000;                  0,00000;                  0,00000;                  0,00000;                  0,00000;
320.001.243;YOLCU TAÞIMACILIÐI;Açýlýþ hareketi;             -10317,00000;               -665,01000;             -10317,00000;                  0,00000;                  0,00000;                  0,00000;                  0,00000;
320.001.245;;Açýlýþ hareketi;               5219,01000;                280,18822;               5219,01000;                  0,00000;                  0,00000;                  0,00000;                  0,00000;
320.001.245;YOLCU TAÞIMACILIÐI;Açýlýþ hareketi;             -29219,01000;              -1650,63839;             -29219,01000;                  0,00000;                  0,00000;                  0,00000;                  0,00000;
320.001.248;;Açýlýþ hareketi;               9544,78000;                565,61424;               9544,78000;                  0,00000;                  0,00000;                  0,00000;                  0,00000;
320.001.248;AKARYAKIT ÝSTASYONU;Açýlýþ hareketi;              -9758,64000;               -652,65000;              -9758,64000;                  0,00000;                  0,00000;                  0,00000;                  0,00000;
320.001.248;YOLCU TAÞIMACILIÐI;Açýlýþ hareketi;                213,86000;                 -9,98000;                213,86000;                  0,00000;                  0,00000;                  0,00000;                  0,00000;
320.001.249;;Açýlýþ hareketi;              -1180,00000;                -63,10734;              -1180,00000;                  0,00000;                  0,00000;                  0,00000;                  0,00000;
320.001.249;YOLCU TAÞIMACILIÐI;Açýlýþ hareketi;               1180,00000;                 63,50000;               1180,00000;                  0,00000;                  0,00000;                  0,00000;                  0,00000;
320.001.251;;Açýlýþ hareketi;            8367282,76000;             231699,69622;            8367282,76000;                  0,00000;                  0,00000;                  0,00000;                  0,00000;
320.001.251;AKARYAKIT ÝSTASYONU;Açýlýþ hareketi;           -2970431,36000;              53652,62000;           -2970431,36000;                  0,00000;                  0,00000;                  0,00000;                  0,00000;
320.001.251;GES PROJESÝ SORGUN;Açýlýþ hareketi;           -9500000,00000;            -288024,55000;           -9500000,00000;                  0,00000;                  0,00000;                  0,00000;                  0,00000;
320.001.251;YOLCU TAÞIMACILIÐI;Açýlýþ hareketi;            4103148,60000;             -15783,90000;            4103148,60000;                  0,00000;                  0,00000;                  0,00000;                  0,00000;
320.001.254;ERZURUM AVM;Açýlýþ hareketi;             -20390,00000;               -618,19000;             -20390,00000;                  0,00000;                  0,00000;                  0,00000;                  0,00000;
320.001.254;YOLCU TAÞIMACILIÐI;Açýlýþ hareketi;              20390,00000;                618,19000;              20390,00000;                  0,00000;                  0,00000;                  0,00000;                  0,00000;
320.001.257;;Açýlýþ hareketi;           -7455000,00000;            -412606,25642;           -7455000,00000;                  0,00000;                  0,00000;                  0,00000;                  0,00000;
320.001.257;ERZURUM AVM;Açýlýþ hareketi;             855000,00000;              92941,85000;             855000,00000;                  0,00000;                  0,00000;                  0,00000;                  0,00000;
320.001.257;YOLCU TAÞIMACILIÐI;Açýlýþ hareketi;            6600000,00000;             363340,08000;            6600000,00000;                  0,00000;                  0,00000;                  0,00000;                  0,00000;
320.001.258;;Açýlýþ hareketi;           -5711029,42000;            -373108,48719;           -5711029,42000;                  0,00000;                  0,00000;                  0,00000;                  0,00000;
320.001.258;YOLCU TAÞIMACILIÐI;Açýlýþ hareketi;            5711029,42000;             396587,08000;            5711029,42000;                  0,00000;                  0,00000;                  0,00000;                  0,00000;
320.001.260;;Açýlýþ hareketi;             -76950,00000;              -3992,33107;             -76950,00000;                  0,00000;                  0,00000;                  0,00000;                  0,00000;
320.001.260;AKARYAKIT ÝSTASYONU;Açýlýþ hareketi;             477475,00000;              14476,27000;             477475,00000;                  0,00000;                  0,00000;                  0,00000;                  0,00000;
320.001.260;YOLCU TAÞIMACILIÐI;Açýlýþ hareketi;            -400525,00000;             -10347,60000;            -400525,00000;                  0,00000;                  0,00000;                  0,00000;                  0,00000;
320.001.277;;Açýlýþ hareketi;             278771,05000;              18057,69000;             278771,05000;                  0,00000;                  0,00000;                  0,00000;                  0,00000;
320.001.277;AKARYAKIT ÝSTASYONU;Açýlýþ hareketi;             349330,87000;               3459,24000;             349330,87000;                  0,00000;                  0,00000;                  0,00000;                  0,00000;
320.001.277;YOLCU TAÞIMACILIÐI;Açýlýþ hareketi;            -628101,92000;             -44272,21182;            -628101,92000;                  0,00000;                  0,00000;                  0,00000;                  0,00000;
320.001.283;;Açýlýþ hareketi;               6994,20000;                375,61222;               6994,20000;                  0,00000;                  0,00000;                  0,00000;                  0,00000;
320.001.283;YOLCU TAÞIMACILIÐI;Açýlýþ hareketi;              -6994,20000;               -376,14000;              -6994,20000;                  0,00000;                  0,00000;                  0,00000;                  0,00000;
320.001.284;;Açýlýþ hareketi;              18887,08000;                651,15288;              18887,08000;                  0,00000;                  0,00000;                  0,00000;                  0,00000;
320.001.284;YOLCU TAÞIMACILIÐI;Açýlýþ hareketi;             -18887,08000;              -1123,08000;             -18887,08000;                  0,00000;                  0,00000;                  0,00000;                  0,00000;
320.001.291;;Açýlýþ hareketi;               2500,00000;                 75,79593;               2500,00000;                  0,00000;                  0,00000;                  0,00000;                  0,00000;
320.001.291;ERZURUM AVM;Açýlýþ hareketi;              -2500,00000;                -75,80000;              -2500,00000;                  0,00000;                  0,00000;                  0,00000;                  0,00000;
320.001.291;YOLCU TAÞIMACILIÐI;Açýlýþ hareketi;               2500,00000;                 75,80000;               2500,00000;                  0,00000;                  0,00000;                  0,00000;                  0,00000;
320.001.306;;Açýlýþ hareketi;               1356,90000;                 44,48202;               1356,90000;                  0,00000;                  0,00000;                  0,00000;                  0,00000;
320.001.306;AKARYAKIT ÝSTASYONU;Açýlýþ hareketi;               -402,43000;                 -7,31000;               -402,43000;                  0,00000;                  0,00000;                  0,00000;                  0,00000;
320.001.306;YOLCU TAÞIMACILIÐI;Açýlýþ hareketi;               -954,47000;                -51,43000;               -954,47000;                  0,00000;                  0,00000;                  0,00000;                  0,00000;
320.001.318;;Açýlýþ hareketi;              12600,00000;                434,39887;              12600,00000;                  0,00000;                  0,00000;                  0,00000;                  0,00000;
320.001.318;YOLCU TAÞIMACILIÐI;Açýlýþ hareketi;             -12600,00000;               -447,99000;             -12600,00000;                  0,00000;                  0,00000;                  0,00000;                  0,00000;
320.001.320;AKARYAKIT ÝSTASYONU;Açýlýþ hareketi;              30000,00000;                909,55000;              30000,00000;                  0,00000;                  0,00000;                  0,00000;                  0,00000;
320.001.323;;Açýlýþ hareketi;            3123856,52000;             207253,90511;            3123856,52000;                  0,00000;                  0,00000;                  0,00000;                  0,00000;
320.001.323;AKARYAKIT ÝSTASYONU;Açýlýþ hareketi;          -25233631,23000;           -1037257,67000;          -25233631,23000;                  0,00000;                  0,00000;                  0,00000;                  0,00000;
320.001.323;YOLCU TAÞIMACILIÐI;Açýlýþ hareketi;           21884016,10000;             804358,54165;           21884016,10000;                  0,00000;                  0,00000;                  0,00000;                  0,00000;
320.001.326;;Açýlýþ hareketi;             319776,81000;              11024,65765;             319776,81000;                  0,00000;                  0,00000;                  0,00000;                  0,00000;
320.001.326;AKARYAKIT ÝSTASYONU;Açýlýþ hareketi;            -294875,18000;             -11637,02000;            -294875,18000;                  0,00000;                  0,00000;                  0,00000;                  0,00000;
320.001.326;YOLCU TAÞIMACILIÐI;Açýlýþ hareketi;             -24901,63000;               -754,98000;             -24901,63000;                  0,00000;                  0,00000;                  0,00000;                  0,00000;
320.001.327;;Açýlýþ hareketi;           10990470,18000;             695687,05839;           10990470,18000;                  0,00000;                  0,00000;                  0,00000;                  0,00000;
320.001.327;AKARYAKIT ÝSTASYONU;Açýlýþ hareketi;         -101344733,18000;           -4398671,75000;         -101344733,18000;                  0,00000;                  0,00000;                  0,00000;                  0,00000;
320.001.327;YOLCU TAÞIMACILIÐI;Açýlýþ hareketi;           90354263,00000;            3603963,61826;           90354263,00000;                  0,00000;                  0,00000;                  0,00000;                  0,00000;
320.001.330;;Açýlýþ hareketi;             -12850,00000;               -480,01315;             -12850,00000;                  0,00000;                  0,00000;                  0,00000;                  0,00000;
320.001.330;YOLCU TAÞIMACILIÐI;Açýlýþ hareketi;              12850,00000;                523,97000;              12850,00000;                  0,00000;                  0,00000;                  0,00000;                  0,00000;
320.001.331;;Açýlýþ hareketi;             227769,74000;               7539,63316;             227769,74000;                  0,00000;                  0,00000;                  0,00000;                  0,00000;
320.001.331;AKARYAKIT ÝSTASYONU;Açýlýþ hareketi;            -213081,84000;              -7414,13000;            -213081,84000;                  0,00000;                  0,00000;                  0,00000;                  0,00000;
320.001.331;YOLCU TAÞIMACILIÐI;Açýlýþ hareketi;             -14687,90000;               -445,32000;             -14687,90000;                  0,00000;                  0,00000;                  0,00000;                  0,00000;
320.001.333;;Açýlýþ hareketi;                400,00000;                 13,79044;                400,00000;                  0,00000;                  0,00000;                  0,00000;                  0,00000;
320.001.333;AKARYAKIT ÝSTASYONU;Açýlýþ hareketi;              24440,02000;                684,99000;              24440,02000;                  0,00000;                  0,00000;                  0,00000;                  0,00000;
320.001.333;YOLCU TAÞIMACILIÐI;Açýlýþ hareketi;             -24840,02000;               -743,91000;             -24840,02000;                  0,00000;                  0,00000;                  0,00000;                  0,00000;
320.001.337;;Açýlýþ hareketi;                  0,60000;                  0,04000;                  0,60000;                  0,00000;                  0,00000;                  0,00000;                  0,00000;
320.001.337;YOLCU TAÞIMACILIÐI;Açýlýþ hareketi;                 -0,60000;                 -0,05000;                 -0,60000;                  0,00000;                  0,00000;                  0,00000;                  0,00000;
320.001.339;;Açýlýþ hareketi;              76304,78000;               4096,50504;              76304,78000;                  0,00000;                  0,00000;                  0,00000;                  0,00000;
320.001.339;AKARYAKIT ÝSTASYONU;Açýlýþ hareketi;           -1185444,49000;             -44963,33000;           -1185444,49000;                  0,00000;                  0,00000;                  0,00000;                  0,00000;
320.001.339;YOLCU TAÞIMACILIÐI;Açýlýþ hareketi;            1022139,71000;              36935,22000;            1022139,71000;                  0,00000;                  0,00000;                  0,00000;                  0,00000;
320.001.340;;Açýlýþ hareketi;               2727,04000;                183,98000;               2727,04000;                  0,00000;                  0,00000;                  0,00000;                  0,00000;
320.001.340;AKARYAKIT ÝSTASYONU;Açýlýþ hareketi;              -2727,04000;               -258,78000;              -2727,04000;                  0,00000;                  0,00000;                  0,00000;                  0,00000;
320.001.342;;Açýlýþ hareketi;             611686,00000;              24998,77892;             611686,00000;                  0,00000;                  0,00000;                  0,00000;                  0,00000;
320.001.342;AKARYAKIT ÝSTASYONU;Açýlýþ hareketi;            -588953,01000;             -26812,26000;            -588953,01000;                  0,00000;                  0,00000;                  0,00000;                  0,00000;
320.001.342;YOLCU TAÞIMACILIÐI;Açýlýþ hareketi;             -22732,99000;               -885,88000;             -22732,99000;                  0,00000;                  0,00000;                  0,00000;                  0,00000;
320.001.353;;Açýlýþ hareketi;             457009,85000;              14957,75889;             457009,85000;                  0,00000;                  0,00000;                  0,00000;                  0,00000;
320.001.353;AKARYAKIT ÝSTASYONU;Açýlýþ hareketi;            -449026,05000;             -14971,69000;            -449026,05000;                  0,00000;                  0,00000;                  0,00000;                  0,00000;
320.001.353;YOLCU TAÞIMACILIÐI;Açýlýþ hareketi;              -7983,80000;               -296,25000;              -7983,80000;                  0,00000;                  0,00000;                  0,00000;                  0,00000;
320.001.358;;Açýlýþ hareketi;               8208,84000;                479,02770;               8208,84000;                  0,00000;                  0,00000;                  0,00000;                  0,00000;
320.001.358;AKARYAKIT ÝSTASYONU;Açýlýþ hareketi;              -8208,84000;               -585,37000;              -8208,84000;                  0,00000;                  0,00000;                  0,00000;                  0,00000;
320.001.362;;Açýlýþ hareketi;              27004,02000;               1484,60978;              27004,02000;                  0,00000;                  0,00000;                  0,00000;                  0,00000;
320.001.362;YOLCU TAÞIMACILIÐI;Açýlýþ hareketi;             -27004,02000;              -3218,64000;             -27004,02000;                  0,00000;                  0,00000;                  0,00000;                  0,00000;
320.001.377;;Açýlýþ hareketi;               8179,76000;                440,17435;               8179,76000;                  0,00000;                  0,00000;                  0,00000;                  0,00000;
320.001.377;YOLCU TAÞIMACILIÐI;Açýlýþ hareketi;              -8179,76000;               -500,36000;              -8179,76000;                  0,00000;                  0,00000;                  0,00000;                  0,00000;
320.001.388;;Açýlýþ hareketi;              -2555,00000;                -68,83083;              -2555,00000;                  0,00000;                  0,00000;                  0,00000;                  0,00000;
320.001.388;AKARYAKIT ÝSTASYONU;Açýlýþ hareketi;                955,00000;                 49,81000;                955,00000;                  0,00000;                  0,00000;                  0,00000;                  0,00000;
320.001.388;YOLCU TAÞIMACILIÐI;Açýlýþ hareketi;               1600,00000;                 67,73000;               1600,00000;                  0,00000;                  0,00000;                  0,00000;                  0,00000;
320.001.391;;Açýlýþ hareketi;              53216,01000;               3149,34602;              53216,01000;                  0,00000;                  0,00000;                  0,00000;                  0,00000;
320.001.391;YOLCU TAÞIMACILIÐI;Açýlýþ hareketi;             -53216,01000;              -2977,78000;             -53216,01000;                  0,00000;                  0,00000;                  0,00000;                  0,00000;
320.001.411;;Açýlýþ hareketi;            -447139,91000;             -16702,96002;            -447139,91000;                  0,00000;                  0,00000;                  0,00000;                  0,00000;
320.001.411;ERZURUM AVM;Açýlýþ hareketi;             447139,91000;              23855,24000;             447139,91000;                  0,00000;                  0,00000;                  0,00000;                  0,00000;
320.001.415;;Açýlýþ hareketi;               8154,00000;                266,17525;               8154,00000;                  0,00000;                  0,00000;                  0,00000;                  0,00000;
320.001.415;YOLCU TAÞIMACILIÐI;Açýlýþ hareketi;              -8154,00000;               -330,04000;              -8154,00000;                  0,00000;                  0,00000;                  0,00000;                  0,00000;
320.001.419;;Açýlýþ hareketi;              16342,94000;                605,01131;              16342,94000;                  0,00000;                  0,00000;                  0,00000;                  0,00000;
320.001.419;AKARYAKIT ÝSTASYONU;Açýlýþ hareketi;             -16342,94000;               -823,82000;             -16342,94000;                  0,00000;                  0,00000;                  0,00000;                  0,00000;
320.001.442;;Açýlýþ hareketi;            -249187,15000;              -7823,06915;            -249187,15000;                  0,00000;                  0,00000;                  0,00000;                  0,00000;
320.001.442;AKARYAKIT ÝSTASYONU;Açýlýþ hareketi;             171800,00000;               5208,70000;             171800,00000;                  0,00000;                  0,00000;                  0,00000;                  0,00000;
320.001.442;YOLCU TAÞIMACILIÐI;Açýlýþ hareketi;             106938,93000;               3752,65000;             106938,93000;                  0,00000;                  0,00000;                  0,00000;                  0,00000;
320.001.443;ERZURUM AVM;Açýlýþ hareketi;           -7917242,28000;            -240037,92000;           -7917242,28000;                  0,00000;                  0,00000;                  0,00000;                  0,00000;
320.001.443;YOLCU TAÞIMACILIÐI;Açýlýþ hareketi;           -1076628,64000;             -32641,40000;           -1076628,64000;                  0,00000;                  0,00000;                  0,00000;                  0,00000;
320.001.454;;Açýlýþ hareketi;               1616,30000;                 86,97734;               1616,30000;                  0,00000;                  0,00000;                  0,00000;                  0,00000;
320.001.454;YOLCU TAÞIMACILIÐI;Açýlýþ hareketi;              -1616,30000;               -121,26191;              -1616,30000;                  0,00000;                  0,00000;                  0,00000;                  0,00000;
320.001.457;;Açýlýþ hareketi;               5370,01000;                185,13701;               5370,01000;                  0,00000;                  0,00000;                  0,00000;                  0,00000;
320.001.457;YOLCU TAÞIMACILIÐI;Açýlýþ hareketi;              -5370,01000;               -264,98000;              -5370,01000;                  0,00000;                  0,00000;                  0,00000;                  0,00000;
320.001.459;;Açýlýþ hareketi;              13852,76000;                476,99011;              13852,76000;                  0,00000;                  0,00000;                  0,00000;                  0,00000;
320.001.459;AKARYAKIT ÝSTASYONU;Açýlýþ hareketi;             -10051,68000;               -381,02000;             -10051,68000;                  0,00000;                  0,00000;                  0,00000;                  0,00000;
320.001.459;YOLCU TAÞIMACILIÐI;Açýlýþ hareketi;              -3801,08000;               -115,24000;              -3801,08000;                  0,00000;                  0,00000;                  0,00000;                  0,00000;
320.001.460;;Açýlýþ hareketi;               4084,68000;                220,09279;               4084,68000;                  0,00000;                  0,00000;                  0,00000;                  0,00000;
320.001.460;YOLCU TAÞIMACILIÐI;Açýlýþ hareketi;              -4084,68000;               -306,45060;              -4084,68000;                  0,00000;                  0,00000;                  0,00000;                  0,00000;
320.001.479;;Açýlýþ hareketi;              21903,40000;                866,51529;              21903,40000;                  0,00000;                  0,00000;                  0,00000;                  0,00000;
320.001.479;YOLCU TAÞIMACILIÐI;Açýlýþ hareketi;             -21903,40000;               -983,97000;             -21903,40000;                  0,00000;                  0,00000;                  0,00000;                  0,00000;
320.001.483;;Açýlýþ hareketi;             855877,19000;              45982,26610;             855877,19000;                  0,00000;                  0,00000;                  0,00000;                  0,00000;
320.001.483;YOLCU TAÞIMACILIÐI;Açýlýþ hareketi;            -855877,19000;             -47781,02000;            -855877,19000;                  0,00000;                  0,00000;                  0,00000;                  0,00000;
320.001.497;;Açýlýþ hareketi;              13500,08000;                465,43012;              13500,08000;                  0,00000;                  0,00000;                  0,00000;                  0,00000;
320.001.497;AKARYAKIT ÝSTASYONU;Açýlýþ hareketi;             -28500,08000;               -925,57000;             -28500,08000;                  0,00000;                  0,00000;                  0,00000;                  0,00000;
320.001.497;YOLCU TAÞIMACILIÐI;Açýlýþ hareketi;              28500,00000;                925,05000;              28500,00000;                  0,00000;                  0,00000;                  0,00000;                  0,00000;
320.001.506;;Açýlýþ hareketi;             171060,07000;               8562,84948;             171060,07000;                  0,00000;                  0,00000;                  0,00000;                  0,00000;
320.001.506;YOLCU TAÞIMACILIÐI;Açýlýþ hareketi;            -171060,07000;              -9454,85000;            -171060,07000;                  0,00000;                  0,00000;                  0,00000;                  0,00000;
320.001.510;;Açýlýþ hareketi;              -4630,00000;               -236,72129;              -4630,00000;                  0,00000;                  0,00000;                  0,00000;                  0,00000;
320.001.510;YOLCU TAÞIMACILIÐI;Açýlýþ hareketi;               4630,00000;                260,16381;               4630,00000;                  0,00000;                  0,00000;                  0,00000;                  0,00000;
320.001.521;;Açýlýþ hareketi;              11742,30000;                438,63489;              11742,30000;                  0,00000;                  0,00000;                  0,00000;                  0,00000;
320.001.521;AKARYAKIT ÝSTASYONU;Açýlýþ hareketi;              22394,81000;                509,44000;              22394,81000;                  0,00000;                  0,00000;                  0,00000;                  0,00000;
320.001.521;YOLCU TAÞIMACILIÐI;Açýlýþ hareketi;             -34137,11000;              -1034,98000;             -34137,11000;                  0,00000;                  0,00000;                  0,00000;                  0,00000;
320.001.528;;Açýlýþ hareketi;               5886,00000;                202,92633;               5886,00000;                  0,00000;                  0,00000;                  0,00000;                  0,00000;
320.001.528;AKARYAKIT ÝSTASYONU;Açýlýþ hareketi;              -3726,00000;               -175,17000;              -3726,00000;                  0,00000;                  0,00000;                  0,00000;                  0,00000;
320.001.528;YOLCU TAÞIMACILIÐI;Açýlýþ hareketi;              -2160,00000;               -112,77000;              -2160,00000;                  0,00000;                  0,00000;                  0,00000;                  0,00000;
320.001.530;;Açýlýþ hareketi;               1800,00000;                 62,05698;               1800,00000;                  0,00000;                  0,00000;                  0,00000;                  0,00000;
320.001.530;AKARYAKIT ÝSTASYONU;Açýlýþ hareketi;              14140,80000;                428,73000;              14140,80000;                  0,00000;                  0,00000;                  0,00000;                  0,00000;
320.001.530;YOLCU TAÞIMACILIÐI;Açýlýþ hareketi;             -15940,80000;               -495,41000;             -15940,80000;                  0,00000;                  0,00000;                  0,00000;                  0,00000;
320.001.532;;Açýlýþ hareketi;              -2125,01000;                -79,37998;              -2125,01000;                  0,00000;                  0,00000;                  0,00000;                  0,00000;
320.001.532;ERZURUM AVM;Açýlýþ hareketi;               2125,01000;                113,09000;               2125,01000;                  0,00000;                  0,00000;                  0,00000;                  0,00000;
320.001.536;;Açýlýþ hareketi;                937,92000;                 50,53666;                937,92000;                  0,00000;                  0,00000;                  0,00000;                  0,00000;
320.001.536;YOLCU TAÞIMACILIÐI;Açýlýþ hareketi;               -937,92000;                -70,36687;               -937,92000;                  0,00000;                  0,00000;                  0,00000;                  0,00000;
320.001.539;;Açýlýþ hareketi;              24458,05000;               1639,87469;              24458,05000;                  0,00000;                  0,00000;                  0,00000;                  0,00000;
320.001.539;YOLCU TAÞIMACILIÐI;Açýlýþ hareketi;             -24458,05000;              -2404,04000;             -24458,05000;                  0,00000;                  0,00000;                  0,00000;                  0,00000;
320.001.550;;Açýlýþ hareketi;             213037,22000;              11296,91873;             213037,22000;                  0,00000;                  0,00000;                  0,00000;                  0,00000;
320.001.550;AKARYAKIT ÝSTASYONU;Açýlýþ hareketi;             870018,23000;              26377,53000;             870018,23000;                  0,00000;                  0,00000;                  0,00000;                  0,00000;
320.001.550;YOLCU TAÞIMACILIÐI;Açýlýþ hareketi;           -1086562,79000;             -41059,78000;           -1086562,79000;                  0,00000;                  0,00000;                  0,00000;                  0,00000;
320.001.551;;Açýlýþ hareketi;                908,12000;                 48,91412;                908,12000;                  0,00000;                  0,00000;                  0,00000;                  0,00000;
320.001.551;YOLCU TAÞIMACILIÐI;Açýlýþ hareketi;               -908,12000;                -68,13114;               -908,12000;                  0,00000;                  0,00000;                  0,00000;                  0,00000;
320.001.555;;Açýlýþ hareketi;               7788,00000;                268,49988;               7788,00000;                  0,00000;                  0,00000;                  0,00000;                  0,00000;
320.001.555;YOLCU TAÞIMACILIÐI;Açýlýþ hareketi;              -7788,00000;               -400,89000;              -7788,00000;                  0,00000;                  0,00000;                  0,00000;                  0,00000;
320.001.556;;Açýlýþ hareketi;             -14787,88000;               -795,32097;             -14787,88000;                  0,00000;                  0,00000;                  0,00000;                  0,00000;
320.001.556;AKARYAKIT ÝSTASYONU;Açýlýþ hareketi;             -28583,03000;              -2365,73000;             -28583,03000;                  0,00000;                  0,00000;                  0,00000;                  0,00000;
320.001.556;YOLCU TAÞIMACILIÐI;Açýlýþ hareketi;              43370,91000;               2402,64344;              43370,91000;                  0,00000;                  0,00000;                  0,00000;                  0,00000;
320.001.572;;Açýlýþ hareketi;            1362837,04000;              73292,55932;            1362837,04000;                  0,00000;                  0,00000;                  0,00000;                  0,00000;
320.001.572;YOLCU TAÞIMACILIÐI;Açýlýþ hareketi;           -1362837,04000;             -76268,25000;           -1362837,04000;                  0,00000;                  0,00000;                  0,00000;                  0,00000;
320.001.574;;Açýlýþ hareketi;            1893152,68000;              79932,79184;            1893152,68000;                  0,00000;                  0,00000;                  0,00000;                  0,00000;
320.001.574;ERZURUM AVM;Açýlýþ hareketi;           -1893152,68000;             -98702,46000;           -1893152,68000;                  0,00000;                  0,00000;                  0,00000;                  0,00000;
320.001.578;;Açýlýþ hareketi;               3658,00000;                246,79000;               3658,00000;                  0,00000;                  0,00000;                  0,00000;                  0,00000;
320.001.578;YOLCU TAÞIMACILIÐI;Açýlýþ hareketi;              -3658,00000;               -246,79000;              -3658,00000;                  0,00000;                  0,00000;                  0,00000;                  0,00000;
320.001.581;YOLCU TAÞIMACILIÐI;Açýlýþ hareketi;             118000,00000;               3577,57000;             118000,00000;                  0,00000;                  0,00000;                  0,00000;                  0,00000;
320.001.585;;Açýlýþ hareketi;               5192,00000;                376,64000;               5192,00000;                  0,00000;                  0,00000;                  0,00000;                  0,00000;
320.001.585;YOLCU TAÞIMACILIÐI;Açýlýþ hareketi;              -5192,00000;               -576,51000;              -5192,00000;                  0,00000;                  0,00000;                  0,00000;                  0,00000;
320.001.592;;Açýlýþ hareketi;             242084,00000;              13001,70790;             242084,00000;                  0,00000;                  0,00000;                  0,00000;                  0,00000;
320.001.592;YOLCU TAÞIMACILIÐI;Açýlýþ hareketi;            -242084,00000;             -19200,08212;            -242084,00000;                  0,00000;                  0,00000;                  0,00000;                  0,00000;
320.001.593;;Açýlýþ hareketi;              31375,00000;               1765,12974;              31375,00000;                  0,00000;                  0,00000;                  0,00000;                  0,00000;
320.001.593;YOLCU TAÞIMACILIÐI;Açýlýþ hareketi;             -31375,00000;              -1773,99000;             -31375,00000;                  0,00000;                  0,00000;                  0,00000;                  0,00000;
320.001.595;;Açýlýþ hareketi;             -17759,18000;               -953,79980;             -17759,18000;                  0,00000;                  0,00000;                  0,00000;                  0,00000;
320.001.595;YOLCU TAÞIMACILIÐI;Açýlýþ hareketi;              17759,18000;                253,63000;              17759,18000;                  0,00000;                  0,00000;                  0,00000;                  0,00000;
320.001.598;;Açýlýþ hareketi;             -14160,00000;               -761,55236;             -14160,00000;                  0,00000;                  0,00000;                  0,00000;                  0,00000;
320.001.598;YOLCU TAÞIMACILIÐI;Açýlýþ hareketi;              14160,00000;                799,50000;              14160,00000;                  0,00000;                  0,00000;                  0,00000;                  0,00000;
320.001.601;;Açýlýþ hareketi;              28475,00000;               1529,36604;              28475,00000;                  0,00000;                  0,00000;                  0,00000;                  0,00000;
320.001.601;YOLCU TAÞIMACILIÐI;Açýlýþ hareketi;             -28475,00000;              -1924,91000;             -28475,00000;                  0,00000;                  0,00000;                  0,00000;                  0,00000;
320.001.603;;Açýlýþ hareketi;             194028,87000;              13774,58592;             194028,87000;                  0,00000;                  0,00000;                  0,00000;                  0,00000;
320.001.603;YOLCU TAÞIMACILIÐI;Açýlýþ hareketi;            -194028,87000;             -14392,62317;            -194028,87000;                  0,00000;                  0,00000;                  0,00000;                  0,00000;
320.001.605;;Açýlýþ hareketi;              14833,10000;                797,90566;              14833,10000;                  0,00000;                  0,00000;                  0,00000;                  0,00000;
320.001.605;AKARYAKIT ÝSTASYONU;Açýlýþ hareketi;             -27333,10000;              -1275,21000;             -27333,10000;                  0,00000;                  0,00000;                  0,00000;                  0,00000;
320.001.605;YOLCU TAÞIMACILIÐI;Açýlýþ hareketi;              12500,00000;                462,67000;              12500,00000;                  0,00000;                  0,00000;                  0,00000;                  0,00000;
320.001.608;;Açýlýþ hareketi;               2395,16000;                152,96858;               2395,16000;                  0,00000;                  0,00000;                  0,00000;                  0,00000;
320.001.608;AKARYAKIT ÝSTASYONU;Açýlýþ hareketi;              -2395,16000;               -174,94000;              -2395,16000;                  0,00000;                  0,00000;                  0,00000;                  0,00000;
320.001.609;;Açýlýþ hareketi;              11487,97000;                685,18424;              11487,97000;                  0,00000;                  0,00000;                  0,00000;                  0,00000;
320.001.609;AKARYAKIT ÝSTASYONU;Açýlýþ hareketi;             -11487,97000;               -846,77000;             -11487,97000;                  0,00000;                  0,00000;                  0,00000;                  0,00000;
320.001.612;;Açýlýþ hareketi;              -6800,00000;               -254,01474;              -6800,00000;                  0,00000;                  0,00000;                  0,00000;                  0,00000;
320.001.612;AKARYAKIT ÝSTASYONU;Açýlýþ hareketi;              13200,00000;                400,20000;              13200,00000;                  0,00000;                  0,00000;                  0,00000;                  0,00000;
320.001.612;YOLCU TAÞIMACILIÐI;Açýlýþ hareketi;              -6400,00000;                -63,62000;              -6400,00000;                  0,00000;                  0,00000;                  0,00000;                  0,00000;
320.001.614;AKARYAKIT ÝSTASYONU;Açýlýþ hareketi;             -91164,91000;              -5220,31000;             -91164,91000;                  0,00000;                  0,00000;                  0,00000;                  0,00000;
320.001.614;YOLCU TAÞIMACILIÐI;Açýlýþ hareketi;              91164,91000;               3856,10913;              91164,91000;                  0,00000;                  0,00000;                  0,00000;                  0,00000;
320.001.619;;Açýlýþ hareketi;              12443,10000;                669,05222;              12443,10000;                  0,00000;                  0,00000;                  0,00000;                  0,00000;
320.001.619;GES PROJESÝ SORGUN;Açýlýþ hareketi;             -18922,98000;              -2057,00000;             -18922,98000;                  0,00000;                  0,00000;                  0,00000;                  0,00000;
320.001.619;YOLCU TAÞIMACILIÐI;Açýlýþ hareketi;               6479,88000;                829,56000;               6479,88000;                  0,00000;                  0,00000;                  0,00000;                  0,00000;
320.001.622;;Açýlýþ hareketi;              95000,00000;               5102,20523;              95000,00000;                  0,00000;                  0,00000;                  0,00000;                  0,00000;
320.001.622;YOLCU TAÞIMACILIÐI;Açýlýþ hareketi;             -95000,00000;              -7127,31638;             -95000,00000;                  0,00000;                  0,00000;                  0,00000;                  0,00000;
320.001.623;;Açýlýþ hareketi;               1986,30000;                110,50509;               1986,30000;                  0,00000;                  0,00000;                  0,00000;                  0,00000;
320.001.623;YOLCU TAÞIMACILIÐI;Açýlýþ hareketi;              -1986,30000;               -140,24000;              -1986,30000;                  0,00000;                  0,00000;                  0,00000;                  0,00000;
320.001.626;;Açýlýþ hareketi;            3489962,55000;             112898,24445;            3489962,55000;                  0,00000;                  0,00000;                  0,00000;                  0,00000;
320.001.626;ERZURUM AVM;Açýlýþ hareketi;            3800000,00000;             203652,89000;            3800000,00000;                  0,00000;                  0,00000;                  0,00000;                  0,00000;
320.001.626;YOLCU TAÞIMACILIÐI;Açýlýþ hareketi;           -7289962,55000;           -1601710,70000;           -7289962,55000;                  0,00000;                  0,00000;                  0,00000;                  0,00000;
320.001.627;;Açýlýþ hareketi;              48245,00000;               2747,32592;              48245,00000;                  0,00000;                  0,00000;                  0,00000;                  0,00000;
320.001.627;YOLCU TAÞIMACILIÐI;Açýlýþ hareketi;             -48245,00000;              -2755,57000;             -48245,00000;                  0,00000;                  0,00000;                  0,00000;                  0,00000;
320.001.628;;Açýlýþ hareketi;            1239340,80000;              68995,18970;            1239340,80000;                  0,00000;                  0,00000;                  0,00000;                  0,00000;
320.001.628;YOLCU TAÞIMACILIÐI;Açýlýþ hareketi;           -1239340,80000;             -69046,61000;           -1239340,80000;                  0,00000;                  0,00000;                  0,00000;                  0,00000;
320.001.629;;Açýlýþ hareketi;              21857,70000;               1177,70318;              21857,70000;                  0,00000;                  0,00000;                  0,00000;                  0,00000;
320.001.629;ERZURUM AVM;Açýlýþ hareketi;             -41167,90000;              -1281,14000;             -41167,90000;                  0,00000;                  0,00000;                  0,00000;                  0,00000;
320.001.629;YOLCU TAÞIMACILIÐI;Açýlýþ hareketi;              19310,20000;               -357,65000;              19310,20000;                  0,00000;                  0,00000;                  0,00000;                  0,00000;
320.001.632;;Açýlýþ hareketi;              73212,71000;               4018,36729;              73212,71000;                  0,00000;                  0,00000;                  0,00000;                  0,00000;
320.001.632;YOLCU TAÞIMACILIÐI;Açýlýþ hareketi;             -73212,71000;              -4117,30000;             -73212,71000;                  0,00000;                  0,00000;                  0,00000;                  0,00000;
320.001.634;;Açýlýþ hareketi;                870,00000;                 29,99452;                870,00000;                  0,00000;                  0,00000;                  0,00000;                  0,00000;
320.001.634;YOLCU TAÞIMACILIÐI;Açýlýþ hareketi;               -870,00000;                -46,79000;               -870,00000;                  0,00000;                  0,00000;                  0,00000;                  0,00000;
320.001.636;;Açýlýþ hareketi;              -3734,00000;               -199,69730;              -3734,00000;                  0,00000;                  0,00000;                  0,00000;                  0,00000;
320.001.636;YOLCU TAÞIMACILIÐI;Açýlýþ hareketi;               3734,00000;                227,14000;               3734,00000;                  0,00000;                  0,00000;                  0,00000;                  0,00000;
320.001.639;;Açýlýþ hareketi;              -9332,70000;               -447,21198;              -9332,70000;                  0,00000;                  0,00000;                  0,00000;                  0,00000;
320.001.639;YOLCU TAÞIMACILIÐI;Açýlýþ hareketi;               9332,70000;                484,38000;               9332,70000;                  0,00000;                  0,00000;                  0,00000;                  0,00000;
320.001.643;;Açýlýþ hareketi;          -13235406,19000;            -287444,67707;           -9041906,19000;                  0,00000;                  0,00000;                  0,00000;                  0,00000;
320.001.643;ERZURUM AVM;Açýlýþ hareketi;           -1560000,00000;            -108181,65000;            -829650,85266;                  0,00000;                  0,00000;                  0,00000;                  0,00000;
320.001.643;YOLCU TAÞIMACILIÐI;Açýlýþ hareketi;           14795406,19000;             448406,21000;             413426,66390;                  0,00000;                  0,00000;                  0,00000;                  0,00000;
320.001.644;;Açýlýþ hareketi;              -2880,00000;               -129,78801;              -2880,00000;                  0,00000;                  0,00000;                  0,00000;                  0,00000;
320.001.644;YOLCU TAÞIMACILIÐI;Açýlýþ hareketi;               2880,00000;                145,27000;               2880,00000;                  0,00000;                  0,00000;                  0,00000;                  0,00000;
320.001.645;;Açýlýþ hareketi;             -14960,00000;               -807,83208;             -14960,00000;                  0,00000;                  0,00000;                  0,00000;                  0,00000;
320.001.645;YOLCU TAÞIMACILIÐI;Açýlýþ hareketi;              14960,00000;                552,42000;              14960,00000;                  0,00000;                  0,00000;                  0,00000;                  0,00000;
320.001.646;;Açýlýþ hareketi;              18000,00000;                620,57624;              18000,00000;                  0,00000;                  0,00000;                  0,00000;                  0,00000;
320.001.646;YOLCU TAÞIMACILIÐI;Açýlýþ hareketi;             -18000,00000;               -639,98000;             -18000,00000;                  0,00000;                  0,00000;                  0,00000;                  0,00000;
320.001.653;;Açýlýþ hareketi;            1025000,00000;              55068,65182;            1025000,00000;                  0,00000;                  0,00000;                  0,00000;                  0,00000;
320.001.653;YOLCU TAÞIMACILIÐI;Açýlýþ hareketi;           -1025000,00000;             -57890,24000;           -1025000,00000;                  0,00000;                  0,00000;                  0,00000;                  0,00000;
320.001.656;;Açýlýþ hareketi;               2055,01000;                 96,21344;               2055,01000;                  0,00000;                  0,00000;                  0,00000;                  0,00000;
320.001.656;YOLCU TAÞIMACILIÐI;Açýlýþ hareketi;              -2055,01000;               -109,90000;              -2055,01000;                  0,00000;                  0,00000;                  0,00000;                  0,00000;
320.001.660;;Açýlýþ hareketi;            -216020,00000;              -8757,58451;            -216020,00000;                  0,00000;                  0,00000;                  0,00000;                  0,00000;
320.001.660;AKARYAKIT ÝSTASYONU;Açýlýþ hareketi;             774810,00000;              23490,98000;             774810,00000;                  0,00000;                  0,00000;                  0,00000;                  0,00000;
320.001.660;YOLCU TAÞIMACILIÐI;Açýlýþ hareketi;             116859,00000;               7907,25000;             116859,00000;                  0,00000;                  0,00000;                  0,00000;                  0,00000;
320.001.662;;Açýlýþ hareketi;               6844,00000;                235,95688;               6844,00000;                  0,00000;                  0,00000;                  0,00000;                  0,00000;
320.001.662;YOLCU TAÞIMACILIÐI;Açýlýþ hareketi;              -6844,00000;               -298,81000;              -6844,00000;                  0,00000;                  0,00000;                  0,00000;                  0,00000;
320.001.664;;Açýlýþ hareketi;               5250,00000;                282,78106;               5250,00000;                  0,00000;                  0,00000;                  0,00000;                  0,00000;
320.001.664;YOLCU TAÞIMACILIÐI;Açýlýþ hareketi;              -5250,00000;               -353,98000;              -5250,00000;                  0,00000;                  0,00000;                  0,00000;                  0,00000;
320.001.665;;Açýlýþ hareketi;               4102,29000;                141,43243;               4102,29000;                  0,00000;                  0,00000;                  0,00000;                  0,00000;
320.001.665;YOLCU TAÞIMACILIÐI;Açýlýþ hareketi;              -4102,29000;               -167,18000;              -4102,29000;                  0,00000;                  0,00000;                  0,00000;                  0,00000;
320.001.666;;Açýlýþ hareketi;              -3120,40000;               -116,56288;              -3120,40000;                  0,00000;                  0,00000;                  0,00000;                  0,00000;
320.001.666;YOLCU TAÞIMACILIÐI;Açýlýþ hareketi;              10400,40000;                408,36000;              10400,40000;                  0,00000;                  0,00000;                  0,00000;                  0,00000;
320.001.667;;Açýlýþ hareketi;              51000,00000;               2747,01599;              51000,00000;                  0,00000;                  0,00000;                  0,00000;                  0,00000;
320.001.667;YOLCU TAÞIMACILIÐI;Açýlýþ hareketi;             -51000,00000;              -3335,91000;             -51000,00000;                  0,00000;                  0,00000;                  0,00000;                  0,00000;
320.001.668;;Açýlýþ hareketi;              16000,00000;                861,80894;              16000,00000;                  0,00000;                  0,00000;                  0,00000;                  0,00000;
320.001.668;YOLCU TAÞIMACILIÐI;Açýlýþ hareketi;             -16000,00000;               -977,51000;             -16000,00000;                  0,00000;                  0,00000;                  0,00000;                  0,00000;
320.001.673;;Açýlýþ hareketi;               3809,00000;                131,32083;               3809,00000;                  0,00000;                  0,00000;                  0,00000;                  0,00000;
320.001.673;YOLCU TAÞIMACILIÐI;Açýlýþ hareketi;              -3809,00000;               -140,99000;              -3809,00000;                  0,00000;                  0,00000;                  0,00000;                  0,00000;
320.001.675;AKARYAKIT ÝSTASYONU;Açýlýþ hareketi;             -81752,56000;              -4585,96000;             -81752,56000;                  0,00000;                  0,00000;                  0,00000;                  0,00000;
320.001.675;ERZURUM AVM;Açýlýþ hareketi;              72862,60000;               2601,28000;              72862,60000;                  0,00000;                  0,00000;                  0,00000;                  0,00000;
320.001.675;YOLCU TAÞIMACILIÐI;Açýlýþ hareketi;               8889,96000;              -1262,02000;               8889,96000;                  0,00000;                  0,00000;                  0,00000;                  0,00000;
320.001.676;;Açýlýþ hareketi;             -31240,00000;              -1676,75727;             -31240,00000;                  0,00000;                  0,00000;                  0,00000;                  0,00000;
320.001.676;YOLCU TAÞIMACILIÐI;Açýlýþ hareketi;              31240,00000;                153,22000;              31240,00000;                  0,00000;                  0,00000;                  0,00000;                  0,00000;
320.001.677;;Açýlýþ hareketi;           -4878834,72000;            -912332,60299;           -4878834,72000;                  0,00000;                  0,00000;                  0,00000;                  0,00000;
320.001.677;AKARYAKIT ÝSTASYONU;Açýlýþ hareketi;          -47807633,80000;           -1451370,41000;          -47807633,80000;                  0,00000;                  0,00000;                  0,00000;                  0,00000;
320.001.677;ERZURUM AVM;Açýlýþ hareketi;         -227590844,41000;           -6645128,80000;         -227590844,41000;                  0,00000;                  0,00000;                  0,00000;                  0,00000;
320.001.677;YOLCU TAÞIMACILIÐI;Açýlýþ hareketi;          280277312,93000;            9205142,27000;          280277312,93000;                  0,00000;                  0,00000;                  0,00000;                  0,00000;
320.001.678;;Açýlýþ hareketi;              75067,01000;               3253,19961;              75067,01000;                  0,00000;                  0,00000;                  0,00000;                  0,00000;
320.001.678;YOLCU TAÞIMACILIÐI;Açýlýþ hareketi;             -75067,01000;              -3547,91000;             -75067,01000;                  0,00000;                  0,00000;                  0,00000;                  0,00000;
320.001.681;;Açýlýþ hareketi;              15340,00000;                802,23458;              15340,00000;                  0,00000;                  0,00000;                  0,00000;                  0,00000;
320.001.681;YOLCU TAÞIMACILIÐI;Açýlýþ hareketi;             -15340,00000;               -685,65000;             -15340,00000;                  0,00000;                  0,00000;                  0,00000;                  0,00000;
320.001.682;;Açýlýþ hareketi;               3171,56000;                170,88515;               3171,56000;                  0,00000;                  0,00000;                  0,00000;                  0,00000;
320.001.682;AKARYAKIT ÝSTASYONU;Açýlýþ hareketi;              -3171,56000;               -186,90000;              -3171,56000;                  0,00000;                  0,00000;                  0,00000;                  0,00000;
320.001.686;;Açýlýþ hareketi;                 65,00000;                  2,24097;                 65,00000;                  0,00000;                  0,00000;                  0,00000;                  0,00000;
320.001.686;YOLCU TAÞIMACILIÐI;Açýlýþ hareketi;                -65,00000;                -96,91000;                -65,00000;                  0,00000;                  0,00000;                  0,00000;                  0,00000;
320.001.687;;Açýlýþ hareketi;             -70800,00000;              -3814,81960;             -70800,00000;                  0,00000;                  0,00000;                  0,00000;                  0,00000;
320.001.687;YOLCU TAÞIMACILIÐI;Açýlýþ hareketi;              70800,00000;               3947,32000;              70800,00000;                  0,00000;                  0,00000;                  0,00000;                  0,00000;
320.001.689;;Açýlýþ hareketi;              12485,00000;                672,45493;              12485,00000;                  0,00000;                  0,00000;                  0,00000;                  0,00000;
320.001.689;YOLCU TAÞIMACILIÐI;Açýlýþ hareketi;             -12485,00000;               -715,36000;             -12485,00000;                  0,00000;                  0,00000;                  0,00000;                  0,00000;
320.001.690;;Açýlýþ hareketi;               4889,00000;                240,42219;               4889,00000;                  0,00000;                  0,00000;                  0,00000;                  0,00000;
320.001.690;YOLCU TAÞIMACILIÐI;Açýlýþ hareketi;              -4889,00000;               -220,96000;              -4889,00000;                  0,00000;                  0,00000;                  0,00000;                  0,00000;
320.001.691;AKARYAKIT ÝSTASYONU;Açýlýþ hareketi;            2130860,00000;              64604,22000;            2130860,00000;                  0,00000;                  0,00000;                  0,00000;                  0,00000;
320.001.691;YOLCU TAÞIMACILIÐI;Açýlýþ hareketi;           -2721673,73000;             -84608,23000;           -2721673,73000;                  0,00000;                  0,00000;                  0,00000;                  0,00000;
320.001.692;;Açýlýþ hareketi;             300000,00000;               9095,51197;             300000,00000;                  0,00000;                  0,00000;                  0,00000;                  0,00000;
320.001.695;;Açýlýþ hareketi;             965845,40000;              51328,13561;             965845,40000;                  0,00000;                  0,00000;                  0,00000;                  0,00000;
320.001.695;YOLCU TAÞIMACILIÐI;Açýlýþ hareketi;            -964845,40000;             -52967,09000;            -964845,40000;                  0,00000;                  0,00000;                  0,00000;                  0,00000;
320.001.696;;Açýlýþ hareketi;                360,00000;                 19,17525;                360,00000;                  0,00000;                  0,00000;                  0,00000;                  0,00000;
320.001.697;;Açýlýþ hareketi;              -5200,00000;               -278,10015;              -5200,00000;                  0,00000;                  0,00000;                  0,00000;                  0,00000;
320.001.697;YOLCU TAÞIMACILIÐI;Açýlýþ hareketi;               5200,00000;                289,40000;               5200,00000;                  0,00000;                  0,00000;                  0,00000;                  0,00000;
320.001.699;;Açýlýþ hareketi;              24000,00000;               1290,76672;              24000,00000;                  0,00000;                  0,00000;                  0,00000;                  0,00000;
320.001.699;YOLCU TAÞIMACILIÐI;Açýlýþ hareketi;             -24000,00000;              -1335,64000;             -24000,00000;                  0,00000;                  0,00000;                  0,00000;                  0,00000;
320.001.701;;Açýlýþ hareketi;              -4000,00000;               -213,92319;              -4000,00000;                  0,00000;                  0,00000;                  0,00000;                  0,00000;
320.001.701;YOLCU TAÞIMACILIÐI;Açýlýþ hareketi;               4000,00000;                217,74000;               4000,00000;                  0,00000;                  0,00000;                  0,00000;                  0,00000;
320.001.702;;Açýlýþ hareketi;               2712,82000;                 93,52842;               2712,82000;                  0,00000;                  0,00000;                  0,00000;                  0,00000;
320.001.702;YOLCU TAÞIMACILIÐI;Açýlýþ hareketi;              -2712,82000;               -148,67000;              -2712,82000;                  0,00000;                  0,00000;                  0,00000;                  0,00000;
320.001.704;;Açýlýþ hareketi;              31582,01000;               1088,83583;              31582,01000;                  0,00000;                  0,00000;                  0,00000;                  0,00000;
320.001.704;YOLCU TAÞIMACILIÐI;Açýlýþ hareketi;             -88332,01000;              -3115,25000;             -88332,01000;                  0,00000;                  0,00000;                  0,00000;                  0,00000;
320.001.707;;Açýlýþ hareketi;               7554,55000;                260,45412;               7554,55000;                  0,00000;                  0,00000;                  0,00000;                  0,00000;
320.001.707;AKARYAKIT ÝSTASYONU;Açýlýþ hareketi;              -7554,55000;               -406,00000;              -7554,55000;                  0,00000;                  0,00000;                  0,00000;                  0,00000;
320.001.708;;Açýlýþ hareketi;              58598,00000;               3147,14760;              58598,00000;                  0,00000;                  0,00000;                  0,00000;                  0,00000;
320.001.708;YOLCU TAÞIMACILIÐI;Açýlýþ hareketi;             -58598,00000;              -3140,43000;             -58598,00000;                  0,00000;                  0,00000;                  0,00000;                  0,00000;
320.001.709;;Açýlýþ hareketi;               2800,00000;                 96,53408;               2800,00000;                  0,00000;                  0,00000;                  0,00000;                  0,00000;
320.001.709;YOLCU TAÞIMACILIÐI;Açýlýþ hareketi;              -2800,00000;               -290,92000;              -2800,00000;                  0,00000;                  0,00000;                  0,00000;                  0,00000;
320.001.710;;Açýlýþ hareketi;            -124180,44000;              -3810,56078;            -124180,44000;                  0,00000;                  0,00000;                  0,00000;                  0,00000;
320.001.710;AKARYAKIT ÝSTASYONU;Açýlýþ hareketi;              46800,00000;               1418,90000;              46800,00000;                  0,00000;                  0,00000;                  0,00000;                  0,00000;
320.001.710;YOLCU TAÞIMACILIÐI;Açýlýþ hareketi;              97463,44000;               2966,46000;              97463,44000;                  0,00000;                  0,00000;                  0,00000;                  0,00000;
320.001.711;;Açýlýþ hareketi;               7441,80000;                256,56690;               7441,80000;                  0,00000;                  0,00000;                  0,00000;                  0,00000;
320.001.711;YOLCU TAÞIMACILIÐI;Açýlýþ hareketi;              -7441,80000;               -317,65000;              -7441,80000;                  0,00000;                  0,00000;                  0,00000;                  0,00000;
320.001.713;YOLCU TAÞIMACILIÐI;Açýlýþ hareketi;               2450,00000;                130,39000;               2450,00000;                  0,00000;                  0,00000;                  0,00000;                  0,00000;
320.001.716;;Açýlýþ hareketi;               3200,00000;                110,32466;               3200,00000;                  0,00000;                  0,00000;                  0,00000;                  0,00000;
320.001.716;YOLCU TAÞIMACILIÐI;Açýlýþ hareketi;              -3200,00000;               -170,31000;              -3200,00000;                  0,00000;                  0,00000;                  0,00000;                  0,00000;
320.001.717;;Açýlýþ hareketi;               1200,00000;                 41,37175;               1200,00000;                  0,00000;                  0,00000;                  0,00000;                  0,00000;
320.001.717;YOLCU TAÞIMACILIÐI;Açýlýþ hareketi;              -1200,00000;                -44,42000;              -1200,00000;                  0,00000;                  0,00000;                  0,00000;                  0,00000;
320.001.720;;Açýlýþ hareketi;                 16,60000;                  0,57231;                 16,60000;                  0,00000;                  0,00000;                  0,00000;                  0,00000;
320.001.720;YOLCU TAÞIMACILIÐI;Açýlýþ hareketi;                -16,60000;                -13,36000;                -16,60000;                  0,00000;                  0,00000;                  0,00000;                  0,00000;
320.001.721;AKARYAKIT ÝSTASYONU;Açýlýþ hareketi;             284200,00000;               8616,48000;             284200,00000;                  0,00000;                  0,00000;                  0,00000;                  0,00000;
320.001.721;YOLCU TAÞIMACILIÐI;Açýlýþ hareketi;            -284200,00000;              -8712,24000;            -284200,00000;                  0,00000;                  0,00000;                  0,00000;                  0,00000;
320.001.722;;Açýlýþ hareketi;               2596,00000;                 89,50088;               2596,00000;                  0,00000;                  0,00000;                  0,00000;                  0,00000;
320.001.722;YOLCU TAÞIMACILIÐI;Açýlýþ hareketi;              -2596,00000;               -134,46000;              -2596,00000;                  0,00000;                  0,00000;                  0,00000;                  0,00000;
320.001.723;;Açýlýþ hareketi;              11099,99000;                382,68834;              11099,99000;                  0,00000;                  0,00000;                  0,00000;                  0,00000;
320.001.723;YOLCU TAÞIMACILIÐI;Açýlýþ hareketi;             -11099,99000;               -421,26000;             -11099,99000;                  0,00000;                  0,00000;                  0,00000;                  0,00000;
320.001.724;AKARYAKIT ÝSTASYONU;Açýlýþ hareketi;               3600,00000;                109,15000;               3600,00000;                  0,00000;                  0,00000;                  0,00000;                  0,00000;
320.001.724;YOLCU TAÞIMACILIÐI;Açýlýþ hareketi;              -3600,00000;               -230,68000;              -3600,00000;                  0,00000;                  0,00000;                  0,00000;                  0,00000;
320.001.727;;Açýlýþ hareketi;               8000,00000;                275,81166;               8000,00000;                  0,00000;                  0,00000;                  0,00000;                  0,00000;
320.001.727;YOLCU TAÞIMACILIÐI;Açýlýþ hareketi;              -8000,00000;               -411,80000;              -8000,00000;                  0,00000;                  0,00000;                  0,00000;                  0,00000;
320.001.728;;Açýlýþ hareketi;              24999,00000;                861,87697;              24999,00000;                  0,00000;                  0,00000;                  0,00000;                  0,00000;
320.001.728;YOLCU TAÞIMACILIÐI;Açýlýþ hareketi;             -24999,00000;              -1286,83000;             -24999,00000;                  0,00000;                  0,00000;                  0,00000;                  0,00000;
320.001.730;;Açýlýþ hareketi;               2006,00000;                 69,15977;               2006,00000;                  0,00000;                  0,00000;                  0,00000;                  0,00000;
320.001.730;YOLCU TAÞIMACILIÐI;Açýlýþ hareketi;              -2006,00000;               -101,65000;              -2006,00000;                  0,00000;                  0,00000;                  0,00000;                  0,00000;
320.001.731;;Açýlýþ hareketi;              -3500,00000;               -120,66760;              -3500,00000;                  0,00000;                  0,00000;                  0,00000;                  0,00000;
320.001.731;YOLCU TAÞIMACILIÐI;Açýlýþ hareketi;               3520,00000;                179,91000;               3520,00000;                  0,00000;                  0,00000;                  0,00000;                  0,00000;
320.001.733;ERZURUM AVM;Açýlýþ hareketi;              18732,00000;                957,43000;              18732,00000;                  0,00000;                  0,00000;                  0,00000;                  0,00000;
320.001.733;YOLCU TAÞIMACILIÐI;Açýlýþ hareketi;             -18732,00000;               -964,24000;             -18732,00000;                  0,00000;                  0,00000;                  0,00000;                  0,00000;
320.001.735;;Açýlýþ hareketi;               -664,41000;                -22,80500;               -664,41000;                  0,00000;                  0,00000;                  0,00000;                  0,00000;
320.001.735;YOLCU TAÞIMACILIÐI;Açýlýþ hareketi;                664,41000;                 28,11000;                664,41000;                  0,00000;                  0,00000;                  0,00000;                  0,00000;
320.001.736;AKARYAKIT ÝSTASYONU;Açýlýþ hareketi;               2400,00000;                 72,76000;               2400,00000;                  0,00000;                  0,00000;                  0,00000;                  0,00000;
320.001.736;YOLCU TAÞIMACILIÐI;Açýlýþ hareketi;              -2400,00000;               -134,78000;              -2400,00000;                  0,00000;                  0,00000;                  0,00000;                  0,00000;
320.001.737;;Açýlýþ hareketi;              10587,01000;                363,38521;              10587,01000;                  0,00000;                  0,00000;                  0,00000;                  0,00000;
320.001.737;AKARYAKIT ÝSTASYONU;Açýlýþ hareketi;             102999,84000;               3122,80000;             102999,84000;                  0,00000;                  0,00000;                  0,00000;                  0,00000;
320.001.737;YOLCU TAÞIMACILIÐI;Açýlýþ hareketi;            -113586,85000;              -3544,28000;            -113586,85000;                  0,00000;                  0,00000;                  0,00000;                  0,00000;
320.001.738;ERZURUM AVM;Açýlýþ hareketi;              57863,41000;               2449,36000;              57863,41000;                  0,00000;                  0,00000;                  0,00000;                  0,00000;
320.001.738;YOLCU TAÞIMACILIÐI;Açýlýþ hareketi;             -57863,41000;              -2447,99000;             -57863,41000;                  0,00000;                  0,00000;                  0,00000;                  0,00000;
320.001.740;;Açýlýþ hareketi;            2165922,79000;              78793,58037;            2165922,79000;                  0,00000;                  0,00000;                  0,00000;                  0,00000;
320.001.740;AKARYAKIT ÝSTASYONU;Açýlýþ hareketi;              -8705,91000;               -263,94000;              -8705,91000;                  0,00000;                  0,00000;                  0,00000;                  0,00000;
320.001.740;ERZURUM AVM;Açýlýþ hareketi;           -2266815,68000;             -76740,36000;           -2266815,68000;                  0,00000;                  0,00000;                  0,00000;                  0,00000;
320.001.740;YOLCU TAÞIMACILIÐI;Açýlýþ hareketi;             109598,80000;               4174,91000;             109598,80000;                  0,00000;                  0,00000;                  0,00000;                  0,00000;
320.001.743;;Açýlýþ hareketi;              17000,00000;                583,50266;              17000,00000;                  0,00000;                  0,00000;                  0,00000;                  0,00000;
320.001.743;YOLCU TAÞIMACILIÐI;Açýlýþ hareketi;             -17000,00000;               -658,33000;             -17000,00000;                  0,00000;                  0,00000;                  0,00000;                  0,00000;
320.001.744;;Açýlýþ hareketi;               3600,00000;                123,56527;               3600,00000;                  0,00000;                  0,00000;                  0,00000;                  0,00000;
320.001.744;YOLCU TAÞIMACILIÐI;Açýlýþ hareketi;              -3600,00000;               -137,70000;              -3600,00000;                  0,00000;                  0,00000;                  0,00000;                  0,00000;
320.001.746;;Açýlýþ hareketi;               4500,00000;                154,45659;               4500,00000;                  0,00000;                  0,00000;                  0,00000;                  0,00000;
320.001.746;YOLCU TAÞIMACILIÐI;Açýlýþ hareketi;              -4500,00000;               -172,12000;              -4500,00000;                  0,00000;                  0,00000;                  0,00000;                  0,00000;
320.001.748;;Açýlýþ hareketi;               4000,00000;                137,29474;               4000,00000;                  0,00000;                  0,00000;                  0,00000;                  0,00000;
320.001.748;YOLCU TAÞIMACILIÐI;Açýlýþ hareketi;              -4000,00000;               -154,90000;              -4000,00000;                  0,00000;                  0,00000;                  0,00000;                  0,00000;
320.001.749;;Açýlýþ hareketi;              12750,00000;                437,62700;              12750,00000;                  0,00000;                  0,00000;                  0,00000;                  0,00000;
320.001.749;YOLCU TAÞIMACILIÐI;Açýlýþ hareketi;             -12750,00000;               -473,10000;             -12750,00000;                  0,00000;                  0,00000;                  0,00000;                  0,00000;
320.001.752;;Açýlýþ hareketi;          -97730000,00000;           -3200052,15008;          -97730000,00000;                  0,00000;                  0,00000;                  0,00000;                  0,00000;
320.001.752;AKARYAKIT ÝSTASYONU;Açýlýþ hareketi;           67000000,00000;            2031331,02000;           67000000,00000;                  0,00000;                  0,00000;                  0,00000;                  0,00000;
320.001.752;ERZURUM AVM;Açýlýþ hareketi;          -74570000,00000;           -2016678,08000;          -74570000,00000;                  0,00000;                  0,00000;                  0,00000;                  0,00000;
320.001.752;YOLCU TAÞIMACILIÐI;Açýlýþ hareketi;          105300000,00000;            3327296,07000;          105300000,00000;                  0,00000;                  0,00000;                  0,00000;                  0,00000;
320.001.753;;Açýlýþ hareketi;          -18120000,00000;            -607168,82991;          -18120000,00000;                  0,00000;                  0,00000;                  0,00000;                  0,00000;
320.001.753;ERZURUM AVM;Açýlýþ hareketi;           23520000,00000;             760099,68000;           23520000,00000;                  0,00000;                  0,00000;                  0,00000;                  0,00000;
320.001.753;YOLCU TAÞIMACILIÐI;Açýlýþ hareketi;           -5400000,00000;            -163719,22000;           -5400000,00000;                  0,00000;                  0,00000;                  0,00000;                  0,00000;
320.001.755;ERZURUM AVM;Açýlýþ hareketi;            -317519,25000;             -11762,67000;            -317519,25000;                  0,00000;                  0,00000;                  0,00000;                  0,00000;
320.001.755;YOLCU TAÞIMACILIÐI;Açýlýþ hareketi;             317519,25000;              11289,25000;             317519,25000;                  0,00000;                  0,00000;                  0,00000;                  0,00000;
320.001.756;;Açýlýþ hareketi;             212000,00000;               7276,62145;             212000,00000;                  0,00000;                  0,00000;                  0,00000;                  0,00000;
320.001.756;AKARYAKIT ÝSTASYONU;Açýlýþ hareketi;            -212000,80000;              -7853,68000;            -212000,80000;                  0,00000;                  0,00000;                  0,00000;                  0,00000;
320.001.756;YOLCU TAÞIMACILIÐI;Açýlýþ hareketi;                  0,80000;                  0,02000;                  0,80000;                  0,00000;                  0,00000;                  0,00000;                  0,00000;
320.001.757;;Açýlýþ hareketi;             102000,00000;               3501,01598;             102000,00000;                  0,00000;                  0,00000;                  0,00000;                  0,00000;
320.001.757;AKARYAKIT ÝSTASYONU;Açýlýþ hareketi;            -102000,80000;              -3778,68000;            -102000,80000;                  0,00000;                  0,00000;                  0,00000;                  0,00000;
320.001.757;YOLCU TAÞIMACILIÐI;Açýlýþ hareketi;                  0,80000;                  0,02000;                  0,80000;                  0,00000;                  0,00000;                  0,00000;                  0,00000;
320.001.759;AKARYAKIT ÝSTASYONU;Açýlýþ hareketi;              25800,00000;                782,21000;              25800,00000;                  0,00000;                  0,00000;                  0,00000;                  0,00000;
320.001.759;YOLCU TAÞIMACILIÐI;Açýlýþ hareketi;             -25800,00000;               -782,22000;             -25800,00000;                  0,00000;                  0,00000;                  0,00000;                  0,00000;
320.001.761;;Açýlýþ hareketi;               4200,00000;                144,15948;               4200,00000;                  0,00000;                  0,00000;                  0,00000;                  0,00000;
320.001.761;YOLCU TAÞIMACILIÐI;Açýlýþ hareketi;              -4200,00000;               -153,42000;              -4200,00000;                  0,00000;                  0,00000;                  0,00000;                  0,00000;
320.001.762;;Açýlýþ hareketi;               2400,00000;                 82,37685;               2400,00000;                  0,00000;                  0,00000;                  0,00000;                  0,00000;
320.001.762;YOLCU TAÞIMACILIÐI;Açýlýþ hareketi;              -2400,00000;                -85,47000;              -2400,00000;                  0,00000;                  0,00000;                  0,00000;                  0,00000;
320.001.763;;Açýlýþ hareketi;               8900,00000;                305,48081;               8900,00000;                  0,00000;                  0,00000;                  0,00000;                  0,00000;
320.001.763;YOLCU TAÞIMACILIÐI;Açýlýþ hareketi;              -8900,00000;               -324,71000;              -8900,00000;                  0,00000;                  0,00000;                  0,00000;                  0,00000;
320.001.766;;Açýlýþ hareketi;              11544,00000;                396,23263;              11544,00000;                  0,00000;                  0,00000;                  0,00000;                  0,00000;
320.001.766;AKARYAKIT ÝSTASYONU;Açýlýþ hareketi;              14000,00000;                424,46000;              14000,00000;                  0,00000;                  0,00000;                  0,00000;                  0,00000;
320.001.766;YOLCU TAÞIMACILIÐI;Açýlýþ hareketi;             -20140,00000;               -623,99000;             -20140,00000;                  0,00000;                  0,00000;                  0,00000;                  0,00000;
320.001.767;;Açýlýþ hareketi;              16000,00000;                485,09397;              16000,00000;                  0,00000;                  0,00000;                  0,00000;                  0,00000;
320.001.767;YOLCU TAÞIMACILIÐI;Açýlýþ hareketi;             -16000,00000;               -554,41000;             -16000,00000;                  0,00000;                  0,00000;                  0,00000;                  0,00000;
320.001.774;ERZURUM AVM;Açýlýþ hareketi;            -454080,00000;             -14136,37000;            -454080,00000;                  0,00000;                  0,00000;                  0,00000;                  0,00000;
320.001.774;YOLCU TAÞIMACILIÐI;Açýlýþ hareketi;             454080,00000;              14099,50000;             454080,00000;                  0,00000;                  0,00000;                  0,00000;                  0,00000;
320.001.775;ERZURUM AVM;Açýlýþ hareketi;              -7150,00000;               -222,59000;              -7150,00000;                  0,00000;                  0,00000;                  0,00000;                  0,00000;
320.001.775;YOLCU TAÞIMACILIÐI;Açýlýþ hareketi;               7150,00000;                222,58000;               7150,00000;                  0,00000;                  0,00000;                  0,00000;                  0,00000;
320.001.777;ERZURUM AVM;Açýlýþ hareketi;            -117600,00000;              -3661,11000;            -117600,00000;                  0,00000;                  0,00000;                  0,00000;                  0,00000;
320.001.777;YOLCU TAÞIMACILIÐI;Açýlýþ hareketi;             117600,00000;               3632,11000;             117600,00000;                  0,00000;                  0,00000;                  0,00000;                  0,00000;
320.001.778;ERZURUM AVM;Açýlýþ hareketi;             -65040,00000;              -2024,81000;             -65040,00000;                  0,00000;                  0,00000;                  0,00000;                  0,00000;
320.001.778;YOLCU TAÞIMACILIÐI;Açýlýþ hareketi;              65040,00000;               2022,56000;              65040,00000;                  0,00000;                  0,00000;                  0,00000;                  0,00000;
320.001.779;AKARYAKIT ÝSTASYONU;Açýlýþ hareketi;             270000,00000;               8185,96000;             270000,00000;                  0,00000;                  0,00000;                  0,00000;                  0,00000;
320.001.779;ERZURUM AVM;Açýlýþ hareketi;            -390000,00000;             -11824,16000;            -390000,00000;                  0,00000;                  0,00000;                  0,00000;                  0,00000;
320.001.779;YOLCU TAÞIMACILIÐI;Açýlýþ hareketi;             120000,00000;               3638,20000;             120000,00000;                  0,00000;                  0,00000;                  0,00000;                  0,00000;
320.001.780;;Açýlýþ hareketi;             100000,00000;               3113,18934;             100000,00000;                  0,00000;                  0,00000;                  0,00000;                  0,00000;
320.001.780;ERZURUM AVM;Açýlýþ hareketi;           -3091820,68000;             -96254,23000;           -3091820,68000;                  0,00000;                  0,00000;                  0,00000;                  0,00000;
320.001.780;YOLCU TAÞIMACILIÐI;Açýlýþ hareketi;            2991820,68000;              93141,04000;            2991820,68000;                  0,00000;                  0,00000;                  0,00000;                  0,00000;
320.001.781;;Açýlýþ hareketi;             155000,00000;               4699,34785;             155000,00000;                  0,00000;                  0,00000;                  0,00000;                  0,00000;
320.001.781;YOLCU TAÞIMACILIÐI;Açýlýþ hareketi;            -155000,00000;              -4825,90000;            -155000,00000;                  0,00000;                  0,00000;                  0,00000;                  0,00000;
320.001.782;ERZURUM AVM;Açýlýþ hareketi;            -147570,00000;              -4594,13000;            -147570,00000;                  0,00000;                  0,00000;                  0,00000;                  0,00000;
320.001.782;YOLCU TAÞIMACILIÐI;Açýlýþ hareketi;             147570,00000;               4585,87000;             147570,00000;                  0,00000;                  0,00000;                  0,00000;                  0,00000;
320.001.783;YOLCU TAÞIMACILIÐI;Açýlýþ hareketi;               1528,15000;                 47,58000;               1528,15000;                  0,00000;                  0,00000;                  0,00000;                  0,00000;
320.001.784;;Açýlýþ hareketi;          -10800000,00000;            -327438,43096;          -10800000,00000;                  0,00000;                  0,00000;                  0,00000;                  0,00000;
320.001.784;ERZURUM AVM;Açýlýþ hareketi;            5400000,00000;             168112,22000;            5400000,00000;                  0,00000;                  0,00000;                  0,00000;                  0,00000;
320.001.784;YOLCU TAÞIMACILIÐI;Açýlýþ hareketi;            5400000,00000;             168112,23000;            5400000,00000;                  0,00000;                  0,00000;                  0,00000;                  0,00000;
320.001.785;AKARYAKIT ÝSTASYONU;Açýlýþ hareketi;              -5000,00000;               -151,59000;              -5000,00000;                  0,00000;                  0,00000;                  0,00000;                  0,00000;
320.001.785;YOLCU TAÞIMACILIÐI;Açýlýþ hareketi;               5000,00000;                151,59000;               5000,00000;                  0,00000;                  0,00000;                  0,00000;                  0,00000;
320.001.786;AKARYAKIT ÝSTASYONU;Açýlýþ hareketi;              45301,70000;               1373,47000;              45301,70000;                  0,00000;                  0,00000;                  0,00000;                  0,00000;
320.001.786;ERZURUM AVM;Açýlýþ hareketi;               -232,68000;                 -7,06000;               -232,68000;                  0,00000;                  0,00000;                  0,00000;                  0,00000;
320.001.791;YOLCU TAÞIMACILIÐI;Açýlýþ hareketi;               2000,00000;                 62,26000;               2000,00000;                  0,00000;                  0,00000;                  0,00000;                  0,00000;
320.001.794;;Açýlýþ hareketi;           18120000,00000;             601250,47087;           18120000,00000;                  0,00000;                  0,00000;                  0,00000;                  0,00000;
320.001.794;ERZURUM AVM;Açýlýþ hareketi;          -44100000,00000;           -1349040,57000;          -44100000,00000;                  0,00000;                  0,00000;                  0,00000;                  0,00000;
320.001.794;YOLCU TAÞIMACILIÐI;Açýlýþ hareketi;           25980000,00000;             771076,59000;           25980000,00000;                  0,00000;                  0,00000;                  0,00000;                  0,00000;
320.001.795;;Açýlýþ hareketi;            -900000,00000;             -27286,53591;            -900000,00000;                  0,00000;                  0,00000;                  0,00000;                  0,00000;
320.001.795;YOLCU TAÞIMACILIÐI;Açýlýþ hareketi;            2450000,00000;              74280,02000;            2450000,00000;                  0,00000;                  0,00000;                  0,00000;                  0,00000;
320.001.798;YOLCU TAÞIMACILIÐI;Açýlýþ hareketi;             -30000,00000;               -932,54000;             -30000,00000;                  0,00000;                  0,00000;                  0,00000;                  0,00000;
320.001.800;AKARYAKIT ÝSTASYONU;Açýlýþ hareketi;             -29499,96000;               -918,04000;             -29499,96000;                  0,00000;                  0,00000;                  0,00000;                  0,00000;
320.001.800;YOLCU TAÞIMACILIÐI;Açýlýþ hareketi;              30000,00000;                933,60000;              30000,00000;                  0,00000;                  0,00000;                  0,00000;                  0,00000;
320.001.802;AKARYAKIT ÝSTASYONU;Açýlýþ hareketi;             -18542,92000;               -562,20000;             -18542,92000;                  0,00000;                  0,00000;                  0,00000;                  0,00000;
320.001.802;YOLCU TAÞIMACILIÐI;Açýlýþ hareketi;              18542,92000;                562,19000;              18542,92000;                  0,00000;                  0,00000;                  0,00000;                  0,00000;
320.001.805;ERZURUM AVM;Açýlýþ hareketi;             -53733,43000;              -1654,54000;             -53733,43000;                  0,00000;                  0,00000;                  0,00000;                  0,00000;
320.001.805;YOLCU TAÞIMACILIÐI;Açýlýþ hareketi;              53733,43000;               1629,11000;              53733,43000;                  0,00000;                  0,00000;                  0,00000;                  0,00000;
320.001.808;YOLCU TAÞIMACILIÐI;Açýlýþ hareketi;              81202,00000;               2461,91000;              81202,00000;                  0,00000;                  0,00000;                  0,00000;                  0,00000;
320.001.809;;Açýlýþ hareketi;          -88390000,40000;           -2679841,02258;          -88390000,40000;                  0,00000;                  0,00000;                  0,00000;                  0,00000;
320.001.809;ERZURUM AVM;Açýlýþ hareketi;          -38739999,60000;           -1174533,77000;          -38739999,60000;                  0,00000;                  0,00000;                  0,00000;                  0,00000;
320.001.809;YOLCU TAÞIMACILIÐI;Açýlýþ hareketi;          127130000,00000;            3854374,80000;          127130000,00000;                  0,00000;                  0,00000;                  0,00000;                  0,00000;
320.001.810;;Açýlýþ hareketi;          -25358167,04000;            -768818,37293;          -25358167,04000;                  0,00000;                  0,00000;                  0,00000;                  0,00000;
320.001.810;AKARYAKIT ÝSTASYONU;Açýlýþ hareketi;            3564780,00000;             108078,32000;            3564780,00000;                  0,00000;                  0,00000;                  0,00000;                  0,00000;
320.001.810;YOLCU TAÞIMACILIÐI;Açýlýþ hareketi;           21793387,04000;             660740,04000;           21793387,04000;                  0,00000;                  0,00000;                  0,00000;                  0,00000;
320.001.811;ERZURUM AVM;Açýlýþ hareketi;           -1200000,00000;             -36382,05000;           -1200000,00000;                  0,00000;                  0,00000;                  0,00000;                  0,00000;
320.001.813;YOLCU TAÞIMACILIÐI;Açýlýþ hareketi;              75000,00000;               2273,88000;              75000,00000;                  0,00000;                  0,00000;                  0,00000;                  0,00000;
320.001.815;ERZURUM AVM;Açýlýþ hareketi;             -80000,00000;              -2425,47000;             -80000,00000;                  0,00000;                  0,00000;                  0,00000;                  0,00000;
320.001.815;YOLCU TAÞIMACILIÐI;Açýlýþ hareketi;              80000,00000;               2425,47000;              80000,00000;                  0,00000;                  0,00000;                  0,00000;                  0,00000;
320.001.816;AKARYAKIT ÝSTASYONU;Açýlýþ hareketi;             -14000,01000;               -424,46000;             -14000,01000;                  0,00000;                  0,00000;                  0,00000;                  0,00000;
320.001.816;YOLCU TAÞIMACILIÐI;Açýlýþ hareketi;              14000,01000;                424,46000;              14000,01000;                  0,00000;                  0,00000;                  0,00000;                  0,00000;
320.001.820;ERZURUM AVM;Açýlýþ hareketi;             -34140,00000;              -1035,07000;             -34140,00000;                  0,00000;                  0,00000;                  0,00000;                  0,00000;
320.001.820;YOLCU TAÞIMACILIÐI;Açýlýþ hareketi;              34140,00000;               1035,07000;              34140,00000;                  0,00000;                  0,00000;                  0,00000;                  0,00000;
320.001.821;AKARYAKIT ÝSTASYONU;Açýlýþ hareketi;               1247,88000;                 37,82000;               1247,88000;                  0,00000;                  0,00000;                  0,00000;                  0,00000;
320.001.821;YOLCU TAÞIMACILIÐI;Açýlýþ hareketi;              -1247,88000;                -37,83000;              -1247,88000;                  0,00000;                  0,00000;                  0,00000;                  0,00000;
320.001.827;AKARYAKIT ÝSTASYONU;Açýlýþ hareketi;             -60000,00000;              -1819,10000;             -60000,00000;                  0,00000;                  0,00000;                  0,00000;                  0,00000;
320.001.827;YOLCU TAÞIMACILIÐI;Açýlýþ hareketi;              60000,00000;               1819,10000;              60000,00000;                  0,00000;                  0,00000;                  0,00000;                  0,00000;
320.001.830;;Açýlýþ hareketi;             538936,57000;              16339,68000;             538936,57000;                  0,00000;                  0,00000;                  0,00000;                  0,00000;
320.001.830;ERZURUM AVM;Açýlýþ hareketi;            -538936,57000;             -16339,68000;            -538936,57000;                  0,00000;                  0,00000;                  0,00000;                  0,00000;
320.001.832;AKARYAKIT ÝSTASYONU;Açýlýþ hareketi;              72000,00000;               2182,93000;              72000,00000;                  0,00000;                  0,00000;                  0,00000;                  0,00000;
320.001.832;YOLCU TAÞIMACILIÐI;Açýlýþ hareketi;             -45600,00000;              -1382,52000;             -45600,00000;                  0,00000;                  0,00000;                  0,00000;                  0,00000;
320.001.837;ERZURUM AVM;Açýlýþ hareketi;               -274,00000;                 -8,31000;               -274,00000;                  0,00000;                  0,00000;                  0,00000;                  0,00000;
320.001.837;YOLCU TAÞIMACILIÐI;Açýlýþ hareketi;                274,00000;                  8,31000;                274,00000;                  0,00000;                  0,00000;                  0,00000;                  0,00000;
320.001.838;ERZURUM AVM;Açýlýþ hareketi;            -300000,00000;              -9095,51000;            -300000,00000;                  0,00000;                  0,00000;                  0,00000;                  0,00000;
320.001.841;AKARYAKIT ÝSTASYONU;Açýlýþ hareketi;               4800,00000;                145,53000;               4800,00000;                  0,00000;                  0,00000;                  0,00000;                  0,00000;
320.001.841;YOLCU TAÞIMACILIÐI;Açýlýþ hareketi;              -4800,00000;               -145,53000;              -4800,00000;                  0,00000;                  0,00000;                  0,00000;                  0,00000;
320.001.844;AKARYAKIT ÝSTASYONU;Açýlýþ hareketi;             173720,00000;               5266,91000;             173720,00000;                  0,00000;                  0,00000;                  0,00000;                  0,00000;
320.001.844;YOLCU TAÞIMACILIÐI;Açýlýþ hareketi;            -173720,00000;              -5266,91000;            -173720,00000;                  0,00000;                  0,00000;                  0,00000;                  0,00000;
320.001.845;AKARYAKIT ÝSTASYONU;Açýlýþ hareketi;              18000,00000;                545,73000;              18000,00000;                  0,00000;                  0,00000;                  0,00000;                  0,00000;
320.001.845;YOLCU TAÞIMACILIÐI;Açýlýþ hareketi;             -18000,00000;               -545,73000;             -18000,00000;                  0,00000;                  0,00000;                  0,00000;                  0,00000;
320.001.847;AKARYAKIT ÝSTASYONU;Açýlýþ hareketi;              -1250,00000;                -37,90000;              -1250,00000;                  0,00000;                  0,00000;                  0,00000;                  0,00000;
320.001.847;YOLCU TAÞIMACILIÐI;Açýlýþ hareketi;               1250,00000;                 37,90000;               1250,00000;                  0,00000;                  0,00000;                  0,00000;                  0,00000;
320.001.848;ERZURUM AVM;Açýlýþ hareketi;             -27006,07000;               -818,78000;             -27006,07000;                  0,00000;                  0,00000;                  0,00000;                  0,00000;
320.001.848;YOLCU TAÞIMACILIÐI;Açýlýþ hareketi;              27006,07000;                818,78000;              27006,07000;                  0,00000;                  0,00000;                  0,00000;                  0,00000;
320.001.938;;Açýlýþ hareketi;               3464,46000;                105,04000;               3464,46000;                  0,00000;                  0,00000;                  0,00000;                  0,00000;
320.001.938;YOLCU TAÞIMACILIÐI;Açýlýþ hareketi;              -3464,46000;               -105,02000;              -3464,46000;                  0,00000;                  0,00000;                  0,00000;                  0,00000;
320.001.948;;Açýlýþ hareketi;            3000000,00000;             202400,47000;            3000000,00000;                  0,00000;                  0,00000;                  0,00000;                  0,00000;
320.001.948;AKARYAKIT ÝSTASYONU;Açýlýþ hareketi;             -13291,66000;               -493,59000;             -13291,66000;                  0,00000;                  0,00000;                  0,00000;                  0,00000;
320.001.948;ERZURUM AVM;Açýlýþ hareketi;           -3000000,00000;            -203196,96000;           -3000000,00000;                  0,00000;                  0,00000;                  0,00000;                  0,00000;
320.001.948;YOLCU TAÞIMACILIÐI;Açýlýþ hareketi;              13291,66000;                402,98000;              13291,66000;                  0,00000;                  0,00000;                  0,00000;                  0,00000;
320.001.950;;Açýlýþ hareketi;              40063,36000;               2150,33707;              40063,36000;                  0,00000;                  0,00000;                  0,00000;                  0,00000;
320.001.950;AKARYAKIT ÝSTASYONU;Açýlýþ hareketi;            1107400,00000;              33574,57000;            1107400,00000;                  0,00000;                  0,00000;                  0,00000;                  0,00000;
320.001.950;YOLCU TAÞIMACILIÐI;Açýlýþ hareketi;           -2096823,94000;             -66955,55000;           -2096823,94000;                  0,00000;                  0,00000;                  0,00000;                  0,00000;
320.001.952;;Açýlýþ hareketi;              10510,01000;                360,74228;              10510,01000;                  0,00000;                  0,00000;                  0,00000;                  0,00000;
320.001.952;YOLCU TAÞIMACILIÐI;Açýlýþ hareketi;             -10510,01000;               -424,59000;             -10510,01000;                  0,00000;                  0,00000;                  0,00000;                  0,00000;
320.001.953;;Açýlýþ hareketi;              11003,50000;                816,35499;              11003,50000;                  0,00000;                  0,00000;                  0,00000;                  0,00000;
320.001.953;AKARYAKIT ÝSTASYONU;Açýlýþ hareketi;             -11003,50000;               -591,79000;             -11003,50000;                  0,00000;                  0,00000;                  0,00000;                  0,00000;
320.001.954;AKARYAKIT ÝSTASYONU;Açýlýþ hareketi;             259680,00000;               7873,08000;             259680,00000;                  0,00000;                  0,00000;                  0,00000;                  0,00000;
320.001.954;YOLCU TAÞIMACILIÐI;Açýlýþ hareketi;            -383494,00000;             -11661,39000;            -383494,00000;                  0,00000;                  0,00000;                  0,00000;                  0,00000;
320.001.961;;Açýlýþ hareketi;              -7592,89000;               -283,63323;              -7592,89000;                  0,00000;                  0,00000;                  0,00000;                  0,00000;
320.001.961;YOLCU TAÞIMACILIÐI;Açýlýþ hareketi;               7592,89000;                384,35000;               7592,89000;                  0,00000;                  0,00000;                  0,00000;                  0,00000;
320.001.964;;Açýlýþ hareketi;              29279,51000;               1216,00528;              29279,51000;                  0,00000;                  0,00000;                  0,00000;                  0,00000;
320.001.964;YOLCU TAÞIMACILIÐI;Açýlýþ hareketi;             -29279,51000;              -1244,77000;             -29279,51000;                  0,00000;                  0,00000;                  0,00000;                  0,00000;
320.001.965;;Açýlýþ hareketi;               2303,68000;                 79,07079;               2303,68000;                  0,00000;                  0,00000;                  0,00000;                  0,00000;
320.001.965;YOLCU TAÞIMACILIÐI;Açýlýþ hareketi;              -2303,68000;                -98,29000;              -2303,68000;                  0,00000;                  0,00000;                  0,00000;                  0,00000;
320.001.967;;Açýlýþ hareketi;               1670,31000;                 57,33120;               1670,31000;                  0,00000;                  0,00000;                  0,00000;                  0,00000;
320.001.967;AKARYAKIT ÝSTASYONU;Açýlýþ hareketi;             -46726,68000;              -1418,45000;             -46726,68000;                  0,00000;                  0,00000;                  0,00000;                  0,00000;
320.001.967;YOLCU TAÞIMACILIÐI;Açýlýþ hareketi;              45056,37000;               1366,03000;              45056,37000;                  0,00000;                  0,00000;                  0,00000;                  0,00000;
320.001.969;YOLCU TAÞIMACILIÐI;Açýlýþ hareketi;             -40944,00000;              -1791,58000;             -40944,00000;                  0,00000;                  0,00000;                  0,00000;                  0,00000;
320.001.971;;Açýlýþ hareketi;               1150,00000;                 39,47224;               1150,00000;                  0,00000;                  0,00000;                  0,00000;                  0,00000;
320.001.971;YOLCU TAÞIMACILIÐI;Açýlýþ hareketi;              -1150,00000;                -50,16000;              -1150,00000;                  0,00000;                  0,00000;                  0,00000;                  0,00000;
320.001.972;AKARYAKIT ÝSTASYONU;Açýlýþ hareketi;              50900,00000;               1543,21000;              50900,00000;                  0,00000;                  0,00000;                  0,00000;                  0,00000;
320.001.972;YOLCU TAÞIMACILIÐI;Açýlýþ hareketi;             -50900,00000;              -1547,27000;             -50900,00000;                  0,00000;                  0,00000;                  0,00000;                  0,00000;
320.001.973;AKARYAKIT ÝSTASYONU;Açýlýþ hareketi;             -20855,63000;               -632,33000;             -20855,63000;                  0,00000;                  0,00000;                  0,00000;                  0,00000;
320.001.973;YOLCU TAÞIMACILIÐI;Açýlýþ hareketi;              20855,63000;                632,31000;              20855,63000;                  0,00000;                  0,00000;                  0,00000;                  0,00000;
320.001.974;;Açýlýþ hareketi;             243531,94000;               8358,91386;             243531,94000;                  0,00000;                  0,00000;                  0,00000;                  0,00000;
320.001.974;YOLCU TAÞIMACILIÐI;Açýlýþ hareketi;            -243531,94000;             -12960,93000;            -243531,94000;                  0,00000;                  0,00000;                  0,00000;                  0,00000;
320.001.975;;Açýlýþ hareketi;            1081755,30000;              38497,67840;            1081755,30000;                  0,00000;                  0,00000;                  0,00000;                  0,00000;
320.001.975;YOLCU TAÞIMACILIÐI;Açýlýþ hareketi;           -1081755,30000;             -57571,72000;           -1081755,30000;                  0,00000;                  0,00000;                  0,00000;                  0,00000;
320.001.977;;Açýlýþ hareketi;              -3316,00000;               -113,81734;              -3316,00000;                  0,00000;                  0,00000;                  0,00000;                  0,00000;
320.001.977;YOLCU TAÞIMACILIÐI;Açýlýþ hareketi;               3316,00000;                176,48000;               3316,00000;                  0,00000;                  0,00000;                  0,00000;                  0,00000;
320.001.979;AKARYAKIT ÝSTASYONU;Açýlýþ hareketi;              11080,00000;                335,93000;              11080,00000;                  0,00000;                  0,00000;                  0,00000;                  0,00000;
320.001.979;YOLCU TAÞIMACILIÐI;Açýlýþ hareketi;              58887,98000;               1659,84000;              58887,98000;                  0,00000;                  0,00000;                  0,00000;                  0,00000;
320.001.980;;Açýlýþ hareketi;               1652,00000;                 56,70273;               1652,00000;                  0,00000;                  0,00000;                  0,00000;                  0,00000;
320.001.980;YOLCU TAÞIMACILIÐI;Açýlýþ hareketi;              -1652,00000;                -87,92000;              -1652,00000;                  0,00000;                  0,00000;                  0,00000;                  0,00000;
320.001.981;;Açýlýþ hareketi;             -39624,00000;              -1480,15883;             -39624,00000;                  0,00000;                  0,00000;                  0,00000;                  0,00000;
320.001.981;AKARYAKIT ÝSTASYONU;Açýlýþ hareketi;             446340,00000;              13532,29000;             446340,00000;                  0,00000;                  0,00000;                  0,00000;                  0,00000;
320.001.981;YOLCU TAÞIMACILIÐI;Açýlýþ hareketi;              -6236,15000;                271,73000;              -6236,15000;                  0,00000;                  0,00000;                  0,00000;                  0,00000;
320.001.982;;Açýlýþ hareketi;                836,45000;                 28,71005;                836,45000;                  0,00000;                  0,00000;                  0,00000;                  0,00000;
320.001.982;YOLCU TAÞIMACILIÐI;Açýlýþ hareketi;               -836,45000;                -44,07000;               -836,45000;                  0,00000;                  0,00000;                  0,00000;                  0,00000;
320.001.983;AKARYAKIT ÝSTASYONU;Açýlýþ hareketi;              18600,00000;                563,92000;              18600,00000;                  0,00000;                  0,00000;                  0,00000;                  0,00000;
320.001.983;YOLCU TAÞIMACILIÐI;Açýlýþ hareketi;             -25210,00000;               -784,73000;             -25210,00000;                  0,00000;                  0,00000;                  0,00000;                  0,00000;
320.001.985;;Açýlýþ hareketi;             379803,61000;              12978,21642;             379803,61000;                  0,00000;                  0,00000;                  0,00000;                  0,00000;
320.001.985;AKARYAKIT ÝSTASYONU;Açýlýþ hareketi;           -1207953,00000;             -55095,80000;           -1207953,00000;                  0,00000;                  0,00000;                  0,00000;                  0,00000;
320.001.985;YOLCU TAÞIMACILIÐI;Açýlýþ hareketi;           -2571830,94000;            -137138,74000;           -2571830,94000;                  0,00000;                  0,00000;                  0,00000;                  0,00000;
320.001.986;;Açýlýþ hareketi;              30080,85000;               1123,67343;              30080,85000;                  0,00000;                  0,00000;                  0,00000;                  0,00000;
320.001.986;ERZURUM AVM;Açýlýþ hareketi;             -30080,85000;              -1570,54000;             -30080,85000;                  0,00000;                  0,00000;                  0,00000;                  0,00000;
320.001.987;;Açýlýþ hareketi;              15259,00000;                570,00161;              15259,00000;                  0,00000;                  0,00000;                  0,00000;                  0,00000;
320.001.987;ERZURUM AVM;Açýlýþ hareketi;             -15259,00000;               -796,68000;             -15259,00000;                  0,00000;                  0,00000;                  0,00000;                  0,00000;
320.001.988;;Açýlýþ hareketi;               9167,34000;                342,44698;               9167,34000;                  0,00000;                  0,00000;                  0,00000;                  0,00000;
320.001.988;ERZURUM AVM;Açýlýþ hareketi;              -9167,34000;               -478,63000;              -9167,34000;                  0,00000;                  0,00000;                  0,00000;                  0,00000;
320.001.989;;Açýlýþ hareketi;               5899,00000;                202,47542;               5899,00000;                  0,00000;                  0,00000;                  0,00000;                  0,00000;
320.001.989;ERZURUM AVM;Açýlýþ hareketi;              -5899,00000;               -307,99000;              -5899,00000;                  0,00000;                  0,00000;                  0,00000;                  0,00000;
320.001.993;;Açýlýþ hareketi;              36998,00000;               1382,06432;              36998,00000;                  0,00000;                  0,00000;                  0,00000;                  0,00000;
320.001.993;YOLCU TAÞIMACILIÐI;Açýlýþ hareketi;             -36998,00000;              -1654,92000;             -36998,00000;                  0,00000;                  0,00000;                  0,00000;                  0,00000;
320.001.994;;Açýlýþ hareketi;             132333,00000;               4747,07488;             132333,00000;                  0,00000;                  0,00000;                  0,00000;                  0,00000;
320.001.994;YOLCU TAÞIMACILIÐI;Açýlýþ hareketi;            -132333,00000;              -5690,48000;            -132333,00000;                  0,00000;                  0,00000;                  0,00000;                  0,00000;
320.001.995;AKARYAKIT ÝSTASYONU;Açýlýþ hareketi;              35000,00000;               1061,14000;              35000,00000;                  0,00000;                  0,00000;                  0,00000;                  0,00000;
320.001.995;YOLCU TAÞIMACILIÐI;Açýlýþ hareketi;             -35000,00000;              -1061,14000;             -35000,00000;                  0,00000;                  0,00000;                  0,00000;                  0,00000;
320.001.996;AKARYAKIT ÝSTASYONU;Açýlýþ hareketi;             179700,00000;               5448,21000;             179700,00000;                  0,00000;                  0,00000;                  0,00000;                  0,00000;
320.001.996;YOLCU TAÞIMACILIÐI;Açýlýþ hareketi;            -179700,00000;              -5448,21000;            -179700,00000;                  0,00000;                  0,00000;                  0,00000;                  0,00000;
320.001.997;;Açýlýþ hareketi;               5300,01000;                181,91588;               5300,01000;                  0,00000;                  0,00000;                  0,00000;                  0,00000;
320.001.997;YOLCU TAÞIMACILIÐI;Açýlýþ hareketi;              -5300,01000;               -273,40000;              -5300,01000;                  0,00000;                  0,00000;                  0,00000;                  0,00000;
320.001.999;;Açýlýþ hareketi;             832722,07000;              31092,55775;             832722,07000;                  0,00000;                  0,00000;                  0,00000;                  0,00000;
320.001.999;AKARYAKIT ÝSTASYONU;Açýlýþ hareketi;               -525,00000;                -15,92000;               -525,00000;                  0,00000;                  0,00000;                  0,00000;                  0,00000;
320.001.999;ERZURUM AVM;Açýlýþ hareketi;              17700,00000;                974,11000;              17700,00000;                  0,00000;                  0,00000;                  0,00000;                  0,00000;
320.001.999;YOLCU TAÞIMACILIÐI;Açýlýþ hareketi;           -2481780,45000;             -94777,09000;           -2481780,45000;                  0,00000;                  0,00000;                  0,00000;                  0,00000;
320.002.002;;Açýlýþ hareketi;             -13291,07000;               -451,49058;             -13291,07000;                  0,00000;                  0,00000;                  0,00000;                  0,00000;
320.002.002;YOLCU TAÞIMACILIÐI;Açýlýþ hareketi;              13291,07000;                493,18000;              13291,07000;                  0,00000;                  0,00000;                  0,00000;                  0,00000;
320.002.007;AKARYAKIT ÝSTASYONU;Açýlýþ hareketi;              13500,00000;                409,30000;              13500,00000;                  0,00000;                  0,00000;                  0,00000;                  0,00000;
320.002.007;YOLCU TAÞIMACILIÐI;Açýlýþ hareketi;             -13500,00000;               -409,30000;             -13500,00000;                  0,00000;                  0,00000;                  0,00000;                  0,00000;
320.002.008;YOLCU TAÞIMACILIÐI;Açýlýþ hareketi;             -62000,00000;              -1879,74000;             -62000,00000;                  0,00000;                  0,00000;                  0,00000;                  0,00000;
320.002.018;AKARYAKIT ÝSTASYONU;Açýlýþ hareketi;                 -0,04000;                  0,00000;                 -0,04000;                  0,00000;                  0,00000;                  0,00000;                  0,00000;
320.002.018;YOLCU TAÞIMACILIÐI;Açýlýþ hareketi;                  0,04000;                  0,00000;                  0,04000;                  0,00000;                  0,00000;                  0,00000;                  0,00000;
320.002.020;AKARYAKIT ÝSTASYONU;Açýlýþ hareketi;             -42000,00000;              -1273,37000;             -42000,00000;                  0,00000;                  0,00000;                  0,00000;                  0,00000;
320.002.020;YOLCU TAÞIMACILIÐI;Açýlýþ hareketi;              42000,00000;               1273,37000;              42000,00000;                  0,00000;                  0,00000;                  0,00000;                  0,00000;
320.002.023;AKARYAKIT ÝSTASYONU;Açýlýþ hareketi;              -5900,00000;               -178,88000;              -5900,00000;                  0,00000;                  0,00000;                  0,00000;                  0,00000;
320.002.023;YOLCU TAÞIMACILIÐI;Açýlýþ hareketi;               5900,00000;                178,88000;               5900,00000;                  0,00000;                  0,00000;                  0,00000;                  0,00000;
320.050.006;;Açýlýþ hareketi;               -907,71000;              -2496,85105;               -907,71000;                  0,00000;                  0,00000;                  0,00000;                  0,00000;
320.050.006;ERZURUM OTOGAR;Açýlýþ hareketi;                907,71000;                 27,52000;                907,71000;                  0,00000;                  0,00000;                  0,00000;                  0,00000;
320.050.013;AKARYAKIT ÝSTASYONU;Açýlýþ hareketi;                -23,00000;                 -0,70000;                -23,00000;                  0,00000;                  0,00000;                  0,00000;                  0,00000;
320.050.013;ERZURUM OTOGAR;Açýlýþ hareketi;               1179,00000;                -17,91053;               1179,00000;                  0,00000;                  0,00000;                  0,00000;                  0,00000;
320.050.013;YOLCU TAÞIMACILIÐI;Açýlýþ hareketi;              -1156,00000;                -35,06000;              -1156,00000;                  0,00000;                  0,00000;                  0,00000;                  0,00000;
320.050.014;ERZURUM OTOGAR;Açýlýþ hareketi;                569,00000;                -29,83480;                569,00000;                  0,00000;                  0,00000;                  0,00000;                  0,00000;
320.050.014;YOLCU TAÞIMACILIÐI;Açýlýþ hareketi;               -569,00000;                -17,25000;               -569,00000;                  0,00000;                  0,00000;                  0,00000;                  0,00000;
320.050.015;ERZURUM OTOGAR;Açýlýþ hareketi;             -10972,84000;               -695,79313;             -10972,84000;                  0,00000;                  0,00000;                  0,00000;                  0,00000;
320.050.015;YOLCU TAÞIMACILIÐI;Açýlýþ hareketi;              11126,00000;                337,32000;              11126,00000;                  0,00000;                  0,00000;                  0,00000;                  0,00000;
320.050.032;ERZURUM AVM;Açýlýþ hareketi;              -5323,39000;               -161,39000;              -5323,39000;                  0,00000;                  0,00000;                  0,00000;                  0,00000;
320.050.032;ERZURUM OTOGAR;Açýlýþ hareketi;            -280933,82000;             -10569,41628;            -280933,82000;                  0,00000;                  0,00000;                  0,00000;                  0,00000;
320.050.032;YOLCU TAÞIMACILIÐI;Açýlýþ hareketi;             390871,50000;              12823,66000;             390871,50000;                  0,00000;                  0,00000;                  0,00000;                  0,00000;
320.050.043;;Açýlýþ hareketi;             136000,00000;               4123,29876;             136000,00000;                  0,00000;                  0,00000;                  0,00000;                  0,00000;
320.050.043;ERZURUM OTOGAR;Açýlýþ hareketi;             -53543,52000;              -2770,06000;             -53543,52000;                  0,00000;                  0,00000;                  0,00000;                  0,00000;
320.050.043;YOLCU TAÞIMACILIÐI;Açýlýþ hareketi;             -82456,48000;              -2830,21000;             -82456,48000;                  0,00000;                  0,00000;                  0,00000;                  0,00000;
320.050.049;;Açýlýþ hareketi;           -1787138,79000;             -62859,90203;           -1787138,79000;                  0,00000;                  0,00000;                  0,00000;                  0,00000;
320.050.049;ERZURUM AVM;Açýlýþ hareketi;              -4128,06000;               -133,89000;              -4128,06000;                  0,00000;                  0,00000;                  0,00000;                  0,00000;
320.050.049;ERZURUM OTOGAR;Açýlýþ hareketi;             -30562,85000;                -31,91758;             -30562,85000;                  0,00000;                  0,00000;                  0,00000;                  0,00000;
320.050.049;YOLCU TAÞIMACILIÐI;Açýlýþ hareketi;            1821829,70000;              74917,58000;            1821829,70000;                  0,00000;                  0,00000;                  0,00000;                  0,00000;
320.050.063;ERZURUM AVM;Açýlýþ hareketi;             -10200,27000;               -342,06000;             -10200,27000;                  0,00000;                  0,00000;                  0,00000;                  0,00000;
320.050.063;ERZURUM OTOGAR;Açýlýþ hareketi;              14211,37000;                411,90563;              14211,37000;                  0,00000;                  0,00000;                  0,00000;                  0,00000;
320.050.063;YOLCU TAÞIMACILIÐI;Açýlýþ hareketi;              -4011,10000;               -121,61000;              -4011,10000;                  0,00000;                  0,00000;                  0,00000;                  0,00000;
320.050.076;;Açýlýþ hareketi;              40378,61000;               1503,35058;              40378,61000;                  0,00000;                  0,00000;                  0,00000;                  0,00000;
320.050.076;ERZURUM OTOGAR;Açýlýþ hareketi;             -40378,61000;              -3029,38030;             -40378,61000;                  0,00000;                  0,00000;                  0,00000;                  0,00000;
320.050.107;;Açýlýþ hareketi;               4213,55000;                143,13205;               4213,55000;                  0,00000;                  0,00000;                  0,00000;                  0,00000;
320.050.107;ERZURUM AVM;Açýlýþ hareketi;             -31125,44000;               -953,52000;             -31125,44000;                  0,00000;                  0,00000;                  0,00000;                  0,00000;
320.050.107;ERZURUM OTOGAR;Açýlýþ hareketi;              26952,89000;                806,63000;              26952,89000;                  0,00000;                  0,00000;                  0,00000;                  0,00000;
320.050.122;ERZURUM AVM;Açýlýþ hareketi;             -14700,00000;               -475,59000;             -14700,00000;                  0,00000;                  0,00000;                  0,00000;                  0,00000;
320.050.122;YOLCU TAÞIMACILIÐI;Açýlýþ hareketi;              22800,00000;                691,26000;              22800,00000;                  0,00000;                  0,00000;                  0,00000;                  0,00000;
320.050.135;ERZURUM OTOGAR;Açýlýþ hareketi;              20000,00000;                606,37000;              20000,00000;                  0,00000;                  0,00000;                  0,00000;                  0,00000;
320.050.135;YOLCU TAÞIMACILIÐI;Açýlýþ hareketi;             -20000,00000;               -622,40000;             -20000,00000;                  0,00000;                  0,00000;                  0,00000;                  0,00000;
320.050.139;ERZURUM OTOGAR;Açýlýþ hareketi;                486,54000;                 11,45079;                486,54000;                  0,00000;                  0,00000;                  0,00000;                  0,00000;
320.050.142;ERZURUM OTOGAR;Açýlýþ hareketi;            -289110,84000;             -17281,37520;            -289110,84000;                  0,00000;                  0,00000;                  0,00000;                  0,00000;
320.050.142;YOLCU TAÞIMACILIÐI;Açýlýþ hareketi;             289110,84000;              10701,07000;             289110,84000;                  0,00000;                  0,00000;                  0,00000;                  0,00000;
320.050.151;ERZURUM OTOGAR;Açýlýþ hareketi;                 -2,54000;                 -9,69050;                 -2,54000;                  0,00000;                  0,00000;                  0,00000;                  0,00000;
320.050.151;YOLCU TAÞIMACILIÐI;Açýlýþ hareketi;              30000,00000;                909,55000;              30000,00000;                  0,00000;                  0,00000;                  0,00000;                  0,00000;
320.050.157;;Açýlýþ hareketi;          -24806941,49000;            -892254,70689;          -24806941,49000;                  0,00000;                  0,00000;                  0,00000;                  0,00000;
320.050.157;ERZURUM AVM;Açýlýþ hareketi;             250000,00000;              13677,20000;             250000,00000;                  0,00000;                  0,00000;                  0,00000;                  0,00000;
320.050.157;ERZURUM OTOGAR;Açýlýþ hareketi;            -661488,51000;             -34603,18000;            -661488,51000;                  0,00000;                  0,00000;                  0,00000;                  0,00000;
320.050.157;YOLCU TAÞIMACILIÐI;Açýlýþ hareketi;           25218430,00000;             934537,14000;           25218430,00000;                  0,00000;                  0,00000;                  0,00000;                  0,00000;
320.050.159;ERZURUM OTOGAR;Açýlýþ hareketi;            -215248,78000;             -12185,39000;            -215248,78000;                  0,00000;                  0,00000;                  0,00000;                  0,00000;
320.050.159;YOLCU TAÞIMACILIÐI;Açýlýþ hareketi;             266778,77000;              12745,37000;             266778,77000;                  0,00000;                  0,00000;                  0,00000;                  0,00000;
320.050.164;;Açýlýþ hareketi;              94000,00000;               2849,92708;              94000,00000;                  0,00000;                  0,00000;                  0,00000;                  0,00000;
320.050.164;ERZURUM OTOGAR;Açýlýþ hareketi;            -370930,00000;             -13426,59000;            -370930,00000;                  0,00000;                  0,00000;                  0,00000;                  0,00000;
320.050.164;YOLCU TAÞIMACILIÐI;Açýlýþ hareketi;             276930,00000;               9193,64000;             276930,00000;                  0,00000;                  0,00000;                  0,00000;                  0,00000;
320.100.013;;Açýlýþ hareketi;             106613,22000;               3887,79960;             106613,22000;                  0,00000;                  0,00000;                  0,00000;                  0,00000;
320.100.013;ERZURUM AVM;Açýlýþ hareketi;            -880453,82000;             -52667,89300;            -880453,82000;                  0,00000;                  0,00000;                  0,00000;                  0,00000;
320.100.013;ERZURUM OTOGAR;Açýlýþ hareketi;                 -1,65000;                 -0,07000;                 -1,65000;                  0,00000;                  0,00000;                  0,00000;                  0,00000;
320.100.013;YOLCU TAÞIMACILIÐI;Açýlýþ hareketi;             773842,25000;              44311,98000;             773842,25000;                  0,00000;                  0,00000;                  0,00000;                  0,00000;
320.100.019;ERZURUM AVM;Açýlýþ hareketi;            -189100,64000;             -12826,57981;            -189100,64000;                  0,00000;                  0,00000;                  0,00000;                  0,00000;
320.100.043;;Açýlýþ hareketi;           -2000000,00000;            -537035,30502;           -2000000,00000;                  0,00000;                  0,00000;                  0,00000;                  0,00000;
320.100.043;ERZURUM AVM;Açýlýþ hareketi;            7971453,57000;             403280,96000;            7971453,57000;                  0,00000;                  0,00000;                  0,00000;                  0,00000;
320.100.043;YOLCU TAÞIMACILIÐI;Açýlýþ hareketi;           -5971453,57000;            -314643,07000;           -5971453,57000;                  0,00000;                  0,00000;                  0,00000;                  0,00000;
320.100.072;;Açýlýþ hareketi;               9619,36000;                291,64335;               9619,36000;                  0,00000;                  0,00000;                  0,00000;                  0,00000;
320.100.072;ERZURUM AVM;Açýlýþ hareketi;              -9619,36000;               -512,07000;              -9619,36000;                  0,00000;                  0,00000;                  0,00000;                  0,00000;
320.100.096;AKARYAKIT ÝSTASYONU;Açýlýþ hareketi;              -1499,00000;                -45,45000;              -1499,00000;                  0,00000;                  0,00000;                  0,00000;                  0,00000;
320.100.096;ERZURUM AVM;Açýlýþ hareketi;               2068,00000;                 62,70000;               2068,00000;                  0,00000;                  0,00000;                  0,00000;                  0,00000;
320.100.096;YOLCU TAÞIMACILIÐI;Açýlýþ hareketi;               -569,00000;                -17,25000;               -569,00000;                  0,00000;                  0,00000;                  0,00000;                  0,00000;
320.100.100;;Açýlýþ hareketi;               7699,34000;                233,43146;               7699,34000;                  0,00000;                  0,00000;                  0,00000;                  0,00000;
320.100.100;ERZURUM AVM;Açýlýþ hareketi;              -7699,34000;               -500,15868;              -7699,34000;                  0,00000;                  0,00000;                  0,00000;                  0,00000;
320.100.143;;Açýlýþ hareketi;            1338521,87000;              47354,41861;            1338521,87000;                  0,00000;                  0,00000;                  0,00000;                  0,00000;
320.100.143;ERZURUM AVM;Açýlýþ hareketi;           -1254213,28000;             -50279,04000;           -1254213,28000;                  0,00000;                  0,00000;                  0,00000;                  0,00000;
320.100.143;GES PROJESÝ ERZURUM;Açýlýþ hareketi;             -84308,59000;              -4486,96000;             -84308,59000;                  0,00000;                  0,00000;                  0,00000;                  0,00000;
320.100.143;YOLCU TAÞIMACILIÐI;Açýlýþ hareketi;              26960,10000;                817,39000;              26960,10000;                  0,00000;                  0,00000;                  0,00000;                  0,00000;
320.100.157;ERZURUM AVM;Açýlýþ hareketi;             -17034,53000;              -1278,00510;             -17034,53000;                  0,00000;                  0,00000;                  0,00000;                  0,00000;
320.100.158;;Açýlýþ hareketi;              33000,00000;               1000,50632;              33000,00000;                  0,00000;                  0,00000;                  0,00000;                  0,00000;
320.100.158;ERZURUM AVM;Açýlýþ hareketi;             -33000,00000;              -1784,04553;             -33000,00000;                  0,00000;                  0,00000;                  0,00000;                  0,00000;
320.100.167;;Açýlýþ hareketi;            -616214,92000;             -19205,12730;            -616214,92000;                  0,00000;                  0,00000;                  0,00000;                  0,00000;
320.100.167;AKARYAKIT ÝSTASYONU;Açýlýþ hareketi;              12000,00000;                363,82000;              12000,00000;                  0,00000;                  0,00000;                  0,00000;                  0,00000;
320.100.167;ERZURUM AVM;Açýlýþ hareketi;             -99553,45000;              -7468,93615;             -99553,45000;                  0,00000;                  0,00000;                  0,00000;                  0,00000;
320.100.167;YOLCU TAÞIMACILIÐI;Açýlýþ hareketi;             719968,37000;              23097,86000;             719968,37000;                  0,00000;                  0,00000;                  0,00000;                  0,00000;
320.100.236;;Açýlýþ hareketi;              24000,00000;                727,64096;              24000,00000;                  0,00000;                  0,00000;                  0,00000;                  0,00000;
320.100.236;ERZURUM AVM;Açýlýþ hareketi;             -24000,00000;              -1543,95568;             -24000,00000;                  0,00000;                  0,00000;                  0,00000;                  0,00000;
320.100.242;;Açýlýþ hareketi;              60000,00000;               1819,10239;              60000,00000;                  0,00000;                  0,00000;                  0,00000;                  0,00000;
320.100.242;ERZURUM AVM;Açýlýþ hareketi;             -60000,00000;              -2241,31000;             -60000,00000;                  0,00000;                  0,00000;                  0,00000;                  0,00000;
320.100.243;;Açýlýþ hareketi;              -5190,00000;               -278,72057;              -5190,00000;                  0,00000;                  0,00000;                  0,00000;                  0,00000;
320.100.243;YOLCU TAÞIMACILIÐI;Açýlýþ hareketi;              12590,00000;                609,79000;              12590,00000;                  0,00000;                  0,00000;                  0,00000;                  0,00000;
320.100.257;ERZURUM AVM;Açýlýþ hareketi;               2003,18000;                 60,73000;               2003,18000;                  0,00000;                  0,00000;                  0,00000;                  0,00000;
320.100.257;YOLCU TAÞIMACILIÐI;Açýlýþ hareketi;              -2003,18000;               -107,13000;              -2003,18000;                  0,00000;                  0,00000;                  0,00000;                  0,00000;
320.100.280;;Açýlýþ hareketi;              60000,00000;               4365,32000;              60000,00000;                  0,00000;                  0,00000;                  0,00000;                  0,00000;
320.100.280;ERZURUM AVM;Açýlýþ hareketi;             -60000,00000;              -6570,58751;             -60000,00000;                  0,00000;                  0,00000;                  0,00000;                  0,00000;
320.100.295;;Açýlýþ hareketi;              37000,00000;               1121,77981;              37000,00000;                  0,00000;                  0,00000;                  0,00000;                  0,00000;
320.100.295;ERZURUM AVM;Açýlýþ hareketi;             -37598,93000;              -2820,83652;             -37598,93000;                  0,00000;                  0,00000;                  0,00000;                  0,00000;
320.100.295;YOLCU TAÞIMACILIÐI;Açýlýþ hareketi;                598,93000;                 18,16000;                598,93000;                  0,00000;                  0,00000;                  0,00000;                  0,00000;
320.100.300;ERZURUM AVM;Açýlýþ hareketi;            -102448,00000;              -7686,09798;            -102448,00000;                  0,00000;                  0,00000;                  0,00000;                  0,00000;
320.100.302;ERZURUM AVM;Açýlýþ hareketi;             -76013,52000;              -5702,86743;             -76013,52000;                  0,00000;                  0,00000;                  0,00000;                  0,00000;
320.100.303;ERZURUM AVM;Açýlýþ hareketi;              -4846,33000;               -363,59292;              -4846,33000;                  0,00000;                  0,00000;                  0,00000;                  0,00000;
320.100.336;ERZURUM AVM;Açýlýþ hareketi;           -1241627,01000;             -68064,46000;           -1241627,01000;                  0,00000;                  0,00000;                  0,00000;                  0,00000;
320.100.336;YOLCU TAÞIMACILIÐI;Açýlýþ hareketi;            1244404,01000;              67024,52000;            1244404,01000;                  0,00000;                  0,00000;                  0,00000;                  0,00000;
320.100.349;AKARYAKIT ÝSTASYONU;Açýlýþ hareketi;             231000,00000;               7003,57000;             231000,00000;                  0,00000;                  0,00000;                  0,00000;                  0,00000;
320.100.349;ERZURUM AVM;Açýlýþ hareketi;            -654000,03000;             -20327,66000;            -654000,03000;                  0,00000;                  0,00000;                  0,00000;                  0,00000;
320.100.349;YOLCU TAÞIMACILIÐI;Açýlýþ hareketi;             431650,00000;              13711,96000;             431650,00000;                  0,00000;                  0,00000;                  0,00000;                  0,00000;
320.100.352;ERZURUM AVM;Açýlýþ hareketi;             -80594,00000;              -3411,55000;             -80594,00000;                  0,00000;                  0,00000;                  0,00000;                  0,00000;
320.100.353;ERZURUM AVM;Açýlýþ hareketi;                918,02000;                 20,53000;                918,02000;                  0,00000;                  0,00000;                  0,00000;                  0,00000;
320.100.353;YOLCU TAÞIMACILIÐI;Açýlýþ hareketi;               -918,02000;                -27,83000;               -918,02000;                  0,00000;                  0,00000;                  0,00000;                  0,00000;
320.100.442;ERZURUM AVM;Açýlýþ hareketi;                  0,01000;                216,50000;                  0,01000;                  0,00000;                  0,00000;                  0,00000;                  0,00000;
320.150.001;ERZURUM AVM;Açýlýþ hareketi;               1960,00000;                 59,42000;               1960,00000;                  0,00000;                  0,00000;                  0,00000;                  0,00000;
320.150.001;GES PROJESÝ ERZURUM;Açýlýþ hareketi;              -1960,00000;               -147,04779;              -1960,00000;                  0,00000;                  0,00000;                  0,00000;                  0,00000;
320.150.002;;Açýlýþ hareketi;            1148445,60000;              54368,10124;            1148445,60000;                  0,00000;                  0,00000;                  0,00000;                  0,00000;
320.150.002;AKARYAKIT ÝSTASYONU;Açýlýþ hareketi;             430000,00000;              13036,90000;             430000,00000;                  0,00000;                  0,00000;                  0,00000;                  0,00000;
320.150.002;ERZURUM AVM;Açýlýþ hareketi;          -39391424,60000;           -1254173,75000;          -39391424,60000;                  0,00000;                  0,00000;                  0,00000;                  0,00000;
320.150.002;GES PROJESÝ ERZURUM;Açýlýþ hareketi;          -11688511,00000;            -568285,33829;          -11688511,00000;                  0,00000;                  0,00000;                  0,00000;                  0,00000;
320.150.002;GES PROJESÝ SORGUN;Açýlýþ hareketi;          -51715871,00000;           -1671117,22000;          -51715871,00000;                  0,00000;                  0,00000;                  0,00000;                  0,00000;
320.150.002;YOLCU TAÞIMACILIÐI;Açýlýþ hareketi;          101647361,00000;            3440812,26000;          101647361,00000;                  0,00000;                  0,00000;                  0,00000;                  0,00000;
320.150.003;GES PROJESÝ ERZURUM;Açýlýþ hareketi;             -30001,00000;              -2250,80651;             -30001,00000;                  0,00000;                  0,00000;                  0,00000;                  0,00000;
320.150.004;GES PROJESÝ ERZURUM;Açýlýþ hareketi;              -1073,13000;                -80,51092;              -1073,13000;                  0,00000;                  0,00000;                  0,00000;                  0,00000;
320.150.005;GES PROJESÝ ERZURUM;Açýlýþ hareketi;              -7080,00000;               -531,17263;              -7080,00000;                  0,00000;                  0,00000;                  0,00000;                  0,00000;
320.150.006;ERZURUM AVM;Açýlýþ hareketi;             -15000,01000;              -1630,56000;             -15000,01000;                  0,00000;                  0,00000;                  0,00000;                  0,00000;
320.200.001;;Açýlýþ hareketi;            -947712,75000;             -88602,53553;           -2477076,75000;                  0,00000;                  0,00000;                  0,00000;                  0,00000;
320.200.001;AKARYAKIT ÝSTASYONU;Açýlýþ hareketi;              -9837,58000;               -318,27000;              -9837,58000;                  0,00000;                  0,00000;                  0,00000;                  0,00000;
320.200.001;ERZURUM AVM;Açýlýþ hareketi;            2348918,25000;             160502,64000;            2348918,25000;                  0,00000;                  0,00000;                  0,00000;                  0,00000;
320.200.001;GES PROJESÝ SORGUN;Açýlýþ hareketi;           -8157389,61000;            -573271,00029;           -8157389,61000;                  0,00000;                  0,00000;                  0,00000;                  0,00000;
320.200.001;YOLCU TAÞIMACILIÐI;Açýlýþ hareketi;            6766021,69000;             297502,24000;            6766021,69000;                  0,00000;                  0,00000;                  0,00000;                  0,00000;
321.001.001;;Açýlýþ hareketi;            2144399,00000;             144675,79000;            2144399,00000;                  0,00000;                  0,00000;                  0,00000;                  0,00000;
321.001.001;YOLCU TAÞIMACILIÐI;Açýlýþ hareketi;           -2144399,00000;            -160882,21172;           -2144399,00000;                  0,00000;                  0,00000;                  0,00000;                  0,00000;
321.001.002;;Açýlýþ hareketi;            1008000,00000;              68006,56000;            1008000,00000;                  0,00000;                  0,00000;                  0,00000;                  0,00000;
321.001.002;YOLCU TAÞIMACILIÐI;Açýlýþ hareketi;           -1008000,00000;             -75624,57799;           -1008000,00000;                  0,00000;                  0,00000;                  0,00000;                  0,00000;
321.001.003;;Açýlýþ hareketi;             263027,87000;              17745,65000;             263027,87000;                  0,00000;                  0,00000;                  0,00000;                  0,00000;
321.001.003;YOLCU TAÞIMACILIÐI;Açýlýþ hareketi;            -263027,87000;             -19733,50364;            -263027,87000;                  0,00000;                  0,00000;                  0,00000;                  0,00000;
321.050.001;;Açýlýþ hareketi;              13000,00000;                474,85636;              13000,00000;                  0,00000;                  0,00000;                  0,00000;                  0,00000;
321.050.001;ERZURUM OTOGAR;Açýlýþ hareketi;             -13000,00000;               -975,31698;             -13000,00000;                  0,00000;                  0,00000;                  0,00000;                  0,00000;
329.001.003;;Açýlýþ hareketi;               4200,00000;                153,41513;               4200,00000;                  0,00000;                  0,00000;                  0,00000;                  0,00000;
329.001.003;YOLCU TAÞIMACILIÐI;Açýlýþ hareketi;              -4200,00000;               -249,31219;              -4200,00000;                  0,00000;                  0,00000;                  0,00000;                  0,00000;
329.001.004;;Açýlýþ hareketi;               4200,00000;                153,41513;               4200,00000;                  0,00000;                  0,00000;                  0,00000;                  0,00000;
329.001.004;YOLCU TAÞIMACILIÐI;Açýlýþ hareketi;              -4200,00000;               -249,31219;              -4200,00000;                  0,00000;                  0,00000;                  0,00000;                  0,00000;
329.001.005;;Açýlýþ hareketi;              27500,00000;                652,54501;              27500,00000;                  0,00000;                  0,00000;                  0,00000;                  0,00000;
329.001.005;AKARYAKIT ÝSTASYONU;Açýlýþ hareketi;              10000,00000;                303,18000;              10000,00000;                  0,00000;                  0,00000;                  0,00000;                  0,00000;
329.001.005;YOLCU TAÞIMACILIÐI;Açýlýþ hareketi;              57500,00000;               3308,98000;              57500,00000;                  0,00000;                  0,00000;                  0,00000;                  0,00000;
329.001.006;;Açýlýþ hareketi;             257500,00000;               7733,30712;             257500,00000;                  0,00000;                  0,00000;                  0,00000;                  0,00000;
329.001.006;AKARYAKIT ÝSTASYONU;Açýlýþ hareketi;             141000,00000;               4274,89000;             141000,00000;                  0,00000;                  0,00000;                  0,00000;                  0,00000;
329.001.006;ERZURUM AVM;Açýlýþ hareketi;            -177500,00000;              -5312,25000;            -177500,00000;                  0,00000;                  0,00000;                  0,00000;                  0,00000;
329.001.006;YOLCU TAÞIMACILIÐI;Açýlýþ hareketi;             -75000,00000;              -6550,06000;             -75000,00000;                  0,00000;                  0,00000;                  0,00000;                  0,00000;
329.001.010;YOLCU TAÞIMACILIÐI;Açýlýþ hareketi;               2978,00000;                 90,29000;               2978,00000;                  0,00000;                  0,00000;                  0,00000;                  0,00000;
329.001.011;YOLCU TAÞIMACILIÐI;Açýlýþ hareketi;             216112,96000;               6552,19000;             216112,96000;                  0,00000;                  0,00000;                  0,00000;                  0,00000;
329.001.012;YOLCU TAÞIMACILIÐI;Açýlýþ hareketi;              50000,00000;               1515,92000;              50000,00000;                  0,00000;                  0,00000;                  0,00000;                  0,00000;
329.001.040;;Açýlýþ hareketi;              11000,00000;                401,80153;              11000,00000;                  0,00000;                  0,00000;                  0,00000;                  0,00000;
329.001.040;YOLCU TAÞIMACILIÐI;Açýlýþ hareketi;             -11000,00000;               -469,37000;             -11000,00000;                  0,00000;                  0,00000;                  0,00000;                  0,00000;
329.001.041;;Açýlýþ hareketi;               7083,33000;                258,73571;               7083,33000;                  0,00000;                  0,00000;                  0,00000;                  0,00000;
329.001.041;YOLCU TAÞIMACILIÐI;Açýlýþ hareketi;              -7083,33000;               -264,60000;              -7083,33000;                  0,00000;                  0,00000;                  0,00000;                  0,00000;
329.001.042;AKARYAKIT ÝSTASYONU;Açýlýþ hareketi;              11416,67000;                330,68000;              11416,67000;                  0,00000;                  0,00000;                  0,00000;                  0,00000;
329.001.042;YOLCU TAÞIMACILIÐI;Açýlýþ hareketi;                216,67000;                 21,33000;                216,67000;                  0,00000;                  0,00000;                  0,00000;                  0,00000;
329.001.043;ERZURUM AVM;Açýlýþ hareketi;             -63000,00000;              -1969,64000;             -63000,00000;                  0,00000;                  0,00000;                  0,00000;                  0,00000;
329.001.043;YOLCU TAÞIMACILIÐI;Açýlýþ hareketi;              63000,00000;               1910,06000;              63000,00000;                  0,00000;                  0,00000;                  0,00000;                  0,00000;
329.001.044;AKARYAKIT ÝSTASYONU;Açýlýþ hareketi;              -1000,00000;                -30,32000;              -1000,00000;                  0,00000;                  0,00000;                  0,00000;                  0,00000;
329.001.044;YOLCU TAÞIMACILIÐI;Açýlýþ hareketi;               1000,00000;                 30,32000;               1000,00000;                  0,00000;                  0,00000;                  0,00000;                  0,00000;
329.050.001;AKARYAKIT ÝSTASYONU;Açýlýþ hareketi;            1021999,72000;              30985,36000;            1021999,72000;                  0,00000;                  0,00000;                  0,00000;                  0,00000;
329.050.001;ERZURUM AVM;Açýlýþ hareketi;              27415,00000;               1466,18000;              27415,00000;                  0,00000;                  0,00000;                  0,00000;                  0,00000;
329.050.001;ERZURUM OTOGAR;Açýlýþ hareketi;          -31282792,89000;           -1195720,28368;          -31282792,89000;                  0,00000;                  0,00000;                  0,00000;                  0,00000;
329.050.001;YOLCU TAÞIMACILIÐI;Açýlýþ hareketi;           16594011,17000;             596601,27000;           16594011,17000;                  0,00000;                  0,00000;                  0,00000;                  0,00000;
329.100.001;ERZURUM AVM;Açýlýþ hareketi;           -6146609,93000;            -863882,12998;           -6146609,93000;                  0,00000;                  0,00000;                  0,00000;                  0,00000;
329.100.001;YOLCU TAÞIMACILIÐI;Açýlýþ hareketi;            6146609,93000;             239681,89000;            6146609,93000;                  0,00000;                  0,00000;                  0,00000;                  0,00000;
329.100.002;ERZURUM AVM;Açýlýþ hareketi;           -1328093,00000;             -43855,59000;           -1328093,00000;                  0,00000;                  0,00000;                  0,00000;                  0,00000;
329.100.002;YOLCU TAÞIMACILIÐI;Açýlýþ hareketi;            -950000,00000;             -28802,45000;            -950000,00000;                  0,00000;                  0,00000;                  0,00000;                  0,00000;
329.100.003;YOLCU TAÞIMACILIÐI;Açýlýþ hareketi;              61097,00000;               1852,36000;              61097,00000;                  0,00000;                  0,00000;                  0,00000;                  0,00000;
331.001.001;;Açýlýþ hareketi;          -44987499,44000;           -1363947,79810;          -44987499,44000;                  0,00000;                  0,00000;                  0,00000;                  0,00000;
331.001.001;AKARYAKIT ÝSTASYONU;Açýlýþ hareketi;          -35236054,62000;           -1068299,90000;          -35236054,62000;                  0,00000;                  0,00000;                  0,00000;                  0,00000;
331.001.001;YOLCU TAÞIMACILIÐI;Açýlýþ hareketi;           80223554,06000;            2432247,70000;           80223554,06000;                  0,00000;                  0,00000;                  0,00000;                  0,00000;
331.001.002;;Açýlýþ hareketi;            2307443,80000;              76250,38855;            2307443,80000;                  0,00000;                  0,00000;                  0,00000;                  0,00000;
331.001.002;AKARYAKIT ÝSTASYONU;Açýlýþ hareketi;              70200,00000;               2128,35000;              70200,00000;                  0,00000;                  0,00000;                  0,00000;                  0,00000;
331.001.002;ERZURUM OTOGAR;Açýlýþ hareketi;            -230938,80000;             -14109,08000;            -230938,80000;                  0,00000;                  0,00000;                  0,00000;                  0,00000;
331.001.002;YOLCU TAÞIMACILIÐI;Açýlýþ hareketi;           -2146705,00000;             -66830,98000;           -2146705,00000;                  0,00000;                  0,00000;                  0,00000;                  0,00000;
331.001.003;;Açýlýþ hareketi;            -600000,00000;             -31076,81152;            -600000,00000;                  0,00000;                  0,00000;                  0,00000;                  0,00000;
331.001.003;ERZURUM AVM;Açýlýþ hareketi;             600000,00000;              30667,16000;             600000,00000;                  0,00000;                  0,00000;                  0,00000;                  0,00000;
331.001.004;;Açýlýþ hareketi;          220359834,11000;            6680951,69692;          220359834,11000;                  0,00000;                  0,00000;                  0,00000;                  0,00000;
331.001.004;AKARYAKIT ÝSTASYONU;Açýlýþ hareketi;         -115989880,11000;           -3516624,48000;         -115989880,11000;                  0,00000;                  0,00000;                  0,00000;                  0,00000;
331.001.004;YOLCU TAÞIMACILIÐI;Açýlýþ hareketi;         -104369954,00000;           -3164327,21000;         -104369954,00000;                  0,00000;                  0,00000;                  0,00000;                  0,00000;
335.001.001;;Açýlýþ hareketi;          -13765984,00000;            -424414,94414;          -13765984,00000;                  0,00000;                  0,00000;                  0,00000;                  0,00000;
335.001.001;AKARYAKIT ÝSTASYONU;Açýlýþ hareketi;            1849520,00000;              56074,44000;            1849520,00000;                  0,00000;                  0,00000;                  0,00000;                  0,00000;
335.001.001;ERZURUM AVM;Açýlýþ hareketi;              21225,40000;               1137,56000;              21225,40000;                  0,00000;                  0,00000;                  0,00000;                  0,00000;
335.001.001;YOLCU TAÞIMACILIÐI;Açýlýþ hareketi;            5555991,50000;             167650,79966;            5555991,50000;                  0,00000;                  0,00000;                  0,00000;                  0,00000;
335.001.002;;Açýlýþ hareketi;              -6505,11000;              -1234,19105;              -6505,11000;                  0,00000;                  0,00000;                  0,00000;                  0,00000;
335.001.002;YOLCU TAÞIMACILIÐI;Açýlýþ hareketi;             -78913,31000;              -5612,66367;             -78913,31000;                  0,00000;                  0,00000;                  0,00000;                  0,00000;
335.001.003;;Açýlýþ hareketi;             260429,15000;               3644,66427;             260429,15000;                  0,00000;                  0,00000;                  0,00000;                  0,00000;
335.001.003;YOLCU TAÞIMACILIÐI;Açýlýþ hareketi;             117275,21000;             -11017,52928;             117275,21000;                  0,00000;                  0,00000;                  0,00000;                  0,00000;
335.001.004;;Açýlýþ hareketi;            -323558,31000;             -12015,18593;            -323558,31000;                  0,00000;                  0,00000;                  0,00000;                  0,00000;
335.001.004;YOLCU TAÞIMACILIÐI;Açýlýþ hareketi;             318594,95000;              12386,70005;             318594,95000;                  0,00000;                  0,00000;                  0,00000;                  0,00000;
335.001.005;;Açýlýþ hareketi;            -929218,51000;             -42341,32484;            -929218,51000;                  0,00000;                  0,00000;                  0,00000;                  0,00000;
335.001.005;AKARYAKIT ÝSTASYONU;Açýlýþ hareketi;            -135461,47000;              -8569,45000;            -135461,47000;                  0,00000;                  0,00000;                  0,00000;                  0,00000;
335.001.005;YOLCU TAÞIMACILIÐI;Açýlýþ hareketi;             638874,63000;              29403,81549;             638874,63000;                  0,00000;                  0,00000;                  0,00000;                  0,00000;
335.001.006;;Açýlýþ hareketi;             -19560,67000;               -972,47000;             -19560,67000;                  0,00000;                  0,00000;                  0,00000;                  0,00000;
335.001.007;;Açýlýþ hareketi;            -220206,24000;              -9362,89000;            -220206,24000;                  0,00000;                  0,00000;                  0,00000;                  0,00000;
335.001.007;AKARYAKIT ÝSTASYONU;Açýlýþ hareketi;             353674,72000;              10722,88000;             353674,72000;                  0,00000;                  0,00000;                  0,00000;                  0,00000;
335.001.007;ERZURUM AVM;Açýlýþ hareketi;              85174,26000;               4756,69000;              85174,26000;                  0,00000;                  0,00000;                  0,00000;                  0,00000;
335.001.007;GES PROJESÝ SORGUN;Açýlýþ hareketi;             -44888,34000;              -2660,33000;             -44888,34000;                  0,00000;                  0,00000;                  0,00000;                  0,00000;
335.001.007;YOLCU TAÞIMACILIÐI;Açýlýþ hareketi;             200636,50000;               6082,99000;             200636,50000;                  0,00000;                  0,00000;                  0,00000;                  0,00000;
335.002.001;;Açýlýþ hareketi;            -830827,58000;             -30730,45893;            -830827,58000;                  0,00000;                  0,00000;                  0,00000;                  0,00000;
335.002.001;AKARYAKIT ÝSTASYONU;Açýlýþ hareketi;             102000,00000;               3092,47000;             102000,00000;                  0,00000;                  0,00000;                  0,00000;                  0,00000;
335.002.001;YOLCU TAÞIMACILIÐI;Açýlýþ hareketi;            2029248,27000;              73734,45000;            2029248,27000;                  0,00000;                  0,00000;                  0,00000;                  0,00000;
335.002.002;;Açýlýþ hareketi;             -68398,58000;              -2032,48484;             -68398,58000;                  0,00000;                  0,00000;                  0,00000;                  0,00000;
335.002.002;YOLCU TAÞIMACILIÐI;Açýlýþ hareketi;              68398,58000;               2355,44488;              68398,58000;                  0,00000;                  0,00000;                  0,00000;                  0,00000;
335.002.003;;Açýlýþ hareketi;            -385440,37000;             -17905,23702;            -385440,37000;                  0,00000;                  0,00000;                  0,00000;                  0,00000;
335.002.003;AKARYAKIT ÝSTASYONU;Açýlýþ hareketi;              35000,00000;               1061,14000;              35000,00000;                  0,00000;                  0,00000;                  0,00000;                  0,00000;
335.002.003;YOLCU TAÞIMACILIÐI;Açýlýþ hareketi;             495440,37000;              22743,46972;             495440,37000;                  0,00000;                  0,00000;                  0,00000;                  0,00000;
335.002.004;;Açýlýþ hareketi;              18118,62000;               1068,16454;              18118,62000;                  0,00000;                  0,00000;                  0,00000;                  0,00000;
335.002.004;YOLCU TAÞIMACILIÐI;Açýlýþ hareketi;             -18118,62000;              -1359,33828;             -18118,62000;                  0,00000;                  0,00000;                  0,00000;                  0,00000;
335.002.005;;Açýlýþ hareketi;               5355,59000;                289,43190;               5355,59000;                  0,00000;                  0,00000;                  0,00000;                  0,00000;
335.002.005;YOLCU TAÞIMACILIÐI;Açýlýþ hareketi;              -5355,59000;               -401,79983;              -5355,59000;                  0,00000;                  0,00000;                  0,00000;                  0,00000;
335.050.001;;Açýlýþ hareketi;           -1783630,28000;             -57662,39000;           -1783630,28000;                  0,00000;                  0,00000;                  0,00000;                  0,00000;
335.050.001;ERZURUM OTOGAR;Açýlýþ hareketi;             707692,19000;              13070,71724;             707692,19000;                  0,00000;                  0,00000;                  0,00000;                  0,00000;
335.050.001;YOLCU TAÞIMACILIÐI;Açýlýþ hareketi;             134023,20000;               4998,34000;             134023,20000;                  0,00000;                  0,00000;                  0,00000;                  0,00000;
335.051.001;;Açýlýþ hareketi;            -397672,03000;             -13508,70739;            -397672,03000;                  0,00000;                  0,00000;                  0,00000;                  0,00000;
335.051.001;ERZURUM OTOGAR;Açýlýþ hareketi;             802168,87000;              13190,24228;             802168,87000;                  0,00000;                  0,00000;                  0,00000;                  0,00000;
335.051.001;YOLCU TAÞIMACILIÐI;Açýlýþ hareketi;             530550,34000;              19702,33000;             530550,34000;                  0,00000;                  0,00000;                  0,00000;                  0,00000;
335.051.002;;Açýlýþ hareketi;            -665853,85000;             -23341,74671;            -665853,85000;                  0,00000;                  0,00000;                  0,00000;                  0,00000;
335.051.002;ERZURUM OTOGAR;Açýlýþ hareketi;            1185853,85000;              44936,34000;            1185853,85000;                  0,00000;                  0,00000;                  0,00000;                  0,00000;
335.100.001;;Açýlýþ hareketi;            -194390,90000;              -6029,94000;            -194390,90000;                  0,00000;                  0,00000;                  0,00000;                  0,00000;
335.100.001;ERZURUM AVM;Açýlýþ hareketi;            -713599,39000;             -48408,14115;            -713599,39000;                  0,00000;                  0,00000;                  0,00000;                  0,00000;
335.100.001;GES PROJESÝ ERZURUM;Açýlýþ hareketi;            -141959,76000;              -6497,91000;            -141959,76000;                  0,00000;                  0,00000;                  0,00000;                  0,00000;
335.101.001;;Açýlýþ hareketi;            -241722,03000;              -8829,48018;            -241722,03000;                  0,00000;                  0,00000;                  0,00000;                  0,00000;
335.101.001;ERZURUM AVM;Açýlýþ hareketi;             241722,03000;               2087,01413;             241722,03000;                  0,00000;                  0,00000;                  0,00000;                  0,00000;
336.050.001;ERZURUM OTOGAR;Açýlýþ hareketi;            -290153,01000;             -14133,12263;            -290153,01000;                  0,00000;                  0,00000;                  0,00000;                  0,00000;
340.001.003;YOLCU TAÞIMACILIÐI;Açýlýþ hareketi;             -13000,00000;               -975,31698;             -13000,00000;                  0,00000;                  0,00000;                  0,00000;                  0,00000;
340.001.010;YOLCU TAÞIMACILIÐI;Açýlýþ hareketi;             -85000,00000;              -6377,07255;             -85000,00000;                  0,00000;                  0,00000;                  0,00000;                  0,00000;
340.001.017;;Açýlýþ hareketi;            -785000,00000;             -29430,25647;            -785000,00000;                  0,00000;                  0,00000;                  0,00000;                  0,00000;
340.001.017;ERZURUM AVM;Açýlýþ hareketi;             785000,00000;              47752,30000;             785000,00000;                  0,00000;                  0,00000;                  0,00000;                  0,00000;
340.001.018;;Açýlýþ hareketi;            3050000,00000;              90513,85958;            3050000,00000;                  0,00000;                  0,00000;                  0,00000;                  0,00000;
340.001.018;YOLCU TAÞIMACILIÐI;Açýlýþ hareketi;           -3050000,00000;            -126429,90000;           -3050000,00000;                  0,00000;                  0,00000;                  0,00000;                  0,00000;
340.001.019;;Açýlýþ hareketi;         -500971475,14000;          -15447135,43909;         -500971475,14000;                  0,00000;                  0,00000;                  0,00000;                  0,00000;
340.001.019;YOLCU TAÞIMACILIÐI;Açýlýþ hareketi;          -65270074,94000;           -1978882,48000;          -65270074,94000;                  0,00000;                  0,00000;                  0,00000;                  0,00000;
340.001.020;YOLCU TAÞIMACILIÐI;Açýlýþ hareketi;             -10000,00000;               -330,92000;             -10000,00000;                  0,00000;                  0,00000;                  0,00000;                  0,00000;
340.001.021;YOLCU TAÞIMACILIÐI;Açýlýþ hareketi;             -30000,00000;               -992,77000;             -30000,00000;                  0,00000;                  0,00000;                  0,00000;                  0,00000;
340.001.022;YOLCU TAÞIMACILIÐI;Açýlýþ hareketi;             -50000,00000;              -1654,60000;             -50000,00000;                  0,00000;                  0,00000;                  0,00000;                  0,00000;
340.001.023;YOLCU TAÞIMACILIÐI;Açýlýþ hareketi;             -60000,00000;              -1985,54000;             -60000,00000;                  0,00000;                  0,00000;                  0,00000;                  0,00000;
340.001.024;YOLCU TAÞIMACILIÐI;Açýlýþ hareketi;             -20000,00000;               -656,83000;             -20000,00000;                  0,00000;                  0,00000;                  0,00000;                  0,00000;
340.001.025;AKARYAKIT ÝSTASYONU;Açýlýþ hareketi;              10000,00000;                303,18000;              10000,00000;                  0,00000;                  0,00000;                  0,00000;                  0,00000;
340.001.025;YOLCU TAÞIMACILIÐI;Açýlýþ hareketi;             -10000,00000;               -325,91000;             -10000,00000;                  0,00000;                  0,00000;                  0,00000;                  0,00000;
340.001.027;;Açýlýþ hareketi;           -5996710,00000;            -181810,49317;           -5996710,00000;                  0,00000;                  0,00000;                  0,00000;                  0,00000;
340.001.099;;Açýlýþ hareketi;            -746118,24000;             -25345,23986;            -746118,24000;                  0,00000;                  0,00000;                  0,00000;                  0,00000;
340.050.009;ERZURUM OTOGAR;Açýlýþ hareketi;            -144512,93000;             -10841,99340;            -144512,93000;                  0,00000;                  0,00000;                  0,00000;                  0,00000;
340.050.016;ERZURUM OTOGAR;Açýlýþ hareketi;             -20959,65000;              -1572,48481;             -20959,65000;                  0,00000;                  0,00000;                  0,00000;                  0,00000;
340.050.025;AKARYAKIT ÝSTASYONU;Açýlýþ hareketi;           21000000,00000;             636685,84000;           21000000,00000;                  0,00000;                  0,00000;                  0,00000;                  0,00000;
340.050.025;YOLCU TAÞIMACILIÐI;Açýlýþ hareketi;          -21000000,00000;            -694938,53000;          -21000000,00000;                  0,00000;                  0,00000;                  0,00000;                  0,00000;
340.100.001;ERZURUM AVM;Açýlýþ hareketi;                 -0,02000;                 -0,00150;                 -0,02000;                  0,00000;                  0,00000;                  0,00000;                  0,00000;
340.100.005;ERZURUM AVM;Açýlýþ hareketi;             -33997,01000;              -2550,60470;             -33997,01000;                  0,00000;                  0,00000;                  0,00000;                  0,00000;
340.100.006;ERZURUM AVM;Açýlýþ hareketi;              -5665,52000;               -425,05214;              -5665,52000;                  0,00000;                  0,00000;                  0,00000;                  0,00000;
340.100.008;ERZURUM AVM;Açýlýþ hareketi;             -10341,24000;               -775,84515;             -10341,24000;                  0,00000;                  0,00000;                  0,00000;                  0,00000;
340.100.010;ERZURUM AVM;Açýlýþ hareketi;               -200,10000;                 -6,79750;               -200,10000;                  0,00000;                  0,00000;                  0,00000;                  0,00000;
340.100.012;ERZURUM AVM;Açýlýþ hareketi;             -13279,94000;               -996,31930;             -13279,94000;                  0,00000;                  0,00000;                  0,00000;                  0,00000;
340.100.013;ERZURUM AVM;Açýlýþ hareketi;                 -0,84000;                 -0,06302;                 -0,84000;                  0,00000;                  0,00000;                  0,00000;                  0,00000;
340.100.015;ERZURUM AVM;Açýlýþ hareketi;              -7900,24000;               -592,71063;              -7900,24000;                  0,00000;                  0,00000;                  0,00000;                  0,00000;
340.100.016;ERZURUM AVM;Açýlýþ hareketi;                -20,76000;                 -1,55751;                -20,76000;                  0,00000;                  0,00000;                  0,00000;                  0,00000;
340.100.018;ERZURUM AVM;Açýlýþ hareketi;             -65000,00000;              -4876,58489;             -65000,00000;                  0,00000;                  0,00000;                  0,00000;                  0,00000;
340.100.022;ERZURUM AVM;Açýlýþ hareketi;             -26999,66000;              -2025,63283;             -26999,66000;                  0,00000;                  0,00000;                  0,00000;                  0,00000;
340.100.023;ERZURUM AVM;Açýlýþ hareketi;             -55650,00000;              -4175,10691;             -55650,00000;                  0,00000;                  0,00000;                  0,00000;                  0,00000;
340.100.025;ERZURUM AVM;Açýlýþ hareketi;              -2000,00000;               -150,04877;              -2000,00000;                  0,00000;                  0,00000;                  0,00000;                  0,00000;
340.100.026;ERZURUM AVM;Açýlýþ hareketi;              -3395,82000;               -254,76930;              -3395,82000;                  0,00000;                  0,00000;                  0,00000;                  0,00000;
340.100.027;ERZURUM AVM;Açýlýþ hareketi;                 -0,70000;                 -0,05252;                 -0,70000;                  0,00000;                  0,00000;                  0,00000;                  0,00000;
340.100.028;ERZURUM AVM;Açýlýþ hareketi;              -1180,00000;                -88,52877;              -1180,00000;                  0,00000;                  0,00000;                  0,00000;                  0,00000;
340.100.031;ERZURUM AVM;Açýlýþ hareketi;               7780,48000;                301,30000;               7780,48000;                  0,00000;                  0,00000;                  0,00000;                  0,00000;
340.100.033;ERZURUM AVM;Açýlýþ hareketi;                 -8,77000;                 -0,60681;                 -8,77000;                  0,00000;                  0,00000;                  0,00000;                  0,00000;
340.100.034;ERZURUM AVM;Açýlýþ hareketi;                -41,61000;                 -3,12176;                -41,61000;                  0,00000;                  0,00000;                  0,00000;                  0,00000;
340.100.035;ERZURUM AVM;Açýlýþ hareketi;              -1499,92000;                -50,95000;              -1499,92000;                  0,00000;                  0,00000;                  0,00000;                  0,00000;
340.100.036;ERZURUM AVM;Açýlýþ hareketi;                 -0,86000;                 -0,06452;                 -0,86000;                  0,00000;                  0,00000;                  0,00000;                  0,00000;
340.100.037;ERZURUM AVM;Açýlýþ hareketi;             -69752,35000;              -2369,45000;             -69752,35000;                  0,00000;                  0,00000;                  0,00000;                  0,00000;
340.100.039;ERZURUM AVM;Açýlýþ hareketi;                 -7,53000;                 -0,51000;                 -7,53000;                  0,00000;                  0,00000;                  0,00000;                  0,00000;
340.100.040;ERZURUM AVM;Açýlýþ hareketi;              -1740,86000;               -100,13470;              -1740,86000;                  0,00000;                  0,00000;                  0,00000;                  0,00000;
340.100.042;ERZURUM AVM;Açýlýþ hareketi;                 -1,76000;                 -0,13204;                 -1,76000;                  0,00000;                  0,00000;                  0,00000;                  0,00000;
340.100.049;ERZURUM AVM;Açýlýþ hareketi;             -24528,90000;              -1757,13737;             -24528,90000;                  0,00000;                  0,00000;                  0,00000;                  0,00000;
340.100.050;ERZURUM AVM;Açýlýþ hareketi;              -1168,23000;                -87,64573;              -1168,23000;                  0,00000;                  0,00000;                  0,00000;                  0,00000;
340.100.051;ERZURUM AVM;Açýlýþ hareketi;              24981,50000;               1691,57205;              24981,50000;                  0,00000;                  0,00000;                  0,00000;                  0,00000;
340.100.053;ERZURUM AVM;Açýlýþ hareketi;              -3540,00000;               -265,58632;              -3540,00000;                  0,00000;                  0,00000;                  0,00000;                  0,00000;
340.100.055;ERZURUM AVM;Açýlýþ hareketi;                 -0,62000;                 -0,04652;                 -0,62000;                  0,00000;                  0,00000;                  0,00000;                  0,00000;
340.100.056;;Açýlýþ hareketi;              -4427,53000;               -298,71000;              -4427,53000;                  0,00000;                  0,00000;                  0,00000;                  0,00000;
340.100.059;ERZURUM AVM;Açýlýþ hareketi;            -101940,46000;              -7648,02011;            -101940,46000;                  0,00000;                  0,00000;                  0,00000;                  0,00000;
340.100.061;ERZURUM AVM;Açýlýþ hareketi;             -17496,29000;              -1312,64836;             -17496,29000;                  0,00000;                  0,00000;                  0,00000;                  0,00000;
340.100.063;ERZURUM AVM;Açýlýþ hareketi;              -3000,00000;               -225,07315;              -3000,00000;                  0,00000;                  0,00000;                  0,00000;                  0,00000;
340.100.064;ERZURUM AVM;Açýlýþ hareketi;               -994,61000;                -74,62000;               -994,61000;                  0,00000;                  0,00000;                  0,00000;                  0,00000;
340.100.065;ERZURUM AVM;Açýlýþ hareketi;              -1076,95000;                -80,79751;              -1076,95000;                  0,00000;                  0,00000;                  0,00000;                  0,00000;
340.100.066;ERZURUM AVM;Açýlýþ hareketi;               -150,00000;                -11,25366;               -150,00000;                  0,00000;                  0,00000;                  0,00000;                  0,00000;
340.100.068;ERZURUM AVM;Açýlýþ hareketi;                -94,56000;                 -7,09431;                -94,56000;                  0,00000;                  0,00000;                  0,00000;                  0,00000;
340.100.069;ERZURUM AVM;Açýlýþ hareketi;              -9130,00000;               -684,97262;              -9130,00000;                  0,00000;                  0,00000;                  0,00000;                  0,00000;
340.100.070;ERZURUM AVM;Açýlýþ hareketi;               -150,00000;                -11,25366;               -150,00000;                  0,00000;                  0,00000;                  0,00000;                  0,00000;
340.100.072;ERZURUM AVM;Açýlýþ hareketi;              81106,36000;               3140,85000;              81106,36000;                  0,00000;                  0,00000;                  0,00000;                  0,00000;
340.100.073;ERZURUM AVM;Açýlýþ hareketi;            -142403,28000;              -4837,36000;            -142403,28000;                  0,00000;                  0,00000;                  0,00000;                  0,00000;
340.100.074;ERZURUM AVM;Açýlýþ hareketi;              -3837,44000;               -130,36000;              -3837,44000;                  0,00000;                  0,00000;                  0,00000;                  0,00000;
340.100.075;ERZURUM AVM;Açýlýþ hareketi;              -2937,91000;                -99,80000;              -2937,91000;                  0,00000;                  0,00000;                  0,00000;                  0,00000;
340.100.076;ERZURUM AVM;Açýlýþ hareketi;            -300000,00000;             -10190,84000;            -300000,00000;                  0,00000;                  0,00000;                  0,00000;                  0,00000;
340.1000;;Açýlýþ hareketi;          -23559706,82000;            -719435,10342;          -23559706,82000;                  0,00000;                  0,00000;                  0,00000;                  0,00000;
349.050.001;;Açýlýþ hareketi;           -1945089,32000;             -70990,75784;           -1945089,32000;                  0,00000;                  0,00000;                  0,00000;                  0,00000;
349.050.001;ERZURUM OTOGAR;Açýlýþ hareketi;            4945089,32000;             149927,06000;            4945089,32000;                  0,00000;                  0,00000;                  0,00000;                  0,00000;
349.050.001;YOLCU TAÞIMACILIÐI;Açýlýþ hareketi;           -3000000,00000;            -101908,40000;           -3000000,00000;                  0,00000;                  0,00000;                  0,00000;                  0,00000;
349.050.099;;Açýlýþ hareketi;            -139246,56000;              -4730,13160;            -139246,56000;                  0,00000;                  0,00000;                  0,00000;                  0,00000;
349.054.001;ERZURUM OTOGAR;Açýlýþ hareketi;             -20000,00000;              -1500,48766;             -20000,00000;                  0,00000;                  0,00000;                  0,00000;                  0,00000;
349.054.002;ERZURUM OTOGAR;Açýlýþ hareketi;             -20000,00000;              -1500,48766;             -20000,00000;                  0,00000;                  0,00000;                  0,00000;                  0,00000;
349.054.003;ERZURUM OTOGAR;Açýlýþ hareketi;             -14400,00000;              -1080,35111;             -14400,00000;                  0,00000;                  0,00000;                  0,00000;                  0,00000;
360.001.001;;Açýlýþ hareketi;             -57702,76000;              -1758,45714;             -57702,76000;                  0,00000;                  0,00000;                  0,00000;                  0,00000;
360.001.001;AKARYAKIT ÝSTASYONU;Açýlýþ hareketi;              -2191,85000;               -143,78000;              -2191,85000;                  0,00000;                  0,00000;                  0,00000;                  0,00000;
360.001.001;YOLCU TAÞIMACILIÐI;Açýlýþ hareketi;               4526,07000;                182,87505;               4526,07000;                  0,00000;                  0,00000;                  0,00000;                  0,00000;
360.001.002;;Açýlýþ hareketi;              -1651,05000;                -57,49744;              -1651,05000;                  0,00000;                  0,00000;                  0,00000;                  0,00000;
360.001.002;AKARYAKIT ÝSTASYONU;Açýlýþ hareketi;               -138,11000;                 -8,99000;               -138,11000;                  0,00000;                  0,00000;                  0,00000;                  0,00000;
360.001.002;YOLCU TAÞIMACILIÐI;Açýlýþ hareketi;                594,82000;                 28,58576;                594,82000;                  0,00000;                  0,00000;                  0,00000;                  0,00000;
360.001.005;;Açýlýþ hareketi;              86055,84000;               3576,28838;              86055,84000;                  0,00000;                  0,00000;                  0,00000;                  0,00000;
360.001.005;AKARYAKIT ÝSTASYONU;Açýlýþ hareketi;              -1766,67000;                -56,88000;              -1766,67000;                  0,00000;                  0,00000;                  0,00000;                  0,00000;
360.001.005;YOLCU TAÞIMACILIÐI;Açýlýþ hareketi;             -90289,17000;              -3791,81000;             -90289,17000;                  0,00000;                  0,00000;                  0,00000;                  0,00000;
360.001.007;YOLCU TAÞIMACILIÐI;Açýlýþ hareketi;               -300,00000;                -30,37610;               -300,00000;                  0,00000;                  0,00000;                  0,00000;                  0,00000;
360.002.001;;Açýlýþ hareketi;           26417170,61000;             841547,66140;           26417170,61000;                  0,00000;                  0,00000;                  0,00000;                  0,00000;
360.002.001;AKARYAKIT ÝSTASYONU;Açýlýþ hareketi;            1867502,34000;              56619,63000;            1867502,34000;                  0,00000;                  0,00000;                  0,00000;                  0,00000;
360.002.001;ERZURUM AVM;Açýlýþ hareketi;           -1002810,89000;             -62570,13000;           -1002810,89000;                  0,00000;                  0,00000;                  0,00000;                  0,00000;
360.002.001;ERZURUM OTOGAR;Açýlýþ hareketi;            -457843,16000;             -27034,70000;            -457843,16000;                  0,00000;                  0,00000;                  0,00000;                  0,00000;
360.002.001;GES PROJESÝ SORGUN;Açýlýþ hareketi;            -291500,84000;             -16061,95000;            -291500,84000;                  0,00000;                  0,00000;                  0,00000;                  0,00000;
360.002.001;YOLCU TAÞIMACILIÐI;Açýlýþ hareketi;          -26532518,06000;            -811942,46413;          -26532518,06000;                  0,00000;                  0,00000;                  0,00000;                  0,00000;
360.003.001;;Açýlýþ hareketi;             130041,76000;               4315,33234;             130041,76000;                  0,00000;                  0,00000;                  0,00000;                  0,00000;
360.003.001;AKARYAKIT ÝSTASYONU;Açýlýþ hareketi;              -3821,84000;               -143,77000;              -3821,84000;                  0,00000;             -95546,19000;                  0,00000;                  0,00000;
360.003.001;ERZURUM AVM;Açýlýþ hareketi;               -940,86000;                -50,07000;               -940,86000;                  0,00000;             -10453,95000;                  0,00000;                  0,00000;
360.003.001;ERZURUM OTOGAR;Açýlýþ hareketi;            -123889,73000;              -4306,08000;            -123889,73000;                  0,00000;            -688276,25000;                  0,00000;                  0,00000;
360.003.001;YOLCU TAÞIMACILIÐI;Açýlýþ hareketi;              -1389,33000;                -46,47000;              -1389,33000;                  0,00000;             -24748,67000;                  0,00000;                  0,00000;
360.003.002;;Açýlýþ hareketi;            -100493,69000;              -6002,10672;            -100493,69000;                  0,00000;                  0,00000;                  0,00000;                  0,00000;
360.003.002;ERZURUM AVM;Açýlýþ hareketi;             -44155,53000;              -3312,74000;             -44155,53000;                  0,00000;                  0,00000;                  0,00000;                  0,00000;
360.003.002;ERZURUM OTOGAR;Açýlýþ hareketi;            -262735,22000;              -9315,78000;            -262735,22000;                  0,00000;           -1459640,10000;                  0,00000;                  0,00000;
360.003.002;YOLCU TAÞIMACILIÐI;Açýlýþ hareketi;             407384,44000;              21675,74945;             407384,44000;                  0,00000;              10000,00000;                  0,00000;                  0,00000;
360.003.004;;Açýlýþ hareketi;              60910,63000;               1942,25405;              60910,63000;                  0,00000;                  0,00000;                  0,00000;                  0,00000;
360.003.004;AKARYAKIT ÝSTASYONU;Açýlýþ hareketi;             -72320,17000;              -2601,62000;             -72320,17000;                  0,00000;           -1891835,60000;                  0,00000;                  0,00000;
360.003.004;YOLCU TAÞIMACILIÐI;Açýlýþ hareketi;               8409,50000;                441,96000;               8409,50000;                  0,00000;             -13236,64000;                  0,00000;                  0,00000;
360.003.005;AKARYAKIT ÝSTASYONU;Açýlýþ hareketi;               -250,00000;                 -8,66000;               -250,00000;                  0,00000;              -2500,00000;                  0,00000;                  0,00000;
360.003.005;YOLCU TAÞIMACILIÐI;Açýlýþ hareketi;                250,00000;                  7,93000;                250,00000;                  0,00000;               2500,00000;                  0,00000;                  0,00000;
360.003.006;;Açýlýþ hareketi;            1432105,26000;              43536,16313;            1432105,26000;                  0,00000;                  0,00000;                  0,00000;                  0,00000;
360.003.006;AKARYAKIT ÝSTASYONU;Açýlýþ hareketi;             270000,00000;               8185,96000;             270000,00000;                  0,00000;                  0,00000;                  0,00000;                  0,00000;
360.003.006;ERZURUM AVM;Açýlýþ hareketi;           -1320000,00000;             -41018,54000;           -1320000,00000;                  0,00000;          -22000000,00000;                  0,00000;                  0,00000;
360.003.006;YOLCU TAÞIMACILIÐI;Açýlýþ hareketi;            -382105,26000;             -11266,89000;            -382105,26000;                  0,00000;          -10368421,05000;                  0,00000;                  0,00000;
360.050.001;;Açýlýþ hareketi;              18955,21000;                708,92446;              18955,21000;                  0,00000;                  0,00000;                  0,00000;                  0,00000;
360.050.001;ERZURUM OTOGAR;Açýlýþ hareketi;             -18955,21000;               -844,98042;             -18955,21000;                  0,00000;                  0,00000;                  0,00000;                  0,00000;
360.050.002;;Açýlýþ hareketi;                914,38000;                 34,32332;                914,38000;                  0,00000;                  0,00000;                  0,00000;                  0,00000;
360.050.002;ERZURUM OTOGAR;Açýlýþ hareketi;               -914,38000;                -41,98439;               -914,38000;                  0,00000;                  0,00000;                  0,00000;                  0,00000;
360.051.001;;Açýlýþ hareketi;             119362,41000;               4359,99993;             119362,41000;                  0,00000;                  0,00000;                  0,00000;                  0,00000;
360.051.001;ERZURUM OTOGAR;Açýlýþ hareketi;            -435155,85000;             -20231,23000;            -435155,85000;                  0,00000;                  0,00000;                  0,00000;                  0,00000;
360.051.001;YOLCU TAÞIMACILIÐI;Açýlýþ hareketi;             315793,44000;              14437,90000;             315793,44000;                  0,00000;                  0,00000;                  0,00000;                  0,00000;
360.052.002;;Açýlýþ hareketi;             293140,68000;              12512,24799;             293140,68000;                  0,00000;                  0,00000;                  0,00000;                  0,00000;
360.052.002;ERZURUM AVM;Açýlýþ hareketi;              16718,40000;               1254,29000;              16718,40000;                  0,00000;                  0,00000;                  0,00000;                  0,00000;
360.052.002;ERZURUM OTOGAR;Açýlýþ hareketi;            -417500,27000;             -22774,00000;            -417500,27000;                  0,00000;           -2900562,17000;                  0,00000;                  0,00000;
360.052.002;YOLCU TAÞIMACILIÐI;Açýlýþ hareketi;             107641,19000;               4221,59000;             107641,19000;                  0,00000;                  0,00000;                  0,00000;                  0,00000;
360.100.001;;Açýlýþ hareketi;              50767,22000;               1849,27131;              50767,22000;                  0,00000;                  0,00000;                  0,00000;                  0,00000;
360.100.001;ERZURUM AVM;Açýlýþ hareketi;             -49959,36000;              -2661,71628;             -49959,36000;                  0,00000;                  0,00000;                  0,00000;                  0,00000;
360.100.002;;Açýlýþ hareketi;               2526,20000;                 93,61344;               2526,20000;                  0,00000;                  0,00000;                  0,00000;                  0,00000;
360.100.002;ERZURUM AVM;Açýlýþ hareketi;              -2526,20000;               -135,24643;              -2526,20000;                  0,00000;                  0,00000;                  0,00000;                  0,00000;
360.100.005;;Açýlýþ hareketi;              68294,92000;               2192,87740;              68294,92000;                  0,00000;                  0,00000;                  0,00000;                  0,00000;
360.100.005;ERZURUM AVM;Açýlýþ hareketi;             -68294,92000;              -2538,69000;             -68294,92000;                  0,00000;                  0,00000;                  0,00000;                  0,00000;
360.100.008;;Açýlýþ hareketi;               3215,15000;                117,44111;               3215,15000;                  0,00000;                  0,00000;                  0,00000;                  0,00000;
360.100.008;ERZURUM AVM;Açýlýþ hareketi;              -3215,15000;               -171,96000;              -3215,15000;                  0,00000;                  0,00000;                  0,00000;                  0,00000;
360.100.009;;Açýlýþ hareketi;               9364,06000;                342,04488;               9364,06000;                  0,00000;                  0,00000;                  0,00000;                  0,00000;
360.100.009;ERZURUM AVM;Açýlýþ hareketi;              -9364,06000;               -504,25698;              -9364,06000;                  0,00000;                  0,00000;                  0,00000;                  0,00000;
360.101.001;;Açýlýþ hareketi;             377243,96000;              22325,92673;             377243,96000;                  0,00000;                  0,00000;                  0,00000;                  0,00000;
360.101.001;ERZURUM AVM;Açýlýþ hareketi;            -890500,26000;             -47621,39000;            -890500,26000;                  0,00000;                  0,00000;                  0,00000;                  0,00000;
360.101.001;YOLCU TAÞIMACILIÐI;Açýlýþ hareketi;             513256,30000;              23088,62000;             513256,30000;                  0,00000;                  0,00000;                  0,00000;                  0,00000;
360.102.002;;Açýlýþ hareketi;             -22371,97000;              -1656,29847;             -22371,97000;                  0,00000;                  0,00000;                  0,00000;                  0,00000;
360.102.002;ERZURUM AVM;Açýlýþ hareketi;             -15190,97000;              -3460,51000;             -15190,97000;                  0,00000;           -3822743,04000;                  0,00000;                  0,00000;
360.102.002;YOLCU TAÞIMACILIÐI;Açýlýþ hareketi;              37562,94000;               2090,45000;              37562,94000;                  0,00000;                  0,00000;                  0,00000;                  0,00000;
360.102.003;;Açýlýþ hareketi;                175,50000;                  6,41056;                175,50000;                  0,00000;                  0,00000;                  0,00000;                  0,00000;
360.102.003;ERZURUM AVM;Açýlýþ hareketi;               -175,50000;                 -9,16000;               -175,50000;                  0,00000;              -3250,00000;                  0,00000;                  0,00000;
360.150.008;;Açýlýþ hareketi;                219,01000;                  7,99987;                219,01000;                  0,00000;                  0,00000;                  0,00000;                  0,00000;
360.150.008;GES PROJESÝ ERZURUM;Açýlýþ hareketi;               -219,01000;                -16,43109;               -219,01000;                  0,00000;                  0,00000;                  0,00000;                  0,00000;
360.151.001;GES PROJESÝ ERZURUM;Açýlýþ hareketi;             -53401,04000;              -2813,77000;             -53401,04000;                  0,00000;                  0,00000;                  0,00000;                  0,00000;
360.151.001;YOLCU TAÞIMACILIÐI;Açýlýþ hareketi;              53401,04000;               2813,77000;              53401,04000;                  0,00000;                  0,00000;                  0,00000;                  0,00000;
360.200.001;;Açýlýþ hareketi;              68691,84000;               2509,13514;              68691,84000;                  0,00000;                  0,00000;                  0,00000;                  0,00000;
360.200.001;AKARYAKIT ÝSTASYONU;Açýlýþ hareketi;             -45318,81000;              -2411,90000;             -45318,81000;                  0,00000;                  0,00000;                  0,00000;                  0,00000;
360.200.001;GES PROJESÝ SORGUN;Açýlýþ hareketi;           -1022908,86000;             -52339,76000;           -1022908,86000;                  0,00000;                  0,00000;                  0,00000;                  0,00000;
360.200.001;YOLCU TAÞIMACILIÐI;Açýlýþ hareketi;             999535,83000;              51168,25000;             999535,83000;                  0,00000;                  0,00000;                  0,00000;                  0,00000;
361.001.001;;Açýlýþ hareketi;            -355097,88000;             -10441,86820;            -355097,88000;                  0,00000;                  0,00000;                  0,00000;                  0,00000;
361.001.001;AKARYAKIT ÝSTASYONU;Açýlýþ hareketi;             -25795,25000;              -1955,85000;             -25795,25000;                  0,00000;                  0,00000;                  0,00000;                  0,00000;
361.001.001;ERZURUM AVM;Açýlýþ hareketi;             159401,62000;               8437,92000;             159401,62000;                  0,00000;                  0,00000;                  0,00000;                  0,00000;
361.001.001;GES PROJESÝ SORGUN;Açýlýþ hareketi;              22092,52000;                749,39000;              22092,52000;                  0,00000;                  0,00000;                  0,00000;                  0,00000;
361.001.001;YOLCU TAÞIMACILIÐI;Açýlýþ hareketi;              -9813,89000;              -3588,10125;              -9813,89000;                  0,00000;                  0,00000;                  0,00000;                  0,00000;
361.001.002;;Açýlýþ hareketi;            -147150,66000;              -5115,62153;            -147150,66000;                  0,00000;                  0,00000;                  0,00000;                  0,00000;
361.001.002;AKARYAKIT ÝSTASYONU;Açýlýþ hareketi;              -2243,06000;               -170,08000;              -2243,06000;                  0,00000;                  0,00000;                  0,00000;                  0,00000;
361.001.002;ERZURUM AVM;Açýlýþ hareketi;             134336,06000;               7184,40000;             134336,06000;                  0,00000;                  0,00000;                  0,00000;                  0,00000;
361.001.002;GES PROJESÝ SORGUN;Açýlýþ hareketi;               2150,24000;                 72,12000;               2150,24000;                  0,00000;                  0,00000;                  0,00000;                  0,00000;
361.001.002;YOLCU TAÞIMACILIÐI;Açýlýþ hareketi;              -5153,69000;               -535,29510;              -5153,69000;                  0,00000;                  0,00000;                  0,00000;                  0,00000;
361.001.003;;Açýlýþ hareketi;              -9404,52000;               -680,67830;              -9404,52000;                  0,00000;                  0,00000;                  0,00000;                  0,00000;
361.001.003;ERZURUM AVM;Açýlýþ hareketi;              -4141,45000;               -226,72000;              -4141,45000;                  0,00000;                  0,00000;                  0,00000;                  0,00000;
361.001.003;YOLCU TAÞIMACILIÐI;Açýlýþ hareketi;              12148,17000;                534,49428;              12148,17000;                  0,00000;                  0,00000;                  0,00000;                  0,00000;
361.050.001;;Açýlýþ hareketi;             889268,62000;              32446,95330;             889268,62000;                  0,00000;                  0,00000;                  0,00000;                  0,00000;
361.050.001;ERZURUM AVM;Açýlýþ hareketi;              38092,95000;               2150,81000;              38092,95000;                  0,00000;                  0,00000;                  0,00000;                  0,00000;
361.050.001;ERZURUM OTOGAR;Açýlýþ hareketi;           -1010255,92000;             -46372,36576;           -1010255,92000;                  0,00000;                  0,00000;                  0,00000;                  0,00000;
361.050.001;YOLCU TAÞIMACILIÐI;Açýlýþ hareketi;              82894,35000;               4412,18000;              82894,35000;                  0,00000;                  0,00000;                  0,00000;                  0,00000;
361.050.002;;Açýlýþ hareketi;              88111,65000;               3199,57887;              88111,65000;                  0,00000;                  0,00000;                  0,00000;                  0,00000;
361.050.002;ERZURUM OTOGAR;Açýlýþ hareketi;             -96643,38000;              -4314,16072;             -96643,38000;                  0,00000;                  0,00000;                  0,00000;                  0,00000;
361.050.002;YOLCU TAÞIMACILIÐI;Açýlýþ hareketi;               8531,94000;                454,13000;               8531,94000;                  0,00000;                  0,00000;                  0,00000;                  0,00000;
361.050.003;;Açýlýþ hareketi;               3202,56000;                175,14033;               3202,56000;                  0,00000;                  0,00000;                  0,00000;                  0,00000;
361.050.003;ERZURUM OTOGAR;Açýlýþ hareketi;              -3202,56000;               -218,80000;              -3202,56000;                  0,00000;                  0,00000;                  0,00000;                  0,00000;
361.100.001;;Açýlýþ hareketi;             209904,84000;               7721,79359;             209904,84000;                  0,00000;                  0,00000;                  0,00000;                  0,00000;
361.100.001;ERZURUM AVM;Açýlýþ hareketi;            -296820,84000;             -17200,02075;            -296820,84000;                  0,00000;                  0,00000;                  0,00000;                  0,00000;
361.100.001;GES PROJESÝ ERZURUM;Açýlýþ hareketi;             -49268,39000;              -2255,16000;             -49268,39000;                  0,00000;                  0,00000;                  0,00000;                  0,00000;
361.100.001;YOLCU TAÞIMACILIÐI;Açýlýþ hareketi;             136184,39000;               7248,63000;             136184,39000;                  0,00000;                  0,00000;                  0,00000;                  0,00000;
361.100.002;;Açýlýþ hareketi;              22456,30000;                827,02919;              22456,30000;                  0,00000;                  0,00000;                  0,00000;                  0,00000;
361.100.002;ERZURUM AVM;Açýlýþ hareketi;             -31717,22000;              -1805,21105;             -31717,22000;                  0,00000;                  0,00000;                  0,00000;                  0,00000;
361.100.002;GES PROJESÝ ERZURUM;Açýlýþ hareketi;              -5098,34000;               -232,74000;              -5098,34000;                  0,00000;                  0,00000;                  0,00000;                  0,00000;
361.100.002;YOLCU TAÞIMACILIÐI;Açýlýþ hareketi;              14359,26000;                764,29000;              14359,26000;                  0,00000;                  0,00000;                  0,00000;                  0,00000;
361.100.003;;Açýlýþ hareketi;               3202,56000;                116,98123;               3202,56000;                  0,00000;                  0,00000;                  0,00000;                  0,00000;
361.100.003;ERZURUM AVM;Açýlýþ hareketi;              -3202,56000;               -218,36000;              -3202,56000;                  0,00000;                  0,00000;                  0,00000;                  0,00000;
368.001.002;;Açýlýþ hareketi;            -277515,94000;             -10746,80964;            -277515,94000;                  0,00000;                  0,00000;                  0,00000;                  0,00000;
368.001.002;YOLCU TAÞIMACILIÐI;Açýlýþ hareketi;             277515,94000;              15508,97000;             277515,94000;                  0,00000;                  0,00000;                  0,00000;                  0,00000;
368.002.001;;Açýlýþ hareketi;             809541,71000;              53997,77000;             809541,71000;                  0,00000;                  0,00000;                  0,00000;                  0,00000;
368.002.001;YOLCU TAÞIMACILIÐI;Açýlýþ hareketi;            -809541,71000;             -58233,61267;            -809541,71000;                  0,00000;                  0,00000;                  0,00000;                  0,00000;
368.002.003;;Açýlýþ hareketi;             184893,30000;               6258,03372;             184893,30000;                  0,00000;                  0,00000;                  0,00000;                  0,00000;
368.002.003;YOLCU TAÞIMACILIÐI;Açýlýþ hareketi;            -184893,30000;              -8429,69000;            -184893,30000;                  0,00000;                  0,00000;                  0,00000;                  0,00000;
368.100.005;;Açýlýþ hareketi;              -4980,04000;               -266,33651;              -4980,04000;                  0,00000;                  0,00000;                  0,00000;                  0,00000;
368.100.005;ERZURUM AVM;Açýlýþ hareketi;            -272535,90000;             -20809,73024;            -272535,90000;                  0,00000;                  0,00000;                  0,00000;                  0,00000;
368.100.005;YOLCU TAÞIMACILIÐI;Açýlýþ hareketi;             277515,94000;               9611,27000;             277515,94000;                  0,00000;                  0,00000;                  0,00000;                  0,00000;
369.001.001;;Açýlýþ hareketi;            -249707,70000;              -7639,19430;            -249707,70000;                  0,00000;                  0,00000;                  0,00000;                  0,00000;
369.001.001;AKARYAKIT ÝSTASYONU;Açýlýþ hareketi;              43389,56000;               1033,58000;              43389,56000;                  0,00000;                  0,00000;                  0,00000;                  0,00000;
369.001.001;ERZURUM OTOGAR;Açýlýþ hareketi;              -4522,16000;               -156,70000;              -4522,16000;                  0,00000;                  0,00000;                  0,00000;                  0,00000;
369.001.001;YOLCU TAÞIMACILIÐI;Açýlýþ hareketi;               8198,42000;                304,00159;               8198,42000;                  0,00000;                  0,00000;                  0,00000;                  0,00000;
369.002.001;;Açýlýþ hareketi;              22692,00000;                766,43991;              22692,00000;                  0,00000;                  0,00000;                  0,00000;                  0,00000;
369.002.001;AKARYAKIT ÝSTASYONU;Açýlýþ hareketi;               -891,00000;                -52,95000;               -891,00000;                  0,00000;                  0,00000;                  0,00000;                  0,00000;
369.002.001;ERZURUM AVM;Açýlýþ hareketi;              -1050,00000;                -62,99000;              -1050,00000;                  0,00000;                  0,00000;                  0,00000;                  0,00000;
369.002.001;ERZURUM OTOGAR;Açýlýþ hareketi;               -240,00000;                -16,40000;               -240,00000;                  0,00000;                  0,00000;                  0,00000;                  0,00000;
369.002.001;GES PROJESÝ SORGUN;Açýlýþ hareketi;              -1641,00000;                -97,26000;              -1641,00000;                  0,00000;                  0,00000;                  0,00000;                  0,00000;
369.002.001;YOLCU TAÞIMACILIÐI;Açýlýþ hareketi;             -18870,00000;              -1175,78068;             -18870,00000;                  0,00000;                  0,00000;                  0,00000;                  0,00000;
369.050.001;;Açýlýþ hareketi;               7652,74000;                259,95951;               7652,74000;                  0,00000;                  0,00000;                  0,00000;                  0,00000;
369.050.001;ERZURUM OTOGAR;Açýlýþ hareketi;              -2705,99000;               -600,90619;              -2705,99000;                  0,00000;                  0,00000;                  0,00000;                  0,00000;
369.051.001;;Açýlýþ hareketi;                180,00000;                  6,11450;                180,00000;                  0,00000;                  0,00000;                  0,00000;                  0,00000;
369.051.001;ERZURUM OTOGAR;Açýlýþ hareketi;               -180,00000;                 -9,27000;               -180,00000;                  0,00000;                  0,00000;                  0,00000;                  0,00000;
369.101.001;;Açýlýþ hareketi;               2112,00000;                 71,74352;               2112,00000;                  0,00000;                  0,00000;                  0,00000;                  0,00000;
369.101.001;ERZURUM AVM;Açýlýþ hareketi;              -2112,00000;               -117,80000;              -2112,00000;                  0,00000;                  0,00000;                  0,00000;                  0,00000;
380.057.003;ERZURUM OTOGAR;Açýlýþ hareketi;             -14538,00000;              -1691,79735;             -14538,00000;                  0,00000;                  0,00000;                  0,00000;                  0,00000;
380.060.001;;Açýlýþ hareketi;          -24629166,65000;            -899639,71735;          -24629166,65000;                  0,00000;                  0,00000;                  0,00000;                  0,00000;
380.060.001;ERZURUM OTOGAR;Açýlýþ hareketi;           24629166,65000;             912400,87000;           24629166,65000;                  0,00000;                  0,00000;                  0,00000;                  0,00000;
391.001.001;;Açýlýþ hareketi;                763,66000;                 23,15293;                763,66000;                  0,00000;                  0,00000;                  0,00000;                  0,00000;
391.001.001;AKARYAKIT ÝSTASYONU;Açýlýþ hareketi;             -15799,11000;               -693,21000;             -15799,11000;                  0,00000;           -1688751,79000;                  0,00000;                  0,00000;
391.001.001;YOLCU TAÞIMACILIÐI;Açýlýþ hareketi;              15035,45000;                662,17000;              15035,45000;                  0,00000;                109,90000;                  0,00000;                  0,00000;
391.001.002;AKARYAKIT ÝSTASYONU;Açýlýþ hareketi;              -5824,53000;               -570,58000;              -5824,53000;                  0,00000;             -72806,21000;                  0,00000;                  0,00000;
391.001.002;YOLCU TAÞIMACILIÐI;Açýlýþ hareketi;               5824,53000;                429,12000;               5824,53000;                  0,00000;             192592,59000;                  0,00000;                  0,00000;
391.001.003;AKARYAKIT ÝSTASYONU;Açýlýþ hareketi;           -7825141,73000;            -457184,86000;           -7825141,73000;                  0,00000;          -61160717,66004;                  0,00000;                  0,00000;
391.001.003;YOLCU TAÞIMACILIÐI;Açýlýþ hareketi;            7825141,73000;             390457,25000;            7825141,73000;                  0,00000;          191063713,89000;                  0,00000;                  0,00000;
391.001.004;AKARYAKIT ÝSTASYONU;Açýlýþ hareketi;                 -1,49000;                 -0,08000;                 -1,49000;                  0,00000;               -148,93000;                  0,00000;                  0,00000;
391.001.004;YOLCU TAÞIMACILIÐI;Açýlýþ hareketi;                  1,49000;                  7,98000;                  1,49000;                  0,00000;             178160,09000;                  0,00000;                  0,00000;
391.001.009;;Açýlýþ hareketi;            9509614,43000;             288316,03963;            9509614,43000;                  0,00000;                  0,00000;                  0,00000;                  0,00000;
391.001.009;AKARYAKIT ÝSTASYONU;Açýlýþ hareketi;          -22642750,84200;            -721522,11993;          -22642750,84200;                  0,00000;         -202504226,90000;                  0,00000;                  0,00000;
391.001.009;ERZURUM AVM;Açýlýþ hareketi;         -118283007,47600;           -3669450,91223;         -118283007,47600;                  0,00000;         -591415039,02000;                  0,00000;                  0,00000;
391.001.009;ERZURUM OTOGAR;Açýlýþ hareketi;           -1357492,68000;             -48663,75000;           -1357492,68000;                  0,00000;           -6787463,67000;                  0,00000;                  0,00000;
391.001.009;GES PROJESÝ SORGUN;Açýlýþ hareketi;           -2813684,51000;             -88667,16000;           -2813684,51000;                  0,00000;          -14068422,51000;                  0,00000;                  0,00000;
391.001.009;YOLCU TAÞIMACILIÐI;Açýlýþ hareketi;          135587321,07600;            4218456,96446;          135587321,07600;                  0,00000;          -20860731,70000;                  0,00000;                  0,00000;
391.001.010;;Açýlýþ hareketi;               1123,77000;                 34,07088;               1123,77000;                  0,00000;                  0,00000;                  0,00000;                  0,00000;
391.001.010;AKARYAKIT ÝSTASYONU;Açýlýþ hareketi;               -131,78000;                 -4,33000;               -131,78000;                  0,00000;              -1317,05000;                  0,00000;                  0,00000;
391.001.010;ERZURUM AVM;Açýlýþ hareketi;           -1380000,00000;             -41839,36000;           -1380000,00000;                  0,00000;          -13800000,00000;                  0,00000;                  0,00000;
391.001.010;YOLCU TAÞIMACILIÐI;Açýlýþ hareketi;            1379008,01000;              41815,98000;            1379008,01000;                  0,00000;            1958257,88000;                  0,00000;                  0,00000;
391.001.012;AKARYAKIT ÝSTASYONU;Açýlýþ hareketi;             -16631,60000;               -580,34000;             -16631,60000;                  0,00000;             -39962,08000;                  0,00000;                  0,00000;
391.001.012;ERZURUM AVM;Açýlýþ hareketi;            -359538,08000;             -12289,27000;            -359538,08000;                  0,00000;           -1797690,38000;                  0,00000;                  0,00000;
391.001.012;YOLCU TAÞIMACILIÐI;Açýlýþ hareketi;             376169,68000;              12652,45000;             376169,68000;                  0,00000;              18763,28000;                  0,00000;                  0,00000;
391.001.013;AKARYAKIT ÝSTASYONU;Açýlýþ hareketi;               -635,62000;                -19,28000;               -635,62000;                  0,00000;              -6356,19618;                  0,00000;                  0,00000;
391.001.013;YOLCU TAÞIMACILIÐI;Açýlýþ hareketi;                635,62000;                 19,27000;                635,62000;                  0,00000;                  0,00000;                  0,00000;                  0,00000;
391.001.014;;Açýlýþ hareketi;                 20,47000;                  0,62062;                 20,47000;                  0,00000;                  0,00000;                  0,00000;                  0,00000;
391.001.014;AKARYAKIT ÝSTASYONU;Açýlýþ hareketi;               -106,84000;                 -3,27000;               -106,84000;                  0,00000;             -10683,09382;                  0,00000;                  0,00000;
391.001.014;YOLCU TAÞIMACILIÐI;Açýlýþ hareketi;                 86,37000;                  2,64000;                 86,37000;                  0,00000;                  0,00000;                  0,00000;                  0,00000;
391.001.015;ERZURUM AVM;Açýlýþ hareketi;              13149,86000;                409,38000;              13149,86000;                  0,00000;             131498,64000;                  0,00000;                  0,00000;
391.001.015;YOLCU TAÞIMACILIÐI;Açýlýþ hareketi;             -13149,86000;               -404,58000;             -13149,86000;                  0,00000;             -29138,95000;                  0,00000;                  0,00000;
391.100.003;ERZURUM AVM;Açýlýþ hareketi;            -364215,95000;             -17754,52000;            -364215,95000;                  0,00000;          -17148463,84000;                  0,00000;                  0,00000;
391.100.003;GES PROJESÝ SORGUN;Açýlýþ hareketi;             -20835,94000;               -707,79000;             -20835,94000;                  0,00000;            -115755,21000;                  0,00000;                  0,00000;
391.100.003;YOLCU TAÞIMACILIÐI;Açýlýþ hareketi;             385051,89000;              13231,44000;             385051,89000;                  0,00000;                  0,00000;                  0,00000;                  0,00000;
391.200.003;AKARYAKIT ÝSTASYONU;Açýlýþ hareketi;              56699,32000;               3017,57000;              56699,32000;                  0,00000;                  0,00000;                  0,00000;                  0,00000;
391.200.003;GES PROJESÝ SORGUN;Açýlýþ hareketi;             -56699,32000;              -3329,37000;             -56699,32000;                  0,00000;           -1780289,06000;                  0,00000;                  0,00000;
393.050.001;ERZURUM AVM;Açýlýþ hareketi;              -8046,58000;               -428,34000;              -8046,58000;                  0,00000;                  0,00000;                  0,00000;                  0,00000;
393.050.001;YOLCU TAÞIMACILIÐI;Açýlýþ hareketi;               8046,58000;                389,42000;               8046,58000;                  0,00000;                  0,00000;                  0,00000;                  0,00000;
393.051.001;ERZURUM OTOGAR;Açýlýþ hareketi;             707968,02000;              26472,29000;             707968,02000;                  0,00000;                  0,00000;                  0,00000;                  0,00000;
393.051.001;YOLCU TAÞIMACILIÐI;Açýlýþ hareketi;            -899316,40000;             -31910,93000;            -899316,40000;                  0,00000;                  0,00000;                  0,00000;                  0,00000;
393.100.001;;Açýlýþ hareketi;             119238,30000;               6438,80510;             119238,30000;                  0,00000;                  0,00000;                  0,00000;                  0,00000;
393.100.001;ERZURUM AVM;Açýlýþ hareketi;           -1344384,62000;             -83448,22000;           -1344384,62000;                  0,00000;                  0,00000;                  0,00000;                  0,00000;
393.100.001;YOLCU TAÞIMACILIÐI;Açýlýþ hareketi;            1225146,32000;              57561,92000;            1225146,32000;                  0,00000;                  0,00000;                  0,00000;                  0,00000;
393.100.002;ERZURUM AVM;Açýlýþ hareketi;            -136000,00000;              -7272,25000;            -136000,00000;                  0,00000;                  0,00000;                  0,00000;                  0,00000;
393.100.002;YOLCU TAÞIMACILIÐI;Açýlýþ hareketi;             136000,00000;               6581,75000;             136000,00000;                  0,00000;                  0,00000;                  0,00000;                  0,00000;
397.050.001;ERZURUM OTOGAR;Açýlýþ hareketi;              -2132,17000;               -101,67000;              -2132,17000;                  0,00000;                  0,00000;                  0,00000;                  0,00000;
397.100.001;ERZURUM AVM;Açýlýþ hareketi;               -688,35000;                -45,17872;               -688,35000;                  0,00000;                  0,00000;                  0,00000;                  0,00000;
400.001.001;;Açýlýþ hareketi;            4168172,94000;             312714,60000;            4168172,94000;                  0,00000;                  0,00000;                  0,00000;                  0,00000;
400.001.001;YOLCU TAÞIMACILIÐI;Açýlýþ hareketi;           -4168172,94000;            -312714,60275;           -4168172,94000;                  0,00000;                  0,00000;                  0,00000;                  0,00000;
400.001.007;;Açýlýþ hareketi;            8187735,26000;             614396,36929;            8187735,26000;                  0,00000;                  0,00000;                  0,00000;                  0,00000;
400.001.007;YOLCU TAÞIMACILIÐI;Açýlýþ hareketi;           -8187735,26000;            -614391,16152;           -8187735,26000;                  0,00000;                  0,00000;                  0,00000;                  0,00000;
400.001.012;;Açýlýþ hareketi;           -8954971,57000;            -278785,22457;           -8954971,57000;                  0,00000;                  0,00000;                  0,00000;                  0,00000;
400.100.001;;Açýlýþ hareketi;           25210000,00000;            1048811,36455;           25210000,00000;                  0,00000;                  0,00000;                  0,00000;                  0,00000;
400.100.001;ERZURUM AVM;Açýlýþ hareketi;          -25210000,00000;           -2808774,07000;          -25210000,00000;                  0,00000;                  0,00000;                  0,00000;                  0,00000;
420.001.001;;Açýlýþ hareketi;          -10077469,05000;            -333316,10628;          -10077469,05000;                  0,00000;                  0,00000;                  0,00000;                  0,00000;
420.001.001;YOLCU TAÞIMACILIÐI;Açýlýþ hareketi;           10085469,05000;             263652,53958;           10085469,05000;                  0,00000;                  0,00000;                  0,00000;                  0,00000;
420.001.004;;Açýlýþ hareketi;            -298175,00000;              -8677,25643;            -298175,00000;                  0,00000;                  0,00000;                  0,00000;                  0,00000;
420.001.004;AKARYAKIT ÝSTASYONU;Açýlýþ hareketi;             248200,00000;               7525,05000;             248200,00000;                  0,00000;                  0,00000;                  0,00000;                  0,00000;
420.001.004;ERZURUM AVM;Açýlýþ hareketi;              50000,00000;               2679,64000;              50000,00000;                  0,00000;                  0,00000;                  0,00000;                  0,00000;
420.001.004;YOLCU TAÞIMACILIÐI;Açýlýþ hareketi;             245175,00000;               5411,07082;             245175,00000;                  0,00000;                  0,00000;                  0,00000;                  0,00000;
420.001.010;;Açýlýþ hareketi;          -27640000,00000;           -1117183,23039;          -27640000,00000;                  0,00000;                  0,00000;                  0,00000;                  0,00000;
420.001.010;YOLCU TAÞIMACILIÐI;Açýlýþ hareketi;           27640000,00000;            1116759,16000;           27640000,00000;                  0,00000;                  0,00000;                  0,00000;                  0,00000;
420.001.020;;Açýlýþ hareketi;           -1100000,00000;             -42597,51928;           -1100000,00000;                  0,00000;                  0,00000;                  0,00000;                  0,00000;
420.001.020;ERZURUM AVM;Açýlýþ hareketi;            1100000,00000;              53234,74000;            1100000,00000;                  0,00000;                  0,00000;                  0,00000;                  0,00000;
420.050.001;;Açýlýþ hareketi;             313359,00000;              10644,63860;             313359,00000;                  0,00000;                  0,00000;                  0,00000;                  0,00000;
420.050.001;ERZURUM OTOGAR;Açýlýþ hareketi;            -313359,00000;             -23509,56561;            -313359,00000;                  0,00000;                  0,00000;                  0,00000;                  0,00000;
420.050.002;;Açýlýþ hareketi;              19890,89000;                675,68296;              19890,89000;                  0,00000;                  0,00000;                  0,00000;                  0,00000;
420.050.002;ERZURUM OTOGAR;Açýlýþ hareketi;             -19890,89000;             -22240,77134;             -19890,89000;                  0,00000;                  0,00000;                  0,00000;                  0,00000;
420.100.002;ERZURUM AVM;Açýlýþ hareketi;            -104413,57000;              -7833,56366;            -104413,57000;                  0,00000;                  0,00000;                  0,00000;                  0,00000;
420.100.003;ERZURUM AVM;Açýlýþ hareketi;             -62245,02000;              -4669,89422;             -62245,02000;                  0,00000;                  0,00000;                  0,00000;                  0,00000;
420.100.006;ERZURUM AVM;Açýlýþ hareketi;             -87505,05000;              -6565,01238;             -87505,05000;                  0,00000;                  0,00000;                  0,00000;                  0,00000;
421.001.001;;Açýlýþ hareketi;            2670929,16000;               8558,78964;            2670929,16000;                  0,00000;                  0,00000;                  0,00000;                  0,00000;
421.001.001;YOLCU TAÞIMACILIÐI;Açýlýþ hareketi;           -2670929,16000;            -223841,94259;           -2670929,16000;                  0,00000;                  0,00000;                  0,00000;                  0,00000;
421.001.003;;Açýlýþ hareketi;            1552804,56000;              80388,96579;            1552804,56000;                  0,00000;                  0,00000;                  0,00000;                  0,00000;
421.001.003;YOLCU TAÞIMACILIÐI;Açýlýþ hareketi;           -1552804,56000;            -118569,90204;           -1916936,75000;                  0,00000;                  0,00000;                  0,00000;                  0,00000;
426.100.001;ERZURUM AVM;Açýlýþ hareketi;              -2000,00000;               -166,36000;              -2000,00000;                  0,00000;                  0,00000;                  0,00000;                  0,00000;
426.100.006;ERZURUM AVM;Açýlýþ hareketi;             -21107,71000;              -1583,59292;             -21107,71000;                  0,00000;                  0,00000;                  0,00000;                  0,00000;
426.100.015;ERZURUM AVM;Açýlýþ hareketi;              -1600,00000;               -120,03901;              -1600,00000;                  0,00000;                  0,00000;                  0,00000;                  0,00000;
426.100.016;ERZURUM AVM;Açýlýþ hareketi;                 -0,10000;                 -0,00750;                 -0,10000;                  0,00000;                  0,00000;                  0,00000;                  0,00000;
426.100.031;ERZURUM AVM;Açýlýþ hareketi;             -33848,40000;              -2539,45532;             -33848,40000;                  0,00000;                  0,00000;                  0,00000;                  0,00000;
426.100.037;;Açýlýþ hareketi;              15888,00000;                580,34752;              15888,00000;                  0,00000;                  0,00000;                  0,00000;                  0,00000;
426.100.037;ERZURUM AVM;Açýlýþ hareketi;             -15888,00000;              -1191,98740;             -15888,00000;                  0,00000;                  0,00000;                  0,00000;                  0,00000;
426.100.045;ERZURUM AVM;Açýlýþ hareketi;             -22565,60000;              -1692,97022;             -22565,60000;                  0,00000;                  0,00000;                  0,00000;                  0,00000;
426.100.049;ERZURUM AVM;Açýlýþ hareketi;              -9167,27000;               -687,76877;              -9167,27000;                  0,00000;                  0,00000;                  0,00000;                  0,00000;
426.100.050;ERZURUM AVM;Açýlýþ hareketi;              -6895,96000;               -517,36514;              -6895,96000;                  0,00000;                  0,00000;                  0,00000;                  0,00000;
426.100.053;ERZURUM AVM;Açýlýþ hareketi;              43055,97000;               2369,57000;              43055,97000;                  0,00000;                  0,00000;                  0,00000;                  0,00000;
426.100.060;ERZURUM AVM;Açýlýþ hareketi;             -28976,83000;              -2173,96879;             -28976,83000;                  0,00000;                  0,00000;                  0,00000;                  0,00000;
426.100.062;ERZURUM AVM;Açýlýþ hareketi;              -6953,50000;               -521,68205;              -6953,50000;                  0,00000;                  0,00000;                  0,00000;                  0,00000;
426.100.073;ERZURUM AVM;Açýlýþ hareketi;              36650,40000;               1419,29000;              36650,40000;                  0,00000;                  0,00000;                  0,00000;                  0,00000;
426.100.074;ERZURUM AVM;Açýlýþ hareketi;              18993,65000;                735,53000;              18993,65000;                  0,00000;                  0,00000;                  0,00000;                  0,00000;
426.100.076;ERZURUM AVM;Açýlýþ hareketi;              78147,95000;               3026,28000;              78147,95000;                  0,00000;                  0,00000;                  0,00000;                  0,00000;
426.100.081;ERZURUM AVM;Açýlýþ hareketi;             -21679,49000;              -1626,49036;             -21679,49000;                  0,00000;                  0,00000;                  0,00000;                  0,00000;
426.100.093;ERZURUM AVM;Açýlýþ hareketi;              -6064,94000;               -455,01838;              -6064,94000;                  0,00000;                  0,00000;                  0,00000;                  0,00000;
426.100.114;ERZURUM AVM;Açýlýþ hareketi;             -22000,00000;              -1650,53642;             -22000,00000;                  0,00000;                  0,00000;                  0,00000;                  0,00000;
426.100.117;;Açýlýþ hareketi;          -13504602,00000;            -674225,64186;          -13504602,00000;                  0,00000;                  0,00000;                  0,00000;                  0,00000;
426.100.117;ERZURUM AVM;Açýlýþ hareketi;           25047996,95000;            1308289,21000;           10192071,02898;                  0,00000;                  0,00000;                  0,00000;                  0,00000;
426.100.117;GES PROJESÝ ERZURUM;Açýlýþ hareketi;              -7354,00000;               -439,95000;              -7354,00000;                  0,00000;                  0,00000;                  0,00000;                  0,00000;
426.100.117;YOLCU TAÞIMACILIÐI;Açýlýþ hareketi;          -11536040,95000;            -421207,31000;          -11917314,70892;                  0,00000;                  0,00000;                  0,00000;                  0,00000;
426.100.119;ERZURUM AVM;Açýlýþ hareketi;             -24400,00000;              -1830,59494;             -24400,00000;                  0,00000;                  0,00000;                  0,00000;                  0,00000;
426.100.120;ERZURUM AVM;Açýlýþ hareketi;              10925,20000;                331,66361;              10925,20000;                  0,00000;                  0,00000;                  0,00000;                  0,00000;
426.101.082;ERZURUM AVM;Açýlýþ hareketi;             -20000,00000;              -1500,48766;             -20000,00000;                  0,00000;                  0,00000;                  0,00000;                  0,00000;
426.101.114;ERZURUM AVM;Açýlýþ hareketi;             -36000,00000;              -2700,87779;             -36000,00000;                  0,00000;                  0,00000;                  0,00000;                  0,00000;
426.104.002;ERZURUM AVM;Açýlýþ hareketi;            -200000,00000;             -15004,87658;            -200000,00000;                  0,00000;                  0,00000;                  0,00000;                  0,00000;
426.105.001;ERZURUM AVM;Açýlýþ hareketi;             -31027,70000;              -2327,83405;             -31027,70000;                  0,00000;                  0,00000;                  0,00000;                  0,00000;
426.105.002;ERZURUM AVM;Açýlýþ hareketi;              -4465,64000;               -335,03189;              -4465,64000;                  0,00000;                  0,00000;                  0,00000;                  0,00000;
426.105.004;ERZURUM AVM;Açýlýþ hareketi;             -29875,00000;              -2241,35344;             -29875,00000;                  0,00000;                  0,00000;                  0,00000;                  0,00000;
426.105.006;ERZURUM AVM;Açýlýþ hareketi;             -63335,37000;              -4751,69705;             -63335,37000;                  0,00000;                  0,00000;                  0,00000;                  0,00000;
426.105.007;ERZURUM AVM;Açýlýþ hareketi;              -8923,92000;               -669,51159;              -8923,92000;                  0,00000;                  0,00000;                  0,00000;                  0,00000;
426.105.009;ERZURUM AVM;Açýlýþ hareketi;              -1716,93000;               -128,81161;              -1716,93000;                  0,00000;                  0,00000;                  0,00000;                  0,00000;
429.100.001;ERZURUM AVM;Açýlýþ hareketi;           -4077126,00000;            -372321,60905;           -4077126,00000;                  0,00000;                  0,00000;                  0,00000;                  0,00000;
429.100.001;YOLCU TAÞIMACILIÐI;Açýlýþ hareketi;            4077126,00000;             152301,49000;            4077126,00000;                  0,00000;                  0,00000;                  0,00000;                  0,00000;
431.001.001;;Açýlýþ hareketi;          -54582032,03000;           -1715489,13278;          -54582032,03000;                  0,00000;                  0,00000;                  0,00000;                  0,00000;
431.001.001;AKARYAKIT ÝSTASYONU;Açýlýþ hareketi;           27079511,52000;             819372,30000;           27079511,52000;                  0,00000;                  0,00000;                  0,00000;                  0,00000;
431.001.001;ERZURUM AVM;Açýlýþ hareketi;             840199,00000;              56684,40000;             840199,00000;                  0,00000;                  0,00000;                  0,00000;                  0,00000;
431.001.001;YOLCU TAÞIMACILIÐI;Açýlýþ hareketi;            1491692,71000;              45159,52477;            1491692,71000;                  0,00000;                  0,00000;                  0,00000;                  0,00000;
431.001.002;;Açýlýþ hareketi;             498240,24000;              25488,74383;             498240,24000;                  0,00000;                  0,00000;                  0,00000;                  0,00000;
431.001.002;ERZURUM AVM;Açýlýþ hareketi;             -18489,84000;             -36307,80000;             -18489,84000;                  0,00000;                  0,00000;                  0,00000;                  0,00000;
431.001.002;YOLCU TAÞIMACILIÐI;Açýlýþ hareketi;            -479750,40000;             -15585,52512;            -479750,40000;                  0,00000;                  0,00000;                  0,00000;                  0,00000;
431.001.004;;Açýlýþ hareketi;         -202976548,71000;           -6153918,76222;         -202976548,71000;                  0,00000;                  0,00000;                  0,00000;                  0,00000;
480.100.001;ERZURUM AVM;Açýlýþ hareketi;             -51779,74000;              -3884,74304;             -51779,74000;                  0,00000;                  0,00000;                  0,00000;                  0,00000;
480.100.001;YOLCU TAÞIMACILIÐI;Açýlýþ hareketi;              51779,74000;               1793,30000;              51779,74000;                  0,00000;                  0,00000;                  0,00000;                  0,00000;
500.001.001;YOLCU TAÞIMACILIÐI;Açýlýþ hareketi;           -5062500,00000;            -379810,93856;           -5062500,00000;                  0,00000;                  0,00000;                  0,00000;                  0,00000;
500.001.002;YOLCU TAÞIMACILIÐI;Açýlýþ hareketi;           -8550000,00000;            -641458,47400;           -8550000,00000;                  0,00000;                  0,00000;                  0,00000;                  0,00000;
500.001.003;;Açýlýþ hareketi;            3375000,00000;             102324,50968;            3375000,00000;                  0,00000;                  0,00000;                  0,00000;                  0,00000;
500.001.003;YOLCU TAÞIMACILIÐI;Açýlýþ hareketi;           -3375000,00000;            -253207,29237;           -3375000,00000;                  0,00000;                  0,00000;                  0,00000;                  0,00000;
500.001.004;YOLCU TAÞIMACILIÐI;Açýlýþ hareketi;           -5512500,00000;            -413571,91087;           -5512500,00000;                  0,00000;                  0,00000;                  0,00000;                  0,00000;
500.001.005;;Açýlýþ hareketi;           -3375000,00000;            -102324,50968;           -3375000,00000;                  0,00000;                  0,00000;                  0,00000;                  0,00000;
502.001.001;;Açýlýþ hareketi;         -262219461,23000;           -8712918,53838;         -262219461,23000;                  0,00000;                  0,00000;                  0,00000;                  0,00000;
502.001.001;YOLCU TAÞIMACILIÐI;Açýlýþ hareketi;             -14977,12000;              -1123,64919;             -14977,12000;                  0,00000;                  0,00000;                  0,00000;                  0,00000;
549.001.001;;Açýlýþ hareketi;          -49500000,00000;           -2708568,28018;          -49500000,00000;                  0,00000;                  0,00000;                  0,00000;                  0,00000;
549.001.001;YOLCU TAÞIMACILIÐI;Açýlýþ hareketi;           49500000,00000;            1639162,09000;           49500000,00000;                  0,00000;                  0,00000;                  0,00000;                  0,00000;
580.001.024;;Açýlýþ hareketi;           11525132,10000;             349423,25662;           11525132,10000;                  0,00000;                  0,00000;                  0,00000;                  0,00000;
580.001.099;;Açýlýþ hareketi;           31752004,27000;            1078598,70067;           31752004,27000;                  0,00000;                  0,00000;                  0,00000;                  0,00000;
580.1000;;Açýlýþ hareketi;            9057052,73000;             279555,36619;            9057052,73000;                  0,00000;                  0,00000;                  0,00000;                  0,00000;
590;;Açýlýþ hareketi;          228008781,83000;            6912855,34892;          228008781,83000;                  0,00000;                  0,00000;                  0,00000;                  0,00000;
590;AKARYAKIT ÝSTASYONU;Açýlýþ hareketi;         -107724690,06000;           -3300133,65964;         -107724690,06000;           -3200318,04323;           -3610967,28397;           -3200318,04323;           -2892028,42630;
590;ERZURUM AVM;Açýlýþ hareketi;         -131648427,39000;           -4134147,15213;         -131405830,71735;                  0,00000;                  0,00000;                  0,00000;                  0,00000;
590;ERZURUM OTOGAR;Açýlýþ hareketi;           -1288964,17000;             -42996,98000;           -1288964,17000;                  0,00000;                  0,00000;                  0,00000;                  0,00000;
590;GES PROJESÝ SORGUN;Açýlýþ hareketi;          -11935362,01000;            -365140,50000;          -11935362,01000;                  0,00000;                  0,00000;                  0,00000;                  0,00000;
590;YOLCU TAÞIMACILIÐI;Açýlýþ hareketi;           24588661,80000;             677209,32673;           24588661,80000;             -10167,76000;             -10178,94481;             -10167,76000;             -10167,76000;
591.001.001;;Açýlýþ hareketi;          211180605,08000;            6539977,63281;          211180605,08000;                  0,00000;                  0,00000;                  0,00000;                  0,00000;
591.001.001;YOLCU TAÞIMACILIÐI;Açýlýþ hareketi;         -183885542,96000;           -5575110,52442;         -183885542,96000;                  0,00000;                  0,00000;                  0,00000;                  0,00000;
600.001.002;YOLCU TAÞIMACILIÐI;Açýlýþ hareketi;                  0,00000;                  0,00000;                  0,00000;                  0,00000;                  0,00000;                  0,00000;                  0,00000;
600.002.001;AKARYAKIT ÝSTASYONU;Açýlýþ hareketi;                  0,00000;                  0,00000;                  0,00000;                  0,00000;                  0,00000;                  0,00000;                  0,00000;
622.103.037;;Açýlýþ hareketi;                  0,00000;                  0,00000;                  0,00000;                  0,00000;                  0,00000;                  0,00000;                  0,00000;
660.001.001;;Açýlýþ hareketi;                  0,00000;                  0,00000;                  0,00000;                  0,00000;                  0,00000;                  0,00000;                  0,00000;
740.001.001;;Açýlýþ hareketi;            9035570,04000;             273943,77000;            9035570,04000;                  0,00000;                  0,00000;                  0,00000;                  0,00000;
740.001.002;;Açýlýþ hareketi;            1832668,48000;              55563,54000;            1832668,48000;                  0,00000;                  0,00000;                  0,00000;                  0,00000;
740.001.003;;Açýlýþ hareketi;             168791,00000;               5117,47000;             168791,00000;                  0,00000;                  0,00000;                  0,00000;                  0,00000;
740.002.003;AKARYAKIT ÝSTASYONU;Açýlýþ hareketi;               2666,67000;                 80,85000;               2666,67000;                  0,00000;                  0,00000;                  0,00000;                  0,00000;
740.002.007;YOLCU TAÞIMACILIÐI;Açýlýþ hareketi;             301788,07000;               9149,70000;             301788,07000;                  0,00000;                  0,00000;                  0,00000;                  0,00000;
740.002.015;AKARYAKIT ÝSTASYONU;Açýlýþ hareketi;             338061,12000;              10249,46000;             338061,12000;                  0,00000;                  0,00000;                  0,00000;                  0,00000;
740.003.001;ERZURUM AVM;Açýlýþ hareketi;             123333,33000;               3739,27000;             123333,33000;                  0,00000;                  0,00000;                  0,00000;                  0,00000;
740.003.001;YOLCU TAÞIMACILIÐI;Açýlýþ hareketi;            4373592,15000;             132600,23000;            4373592,15000;                  0,00000;                  0,00000;                  0,00000;                  0,00000;
740.003.002;;Açýlýþ hareketi;              50432,53000;               1529,03000;              50432,53000;                  0,00000;                  0,00000;                  0,00000;                  0,00000;
740.003.002;AKARYAKIT ÝSTASYONU;Açýlýþ hareketi;            2512874,48000;              76186,23000;            2512874,48000;                  0,00000;                  0,00000;                  0,00000;                  0,00000;
740.003.002;YOLCU TAÞIMACILIÐI;Açýlýþ hareketi;            5502012,24000;             166812,09000;            5502012,24000;                  0,00000;                  0,00000;                  0,00000;                  0,00000;
740.003.004;;Açýlýþ hareketi;             219803,50000;               6664,10000;             219803,50000;                  0,00000;                  0,00000;                  0,00000;                  0,00000;
740.003.004;AKARYAKIT ÝSTASYONU;Açýlýþ hareketi;              89344,16000;               2708,78000;              89344,16000;                  0,00000;                  0,00000;                  0,00000;                  0,00000;
740.003.004;YOLCU TAÞIMACILIÐI;Açýlýþ hareketi;            1766916,67000;              53570,18000;            1766916,67000;                  0,00000;                  0,00000;                  0,00000;                  0,00000;
740.003.005;AKARYAKIT ÝSTASYONU;Açýlýþ hareketi;               9916,67000;                300,66000;               9916,67000;                  0,00000;                  0,00000;                  0,00000;                  0,00000;
740.003.005;ERZURUM AVM;Açýlýþ hareketi;            1568567,75000;              47556,42000;            1568567,75000;                  0,00000;                  0,00000;                  0,00000;                  0,00000;
740.003.005;YOLCU TAÞIMACILIÐI;Açýlýþ hareketi;            2896746,78000;              87824,71000;            2896746,78000;                  0,00000;                  0,00000;                  0,00000;                  0,00000;
740.003.007;;Açýlýþ hareketi;                 43,00000;                  1,30000;                 43,00000;                  0,00000;                  0,00000;                  0,00000;                  0,00000;
740.003.007;AKARYAKIT ÝSTASYONU;Açýlýþ hareketi;              10776,22000;                326,73000;              10776,22000;                  0,00000;                  0,00000;                  0,00000;                  0,00000;
740.003.007;YOLCU TAÞIMACILIÐI;Açýlýþ hareketi;             558109,96000;              16921,06000;             558109,96000;                  0,00000;                  0,00000;                  0,00000;                  0,00000;
740.003.009;AKARYAKIT ÝSTASYONU;Açýlýþ hareketi;               4000,00000;                121,27000;               4000,00000;                  0,00000;                  0,00000;                  0,00000;                  0,00000;
740.003.009;ERZURUM AVM;Açýlýþ hareketi;              38536,30000;               1168,36000;              38536,30000;                  0,00000;                  0,00000;                  0,00000;                  0,00000;
740.003.010;YOLCU TAÞIMACILIÐI;Açýlýþ hareketi;               9918,20000;                300,71000;               9918,20000;                  0,00000;                  0,00000;                  0,00000;                  0,00000;
740.003.011;AKARYAKIT ÝSTASYONU;Açýlýþ hareketi;               4276,74000;                129,66000;               4276,74000;                  0,00000;                  0,00000;                  0,00000;                  0,00000;
740.003.011;ERZURUM AVM;Açýlýþ hareketi;               8175,31000;                247,88000;               8175,31000;                  0,00000;                  0,00000;                  0,00000;                  0,00000;
740.003.011;YOLCU TAÞIMACILIÐI;Açýlýþ hareketi;              36882,31000;               1118,22000;              36882,31000;                  0,00000;                  0,00000;                  0,00000;                  0,00000;
740.003.012;AKARYAKIT ÝSTASYONU;Açýlýþ hareketi;               8462,53000;                256,58000;               8462,53000;                  0,00000;                  0,00000;                  0,00000;                  0,00000;
740.003.012;ERZURUM AVM;Açýlýþ hareketi;              15922,08000;                482,86000;              15922,08000;                  0,00000;                  0,00000;                  0,00000;                  0,00000;
740.003.012;YOLCU TAÞIMACILIÐI;Açýlýþ hareketi;              71336,23000;               2162,95000;              71336,23000;                  0,00000;                  0,00000;                  0,00000;                  0,00000;
740.003.013;AKARYAKIT ÝSTASYONU;Açýlýþ hareketi;             717863,94000;              21764,47000;             717863,94000;                  0,00000;                  0,00000;                  0,00000;                  0,00000;
740.003.013;ERZURUM AVM;Açýlýþ hareketi;            4699809,37000;             142490,58000;            4699809,37000;                  0,00000;                  0,00000;                  0,00000;                  0,00000;
740.003.013;YOLCU TAÞIMACILIÐI;Açýlýþ hareketi;            2165231,92000;              65646,32000;            2165231,92000;                  0,00000;                  0,00000;                  0,00000;                  0,00000;
740.003.014;YOLCU TAÞIMACILIÐI;Açýlýþ hareketi;              47866,92000;               1451,27000;              47866,92000;                  0,00000;                  0,00000;                  0,00000;                  0,00000;
740.003.015;ERZURUM AVM;Açýlýþ hareketi;               4875,04000;                147,80000;               4875,04000;                  0,00000;                  0,00000;                  0,00000;                  0,00000;
740.003.015;YOLCU TAÞIMACILIÐI;Açýlýþ hareketi;              37217,88000;               1128,38000;              37217,88000;                  0,00000;                  0,00000;                  0,00000;                  0,00000;
740.003.016;AKARYAKIT ÝSTASYONU;Açýlýþ hareketi;              26516,46000;                803,94000;              26516,46000;                  0,00000;                  0,00000;                  0,00000;                  0,00000;
740.003.016;YOLCU TAÞIMACILIÐI;Açýlýþ hareketi;              72841,03000;               2208,45000;              72841,03000;                  0,00000;                  0,00000;                  0,00000;                  0,00000;
740.003.017;AKARYAKIT ÝSTASYONU;Açýlýþ hareketi;               1937,11000;                 58,73000;               1937,11000;                  0,00000;                  0,00000;                  0,00000;                  0,00000;
740.003.017;YOLCU TAÞIMACILIÐI;Açýlýþ hareketi;               3072,25000;                 93,15000;               3072,25000;                  0,00000;                  0,00000;                  0,00000;                  0,00000;
740.003.018;YOLCU TAÞIMACILIÐI;Açýlýþ hareketi;               1920,00000;                 58,21000;               1920,00000;                  0,00000;                  0,00000;                  0,00000;                  0,00000;
740.003.019;;Açýlýþ hareketi;              30172,50000;                914,78000;              30172,50000;                  0,00000;                  0,00000;                  0,00000;                  0,00000;
740.003.019;AKARYAKIT ÝSTASYONU;Açýlýþ hareketi;             819846,39000;              24856,48000;             819846,39000;                  0,00000;                  0,00000;                  0,00000;                  0,00000;
740.003.019;YOLCU TAÞIMACILIÐI;Açýlýþ hareketi;              29312,00000;                888,70000;              29312,00000;                  0,00000;                  0,00000;                  0,00000;                  0,00000;
740.003.020;YOLCU TAÞIMACILIÐI;Açýlýþ hareketi;               9945,00000;                301,52000;               9945,00000;                  0,00000;                  0,00000;                  0,00000;                  0,00000;
740.003.022;YOLCU TAÞIMACILIÐI;Açýlýþ hareketi;            2749475,18000;              83359,62000;            2749475,18000;                  0,00000;                  0,00000;                  0,00000;                  0,00000;
740.003.023;YOLCU TAÞIMACILIÐI;Açýlýþ hareketi;              16249,99000;                492,67000;              16249,99000;                  0,00000;                  0,00000;                  0,00000;                  0,00000;
740.003.028;YOLCU TAÞIMACILIÐI;Açýlýþ hareketi;             355813,37000;              10787,70000;             355813,37000;                  0,00000;                  0,00000;                  0,00000;                  0,00000;
740.003.029;YOLCU TAÞIMACILIÐI;Açýlýþ hareketi;              27967,57000;                847,93000;              27967,57000;                  0,00000;                  0,00000;                  0,00000;                  0,00000;
740.003.034;;Açýlýþ hareketi;               3769,49000;                114,28000;               3769,49000;                  0,00000;                  0,00000;                  0,00000;                  0,00000;
740.003.034;AKARYAKIT ÝSTASYONU;Açýlýþ hareketi;              85040,85000;               2578,31000;              85040,85000;                  0,00000;                  0,00000;                  0,00000;                  0,00000;
740.003.034;YOLCU TAÞIMACILIÐI;Açýlýþ hareketi;             119246,15000;               3615,34000;             119246,15000;                  0,00000;                  0,00000;                  0,00000;                  0,00000;
740.003.036;;Açýlýþ hareketi;          -22905557,80000;            -694459,25059;          -22905557,80000;                  0,00000;                  0,00000;                  0,00000;                  0,00000;
740.003.036;AKARYAKIT ÝSTASYONU;Açýlýþ hareketi;              77089,25000;               2337,23000;              77089,25000;                  0,00000;                  0,00000;                  0,00000;                  0,00000;
740.003.036;ERZURUM AVM;Açýlýþ hareketi;           30966613,00000;             938857,33000;           30966613,00000;                  0,00000;                  0,00000;                  0,00000;                  0,00000;
740.003.036;YOLCU TAÞIMACILIÐI;Açýlýþ hareketi;           11008762,50000;             333767,77000;           11008762,50000;                  0,00000;                  0,00000;                  0,00000;                  0,00000;
740.003.039;AKARYAKIT ÝSTASYONU;Açýlýþ hareketi;               8640,00000;                261,95000;               8640,00000;                  0,00000;                  0,00000;                  0,00000;                  0,00000;
740.003.042;YOLCU TAÞIMACILIÐI;Açýlýþ hareketi;              33812,50000;               1025,14000;              33812,50000;                  0,00000;                  0,00000;                  0,00000;                  0,00000;
740.003.043;YOLCU TAÞIMACILIÐI;Açýlýþ hareketi;            2276662,45000;              69024,69000;            2276662,45000;                  0,00000;                  0,00000;                  0,00000;                  0,00000;
740.003.044;;Açýlýþ hareketi;               6037,50000;                183,05000;               6037,50000;                  0,00000;                  0,00000;                  0,00000;                  0,00000;
740.003.044;YOLCU TAÞIMACILIÐI;Açýlýþ hareketi;              57139,98000;               1732,39000;              57139,98000;                  0,00000;                  0,00000;                  0,00000;                  0,00000;
740.003.046;YOLCU TAÞIMACILIÐI;Açýlýþ hareketi;             652953,60000;              19796,47000;             652953,60000;                  0,00000;                  0,00000;                  0,00000;                  0,00000;
740.003.049;YOLCU TAÞIMACILIÐI;Açýlýþ hareketi;             100010,75000;               3032,16000;             100010,75000;                  0,00000;                  0,00000;                  0,00000;                  0,00000;
740.003.051;YOLCU TAÞIMACILIÐI;Açýlýþ hareketi;            4500000,00000;             136432,68000;            4500000,00000;                  0,00000;                  0,00000;                  0,00000;                  0,00000;
740.003.052;AKARYAKIT ÝSTASYONU;Açýlýþ hareketi;              30689,22000;                930,45000;              30689,22000;                  0,00000;                  0,00000;                  0,00000;                  0,00000;
740.003.054;ERZURUM AVM;Açýlýþ hareketi;              10983,74000;                333,01000;              10983,74000;                  0,00000;                  0,00000;                  0,00000;                  0,00000;
740.003.054;YOLCU TAÞIMACILIÐI;Açýlýþ hareketi;              10592,44000;                321,15000;              10592,44000;                  0,00000;                  0,00000;                  0,00000;                  0,00000;
740.003.055;AKARYAKIT ÝSTASYONU;Açýlýþ hareketi;            1343165,14000;              40722,58000;            1343165,14000;                  0,00000;                  0,00000;                  0,00000;                  0,00000;
740.003.055;YOLCU TAÞIMACILIÐI;Açýlýþ hareketi;            1234078,00000;              37415,25000;            1234078,00000;                  0,00000;                  0,00000;                  0,00000;                  0,00000;
740.003.056;YOLCU TAÞIMACILIÐI;Açýlýþ hareketi;              21531,75000;                652,80000;              21531,75000;                  0,00000;                  0,00000;                  0,00000;                  0,00000;
740.003.057;;Açýlýþ hareketi;               1500,00000;                 45,48000;               1500,00000;                  0,00000;                  0,00000;                  0,00000;                  0,00000;
740.003.057;ERZURUM AVM;Açýlýþ hareketi;             165000,00000;               5002,56000;             165000,00000;                  0,00000;                  0,00000;                  0,00000;                  0,00000;
740.003.057;YOLCU TAÞIMACILIÐI;Açýlýþ hareketi;             145000,00000;               4396,16000;             145000,00000;                  0,00000;                  0,00000;                  0,00000;                  0,00000;
740.003.058;AKARYAKIT ÝSTASYONU;Açýlýþ hareketi;              26939,61000;                816,77000;              26939,61000;                  0,00000;                  0,00000;                  0,00000;                  0,00000;
740.003.058;YOLCU TAÞIMACILIÐI;Açýlýþ hareketi;              95766,00000;               2903,47000;              95766,00000;                  0,00000;                  0,00000;                  0,00000;                  0,00000;
740.005.002;AKARYAKIT ÝSTASYONU;Açýlýþ hareketi;                443,70000;                 13,45000;                443,70000;                  0,00000;                  0,00000;                  0,00000;                  0,00000;
740.005.003;;Açýlýþ hareketi;             -94280,56000;              -2858,42000;             -94280,56000;                  0,00000;                  0,00000;                  0,00000;                  0,00000;
740.005.008;AKARYAKIT ÝSTASYONU;Açýlýþ hareketi;               1882,44000;                 57,07000;               1882,44000;                  0,00000;                  0,00000;                  0,00000;                  0,00000;
740.005.008;YOLCU TAÞIMACILIÐI;Açýlýþ hareketi;                  9,48000;                  0,29000;                  9,48000;                  0,00000;                  0,00000;                  0,00000;                  0,00000;
740.005.009;AKARYAKIT ÝSTASYONU;Açýlýþ hareketi;               5667,26000;                171,82000;               5667,26000;                  0,00000;                  0,00000;                  0,00000;                  0,00000;
740.005.010;AKARYAKIT ÝSTASYONU;Açýlýþ hareketi;               2172,00000;                 65,85000;               2172,00000;                  0,00000;                  0,00000;                  0,00000;                  0,00000;
740.005.010;ERZURUM AVM;Açýlýþ hareketi;               1810,01000;                 54,88000;               1810,01000;                  0,00000;                  0,00000;                  0,00000;                  0,00000;
740.005.011;ERZURUM AVM;Açýlýþ hareketi;             250000,00000;               7579,59000;             250000,00000;                  0,00000;                  0,00000;                  0,00000;                  0,00000;
740.051.012;ERZURUM AVM;Açýlýþ hareketi;            4500000,00000;             136432,68000;            4500000,00000;                  0,00000;                  0,00000;                  0,00000;                  0,00000;
740.051.012;YOLCU TAÞIMACILIÐI;Açýlýþ hareketi;            4500000,00000;             136432,68000;            4500000,00000;                  0,00000;                  0,00000;                  0,00000;                  0,00000;
740.051.015;AKARYAKIT ÝSTASYONU;Açýlýþ hareketi;                534,09000;                 16,19000;                534,09000;                  0,00000;                  0,00000;                  0,00000;                  0,00000;
740.051.015;YOLCU TAÞIMACILIÐI;Açýlýþ hareketi;              18772,22000;                569,15000;              18772,22000;                  0,00000;                  0,00000;                  0,00000;                  0,00000;
740.054.001;YOLCU TAÞIMACILIÐI;Açýlýþ hareketi;              72500,00000;               2198,08000;              72500,00000;                  0,00000;                  0,00000;                  0,00000;                  0,00000;
740.101.008;AKARYAKIT ÝSTASYONU;Açýlýþ hareketi;               1054,52000;                 31,97000;               1054,52000;                  0,00000;                  0,00000;                  0,00000;                  0,00000;
740.101.016;ERZURUM AVM;Açýlýþ hareketi;             146666,66000;               4446,72000;             146666,66000;                  0,00000;                  0,00000;                  0,00000;                  0,00000;
740.103.026;AKARYAKIT ÝSTASYONU;Açýlýþ hareketi;               5323,50000;                161,40000;               5323,50000;                  0,00000;                  0,00000;                  0,00000;                  0,00000;
740.103.026;YOLCU TAÞIMACILIÐI;Açýlýþ hareketi;               7098,00000;                215,20000;               7098,00000;                  0,00000;                  0,00000;                  0,00000;                  0,00000;
741.005.003;;Açýlýþ hareketi;               2630,00000;                 79,75000;               2630,00000;                  0,00000;                  0,00000;                  0,00000;                  0,00000;
741.200.001;;Açýlýþ hareketi;          -82875207,88000;           -2512641,48463;          -82875207,88000;                  0,00000;                  0,00000;                  0,00000;                  0,00000;
760.001.007;GES PROJESÝ ERZURUM;Açýlýþ hareketi;             302768,11000;               9179,44000;             302768,11000;                  0,00000;                  0,00000;                  0,00000;                  0,00000;
760.001.007;GES PROJESÝ SORGUN;Açýlýþ hareketi;            1828305,16000;              55431,23000;            1828305,16000;                  0,00000;                  0,00000;                  0,00000;                  0,00000;
760.002.001;YOLCU TAÞIMACILIÐI;Açýlýþ hareketi;               1416,20000;                 42,93000;               1416,20000;                  0,00000;                  0,00000;                  0,00000;                  0,00000;
760.150.001;AKARYAKIT ÝSTASYONU;Açýlýþ hareketi;                 70,65000;                  2,14000;                 70,65000;                  0,00000;                  0,00000;                  0,00000;                  0,00000;
760.150.001;YOLCU TAÞIMACILIÐI;Açýlýþ hareketi;             150531,28000;               4563,86000;             150531,28000;                  0,00000;                  0,00000;                  0,00000;                  0,00000;
761.001.001;;Açýlýþ hareketi;           -2283091,40000;             -69219,61720;           -2283091,40000;                  0,00000;                  0,00000;                  0,00000;                  0,00000;
770.002.001;ERZURUM AVM;Açýlýþ hareketi;             225000,00000;               6821,64000;             225000,00000;                  0,00000;                  0,00000;                  0,00000;                  0,00000;
770.002.001;YOLCU TAÞIMACILIÐI;Açýlýþ hareketi;              60000,00000;               1819,10000;              60000,00000;                  0,00000;                  0,00000;                  0,00000;                  0,00000;
770.002.002;;Açýlýþ hareketi;              10000,00000;                303,18000;              10000,00000;                  0,00000;                  0,00000;                  0,00000;                  0,00000;
770.002.002;YOLCU TAÞIMACILIÐI;Açýlýþ hareketi;             350258,95000;              10619,28000;             350258,95000;                  0,00000;                  0,00000;                  0,00000;                  0,00000;
770.002.004;YOLCU TAÞIMACILIÐI;Açýlýþ hareketi;              10008,72000;                303,45000;              10008,72000;                  0,00000;                  0,00000;                  0,00000;                  0,00000;
770.002.005;;Açýlýþ hareketi;              15779,63000;                478,41000;              15779,63000;                  0,00000;                  0,00000;                  0,00000;                  0,00000;
770.002.005;AKARYAKIT ÝSTASYONU;Açýlýþ hareketi;                279,64000;                  8,48000;                279,64000;                  0,00000;                  0,00000;                  0,00000;                  0,00000;
770.002.005;YOLCU TAÞIMACILIÐI;Açýlýþ hareketi;             113170,05000;               3431,13000;             113170,05000;                  0,00000;                  0,00000;                  0,00000;                  0,00000;
770.002.006;YOLCU TAÞIMACILIÐI;Açýlýþ hareketi;                662,72000;                 20,09000;                662,72000;                  0,00000;                  0,00000;                  0,00000;                  0,00000;
770.002.007;;Açýlýþ hareketi;                 60,00000;                  1,82000;                 60,00000;                  0,00000;                  0,00000;                  0,00000;                  0,00000;
770.002.008;ERZURUM AVM;Açýlýþ hareketi;            4500000,00000;             136432,68000;            4500000,00000;                  0,00000;                  0,00000;                  0,00000;                  0,00000;
770.002.009;YOLCU TAÞIMACILIÐI;Açýlýþ hareketi;            4500000,00000;             136432,68000;            4500000,00000;                  0,00000;                  0,00000;                  0,00000;                  0,00000;
770.002.012;;Açýlýþ hareketi;               1366,29000;                 41,42000;               1366,29000;                  0,00000;                  0,00000;                  0,00000;                  0,00000;
770.002.012;AKARYAKIT ÝSTASYONU;Açýlýþ hareketi;              36071,42000;               1093,62000;              36071,42000;                  0,00000;                  0,00000;                  0,00000;                  0,00000;
770.002.012;YOLCU TAÞIMACILIÐI;Açýlýþ hareketi;             155183,42000;               4704,92000;             155183,42000;                  0,00000;                  0,00000;                  0,00000;                  0,00000;
770.002.014;AKARYAKIT ÝSTASYONU;Açýlýþ hareketi;               2237,00000;                 67,82000;               2237,00000;                  0,00000;                  0,00000;                  0,00000;                  0,00000;
770.002.014;YOLCU TAÞIMACILIÐI;Açýlýþ hareketi;              75006,51000;               2274,08000;              75006,51000;                  0,00000;                  0,00000;                  0,00000;                  0,00000;
770.002.016;YOLCU TAÞIMACILIÐI;Açýlýþ hareketi;               1597,41000;                 48,43000;               1597,41000;                  0,00000;                  0,00000;                  0,00000;                  0,00000;
770.002.018;YOLCU TAÞIMACILIÐI;Açýlýþ hareketi;                416,67000;                 12,63000;                416,67000;                  0,00000;                  0,00000;                  0,00000;                  0,00000;
770.002.022;ERZURUM AVM;Açýlýþ hareketi;              41550,00000;               1259,73000;              41550,00000;                  0,00000;                  0,00000;                  0,00000;                  0,00000;
770.002.022;YOLCU TAÞIMACILIÐI;Açýlýþ hareketi;              25760,00000;                781,00000;              25760,00000;                  0,00000;                  0,00000;                  0,00000;                  0,00000;
770.002.025;AKARYAKIT ÝSTASYONU;Açýlýþ hareketi;               8068,15000;                244,62000;               8068,15000;                  0,00000;                  0,00000;                  0,00000;                  0,00000;
770.002.025;YOLCU TAÞIMACILIÐI;Açýlýþ hareketi;              13901,53000;                421,48000;              13901,53000;                  0,00000;                  0,00000;                  0,00000;                  0,00000;
770.002.026;AKARYAKIT ÝSTASYONU;Açýlýþ hareketi;               1818,97000;                 55,15000;               1818,97000;                  0,00000;                  0,00000;                  0,00000;                  0,00000;
770.002.027;AKARYAKIT ÝSTASYONU;Açýlýþ hareketi;                297,62000;                  9,02000;                297,62000;                  0,00000;                  0,00000;                  0,00000;                  0,00000;
770.002.027;YOLCU TAÞIMACILIÐI;Açýlýþ hareketi;              25275,11000;                766,26000;              25275,11000;                  0,00000;                  0,00000;                  0,00000;                  0,00000;
770.002.028;AKARYAKIT ÝSTASYONU;Açýlýþ hareketi;              13871,42000;                420,57000;              13871,42000;                  0,00000;                  0,00000;                  0,00000;                  0,00000;
770.101.001;ERZURUM AVM;Açýlýþ hareketi;               1195,50000;                 36,25000;               1195,50000;                  0,00000;                  0,00000;                  0,00000;                  0,00000;
770.101.007;AKARYAKIT ÝSTASYONU;Açýlýþ hareketi;               5363,64000;                162,62000;               5363,64000;                  0,00000;                  0,00000;                  0,00000;                  0,00000;
771.106.008;;Açýlýþ hareketi;          -10194200,37000;            -309071,57167;          -10194200,37000;                  0,00000;                  0,00000;                  0,00000;                  0,00000;
780.001.001;;Açýlýþ hareketi;          -50980962,57000;           -1545659,84923;          -50980962,57000;                  0,00000;                  0,00000;                  0,00000;                  0,00000;
780.001.001;AKARYAKIT ÝSTASYONU;Açýlýþ hareketi;          120165255,20000;            3643215,07000;          120165255,20000;                  0,00000;                  0,00000;                  0,00000;                  0,00000;
780.001.001;YOLCU TAÞIMACILIÐI;Açýlýþ hareketi;           39474152,94000;            1196792,09000;           39474152,94000;                  0,00000;                  0,00000;                  0,00000;                  0,00000;
780.001.002;;Açýlýþ hareketi;                 12,80000;                  0,38808;                 12,80000;                  0,00000;                  0,00000;                  0,00000;                  0,00000;
780.001.002;AKARYAKIT ÝSTASYONU;Açýlýþ hareketi;               6304,49000;                191,20000;               6304,49000;                  0,00000;                  0,00000;                  0,00000;                  0,00000;
780.001.002;YOLCU TAÞIMACILIÐI;Açýlýþ hareketi;                841,52000;                 25,60000;                841,52000;                  0,00000;                  0,00000;                  0,00000;                  0,00000;
780.001.003;;Açýlýþ hareketi;              10399,18000;                315,29002;              10399,18000;                  0,00000;                  0,00000;                  0,00000;                  0,00000;
780.001.003;AKARYAKIT ÝSTASYONU;Açýlýþ hareketi;             169161,17000;               5128,74000;             169161,17000;                  0,00000;                  0,00000;                  0,00000;                  0,00000;
780.001.003;YOLCU TAÞIMACILIÐI;Açýlýþ hareketi;              56389,95000;               1709,66000;              56389,95000;                  0,00000;                  0,00000;                  0,00000;                  0,00000;
780.001.004;;Açýlýþ hareketi;               8829,76000;                267,68850;               8829,76000;                  0,00000;                  0,00000;                  0,00000;                  0,00000;
780.001.004;AKARYAKIT ÝSTASYONU;Açýlýþ hareketi;            2537038,63000;              76918,90000;            2537038,63000;                  0,00000;                  0,00000;                  0,00000;                  0,00000;
780.001.004;YOLCU TAÞIMACILIÐI;Açýlýþ hareketi;            1827468,60000;              55405,87000;            1827468,60000;                  0,00000;                  0,00000;                  0,00000;                  0,00000;
780.050.005;;Açýlýþ hareketi;          -66404666,14000;           -2013281,45274;          -66404666,14000;                  0,00000;                  0,00000;                  0,00000;                  0,00000;
780.050.005;AKARYAKIT ÝSTASYONU;Açýlýþ hareketi;               2425,68000;                 73,54000;               2425,68000;                  0,00000;                  0,00000;                  0,00000;                  0,00000;
780.050.005;ERZURUM AVM;Açýlýþ hareketi;           86758433,10000;            2630374,56000;           86758433,10000;                  0,00000;                  0,00000;                  0,00000;                  0,00000;
780.050.005;YOLCU TAÞIMACILIÐI;Açýlýþ hareketi;                686,59000;                 20,81000;                686,59000;                  0,00000;                  0,00000;                  0,00000;                  0,00000;
781.001.001;;Açýlýþ hareketi;         -133631770,90000;           -4051497,90652;         -133631770,90000;                  0,00000;                  0,00000;                  0,00000;                  0,00000;
